Student_ID,Study,Rank_study_group,Age_group,GPA_old_group,Rank_grade_major,Rank_grade_business,Rank_grade_computer,Rank_grade_finance,Rank_grade_total,Major
1,BANGKOK,VOCATIONAL_EDU,<=20,Normal,Good,Good,Bad,Good,Bad,computer
2,BANGKOK,VOCATIONAL_EDU,26-30,Normal,Good,Good,Good,Bad,Good,marketing
3,UPCOUNTRY,VOCATIONAL_EDU,21-25,Good,Good,Good,Bad,Bad,Good,management
4,UPCOUNTRY,GENERAL_EDU,<=20,Bad,Bad,Bad,Good,Good,Bad,management
5,UPCOUNTRY,VOCATIONAL_EDU,21-25,Bad,Good,Good,Good,Good,Bad,computer
6,NA,GENERAL_EDU,26-30,Bad,Bad,Good,Good,Good,Good,management
7,NA,GENERAL_EDU,26-30,Good,Good,Bad,Bad,Good,Bad,computer
8,UPCOUNTRY,VOCATIONAL_EDU,21-25,Bad,Good,Good,Good,Bad,Bad,hotel
9,NA,GENERAL_EDU,26-30,Normal,Bad,Bad,Bad,Good,Good,hotel
10,NA,VOCATIONAL_EDU,<=20,Normal,Good,Bad,Bad,Good,Good,hotel
11,NA,VOCATIONAL_EDU,<=20,Normal,Bad,Bad,Bad,Bad,Bad,management
12,NA,GENERAL_EDU,26-30,Good,Good,Good,Bad,Good,Bad,computer
13,NA,GENERAL_EDU,21-25,Good,Bad,Bad,Good,Bad,Good,hotel
14,BANGKOK,GENERAL_EDU,21-25,Good,Bad,Good,Bad,Bad,Bad,computer
15,NA,GENERAL_EDU,<=20,Good,Bad,Bad,Good,Bad,Bad,management
16,UPCOUNTRY,VOCATIONAL_EDU,26-30,Normal,Good,Bad,Good,Good,Bad,computer
17,NA,GENERAL_EDU,21-25,Bad,Good,Bad,Good,Good,Bad,computer
18,NA,GENERAL_EDU,<=20,Normal,Good,Bad,Bad,Good,Bad,computer
19,UPCOUNTRY,GENERAL_EDU,26-30,Bad,Good,Bad,Bad,Good,Good,hotel
20,UPCOUNTRY,GENERAL_EDU,26-30,Good,Good,Bad,Bad,Good,Good,hotel
21,NA,VOCATIONAL_EDU,26-30,Bad,Bad,Bad,Good,Bad,Good,hotel
22,NA,VOCATIONAL_EDU,26-30,Good,Bad,Good,Bad,Bad,Bad,computer
23,BANGKOK,VOCATIONAL_EDU,<=20,Normal,Bad,Good,Good,Bad,Good,hotel
24,BANGKOK,VOCATIONAL_EDU,<=20,Bad,Bad,Good,Good,Good,Good,hotel
25,BANGKOK,VOCATIONAL_EDU,21-25,Bad,Good,Good,Bad,Bad,Bad,computer
26,BANGKOK,GENERAL_EDU,26-30,Good,Bad,Bad,Bad,Good,Bad,management
27,UPCOUNTRY,VOCATIONAL_EDU,<=20,Good,Good,Bad,Bad,Bad,Good,hotel
28,UPCOUNTRY,VOCATIONAL_EDU,21-25,Normal,Bad,Good,Good,Good,Bad,computer
29,BANGKOK,GENERAL_EDU,26-30,Normal,Bad,Good,Bad,Good,Good,hotel
30,NA,VOCATIONAL_EDU,26-30,Normal,Bad,Good,Good,Bad,Good,hotel
31,UPCOUNTRY,VOCATIONAL_EDU,21-25,Good,Bad,Good,Bad,Good,Good,hotel
32,UPCOUNTRY,GENERAL_EDU,21-25,Normal,Good,Good,Bad,Bad,Bad,computer
33,UPCOUNTRY,VOCATIONAL_EDU,<=20,Good,Good,Bad,Bad,Bad,Good,hotel
34,UPCOUNTRY,VOCATIONAL_EDU,21-25,Bad,Good,Good,Good,Bad,Bad,computer
35,NA,GENERAL_EDU,26-30,Bad,Bad,Good,Bad,Bad,Bad,computer
36,NA,VOCATIONAL_EDU,26-30,Bad,Good,Good,Good,Bad,Bad,computer
37,NA,GENERAL_EDU,26-30,Good,Bad,Good,Good,Bad,Good,hotel
38,UPCOUNTRY,VOCATIONAL_EDU,<=20,Good,Good,Good,Good,Bad,Bad,computer
39,BANGKOK,VOCATIONAL_EDU,<=20,Good,Good,Good,Good,Bad,Good,marketing
40,UPCOUNTRY,VOCATIONAL_EDU,26-30,Good,Bad,Good,Good,Bad,Good,hotel
41,UPCOUNTRY,GENERAL_EDU,21-25,Good,Good,Bad,Good,Good,Good,hotel
42,UPCOUNTRY,VOCATIONAL_EDU,21-25,Good,Bad,Bad,Bad,Good,Good,hotel
43,UPCOUNTRY,GENERAL_EDU,<=20,Good,Bad,Bad,Bad,Good,Bad,management
44,NA,VOCATIONAL_EDU,26-30,Good,Bad,Good,Good,Bad,Good,hotel
45,UPCOUNTRY,VOCATIONAL_EDU,<=20,Bad,Bad,Good,Bad,Good,Good,hotel
46,BANGKOK,VOCATIONAL_EDU,<=20,Normal,Good,Bad,Bad,Good,Bad,computer
47,UPCOUNTRY,GENERAL_EDU,26-30,Bad,Good,Bad,Good,Good,Good,hotel
48,BANGKOK,GENERAL_EDU,26-30,Good,Good,Good,Bad,Bad,Good,marketing
49,BANGKOK,GENERAL_EDU,26-30,Bad,Good,Good,Bad,Good,Bad,computer
50,NA,GENERAL_EDU,26-30,Bad,Bad,Good,Good,Bad,Good,hotel
51,BANGKOK,GENERAL_EDU,26-30,Bad,Bad,Good,Bad,Bad,Bad,computer
52,NA,VOCATIONAL_EDU,21-25,Good,Good,Bad,Bad,Good,Bad,computer
53,NA,GENERAL_EDU,26-30,Bad,Good,Bad,Bad,Bad,Good,hotel
54,NA,GENERAL_EDU,26-30,Good,Good,Bad,Bad,Good,Bad,computer
55,NA,GENERAL_EDU,21-25,Good,Good,Bad,Bad,Good,Good,hotel
56,BANGKOK,GENERAL_EDU,21-25,Bad,Good,Good,Bad,Good,Bad,computer
57,BANGKOK,GENERAL_EDU,26-30,Good,Bad,Bad,Good,Good,Good,hotel
58,NA,VOCATIONAL_EDU,21-25,Good,Good,Bad,Bad,Good,Bad,computer
59,UPCOUNTRY,GENERAL_EDU,<=20,Bad,Good,Good,Bad,Good,Good,marketing
60,BANGKOK,VOCATIONAL_EDU,26-30,Bad,Good,Good,Good,Bad,Bad,computer
61,BANGKOK,GENERAL_EDU,<=20,Bad,Bad,Good,Good,Bad,Good,hotel
62,UPCOUNTRY,GENERAL_EDU,<=20,Normal,Good,Bad,Bad,Bad,Bad,management
63,BANGKOK,VOCATIONAL_EDU,26-30,Bad,Good,Good,Good,Good,Bad,computer
64,BANGKOK,VOCATIONAL_EDU,26-30,Normal,Good,Bad,Bad,Good,Good,hotel
65,NA,GENERAL_EDU,21-25,Good,Bad,Good,Bad,Good,Bad,hotel
66,NA,VOCATIONAL_EDU,<=20,Good,Good,Good,Bad,Good,Bad,computer
67,UPCOUNTRY,VOCATIONAL_EDU,21-25,Bad,Good,Bad,Bad,Bad,Bad,computer
68,UPCOUNTRY,VOCATIONAL_EDU,<=20,Normal,Good,Bad,Bad,Bad,Bad,hotel
69,BANGKOK,VOCATIONAL_EDU,26-30,Bad,Bad,Bad,Good,Good,Bad,management
70,UPCOUNTRY,GENERAL_EDU,21-25,Good,Bad,Bad,Bad,Bad,Good,management
71,BANGKOK,VOCATIONAL_EDU,26-30,Normal,Good,Good,Bad,Good,Bad,computer
72,UPCOUNTRY,VOCATIONAL_EDU,<=20,Bad,Bad,Bad,Bad,Bad,Bad,management
73,UPCOUNTRY,VOCATIONAL_EDU,26-30,Good,Bad,Bad,Bad,Good,Bad,management
74,NA,VOCATIONAL_EDU,<=20,Bad,Bad,Good,Bad,Bad,Bad,hotel
75,UPCOUNTRY,GENERAL_EDU,21-25,Good,Bad,Bad,Bad,Bad,Good,hotel
76,UPCOUNTRY,GENERAL_EDU,21-25,Normal,Bad,Good,Good,Bad,Good,management
77,UPCOUNTRY,VOCATIONAL_EDU,26-30,Normal,Good,Bad,Bad,Bad,Good,computer
78,NA,VOCATIONAL_EDU,<=20,Bad,Good,Bad,Bad,Bad,Good,hotel
79,BANGKOK,VOCATIONAL_EDU,<=20,Normal,Good,Good,Good,Good,Good,hotel
80,BANGKOK,GENERAL_EDU,<=20,Bad,Bad,Good,Good,Good,Bad,computer
81,NA,VOCATIONAL_EDU,21-25,Bad,Bad,Bad,Good,Bad,Bad,management
82,BANGKOK,VOCATIONAL_EDU,26-30,Bad,Good,Good,Good,Bad,Bad,computer
83,NA,GENERAL_EDU,26-30,Good,Bad,Good,Good,Bad,Good,hotel
84,BANGKOK,VOCATIONAL_EDU,21-25,Bad,Bad,Good,Bad,Good,Bad,management
85,UPCOUNTRY,VOCATIONAL_EDU,26-30,Normal,Good,Bad,Bad,Bad,Good,hotel
86,UPCOUNTRY,VOCATIONAL_EDU,21-25,Good,Good,Good,Bad,Good,Good,marketing
87,UPCOUNTRY,VOCATIONAL_EDU,21-25,Normal,Bad,Bad,Good,Bad,Good,hotel
88,BANGKOK,GENERAL_EDU,21-25,Normal,Good,Bad,Good,Good,Good,hotel
89,NA,VOCATIONAL_EDU,26-30,Bad,Good,Good,Bad,Good,Bad,computer
90,NA,GENERAL_EDU,<=20,Bad,Bad,Bad,Good,Good,Good,hotel
91,BANGKOK,GENERAL_EDU,<=20,Good,Bad,Good,Good,Bad,Good,hotel
92,NA,GENERAL_EDU,26-30,Good,Good,Good,Good,Bad,Good,computer
93,BANGKOK,VOCATIONAL_EDU,21-25,Bad,Good,Good,Bad,Bad,Good,marketing
94,UPCOUNTRY,GENERAL_EDU,21-25,Normal,Bad,Good,Good,Good,Bad,computer
95,BANGKOK,GENERAL_EDU,21-25,Normal,Good,Bad,Bad,Bad,Bad,computer
96,BANGKOK,VOCATIONAL_EDU,21-25,Normal,Bad,Bad,Bad,Bad,Bad,management
97,NA,GENERAL_EDU,21-25,Normal,Good,Good,Bad,Bad,Good,marketing
98,NA,GENERAL_EDU,21-25,Good,Bad,Bad,Bad,Bad,Good,hotel
99,BANGKOK,GENERAL_EDU,21-25,Bad,Bad,Good,Good,Bad,Good,management
100,UPCOUNTRY,GENERAL_EDU,21-25,Normal,Bad,Good,Bad,Good,Bad,computer
101,NA,VOCATIONAL_EDU,<=20,Bad,Good,Bad,Bad,Bad,Bad,computer
102,NA,VOCATIONAL_EDU,<=20,Normal,Bad,Good,Bad,Bad,Bad,computer
103,NA,VOCATIONAL_EDU,21-25,Bad,Bad,Good,Good,Good,Bad,computer
104,NA,GENERAL_EDU,21-25,Normal,Good,Good,Good,Good,Good,marketing
105,UPCOUNTRY,VOCATIONAL_EDU,21-25,Bad,Bad,Good,Good,Good,Good,marketing
106,BANGKOK,VOCATIONAL_EDU,<=20,Bad,Bad,Good,Good,Bad,Bad,computer
107,NA,GENERAL_EDU,<=20,Bad,Bad,Good,Good,Good,Good,hotel
108,UPCOUNTRY,VOCATIONAL_EDU,21-25,Normal,Bad,Bad,Bad,Good,Good,hotel
109,BANGKOK,VOCATIONAL_EDU,21-25,Good,Good,Good,Good,Bad,Good,marketing
110,BANGKOK,GENERAL_EDU,<=20,Good,Bad,Good,Good,Good,Good,management
111,BANGKOK,GENERAL_EDU,<=20,Good,Good,Good,Bad,Good,Bad,computer
112,BANGKOK,VOCATIONAL_EDU,<=20,Bad,Good,Good,Good,Good,Bad,computer
113,UPCOUNTRY,VOCATIONAL_EDU,21-25,Bad,Bad,Bad,Good,Good,Bad,management
114,BANGKOK,VOCATIONAL_EDU,<=20,Bad,Good,Bad,Good,Bad,Bad,computer
115,UPCOUNTRY,GENERAL_EDU,26-30,Normal,Good,Bad,Bad,Good,Bad,computer
116,BANGKOK,GENERAL_EDU,<=20,Bad,Bad,Good,Good,Bad,Good,hotel
117,NA,GENERAL_EDU,26-30,Good,Good,Bad,Bad,Bad,Good,hotel
118,BANGKOK,VOCATIONAL_EDU,21-25,Bad,Bad,Good,Bad,Good,Good,hotel
119,NA,VOCATIONAL_EDU,26-30,Good,Bad,Bad,Bad,Bad,Bad,management
120,BANGKOK,VOCATIONAL_EDU,26-30,Normal,Bad,Good,Good,Good,Good,management
121,BANGKOK,VOCATIONAL_EDU,26-30,Good,Bad,Good,Bad,Good,Good,hotel
122,BANGKOK,GENERAL_EDU,<=20,Bad,Bad,Bad,Good,Bad,Good,hotel
123,UPCOUNTRY,VOCATIONAL_EDU,<=20,Bad,Good,Bad,Good,Good,Bad,computer
124,NA,GENERAL_EDU,21-25,Normal,Good,Good,Bad,Bad,Bad,management
125,BANGKOK,GENERAL_EDU,21-25,Bad,Good,Bad,Good,Good,Bad,computer
126,BANGKOK,GENERAL_EDU,26-30,Normal,Good,Bad,Bad,Bad,Bad,computer
127,BANGKOK,VOCATIONAL_EDU,21-25,Bad,Good,Good,Good,Good,Bad,management
128,BANGKOK,GENERAL_EDU,21-25,Normal,Bad,Bad,Good,Good,Bad,management
129,BANGKOK,VOCATIONAL_EDU,26-30,Normal,Good,Good,Bad,Bad,Bad,computer
130,BANGKOK,VOCATIONAL_EDU,<=20,Bad,Bad,Good,Good,Bad,Bad,computer
131,UPCOUNTRY,VOCATIONAL_EDU,26-30,Good,Good,Bad,Good,Bad,Good,hotel
132,NA,VOCATIONAL_EDU,<=20,Bad,Bad,Bad,Good,Bad,Bad,hotel
133,NA,GENERAL_EDU,26-30,Bad,Bad,Good,Good,Bad,Bad,computer
134,UPCOUNTRY,GENERAL_EDU,26-30,Bad,Good,Bad,Bad,Good,Good,hotel
135,NA,VOCATIONAL_EDU,26-30,Good,Good,Good,Good,Bad,Bad,marketing
136,UPCOUNTRY,GENERAL_EDU,<=20,Normal,Bad,Good,Bad,Bad,Bad,computer
137,NA,VOCATIONAL_EDU,26-30,Normal,Bad,Good,Bad,Good,Bad,computer
138,UPCOUNTRY,GENERAL_EDU,26-30,Bad,Bad,Good,Bad,Bad,Bad,computer
139,BANGKOK,VOCATIONAL_EDU,21-25,Bad,Good,Bad,Good,Bad,Good,hotel
140,BANGKOK,VOCATIONAL_EDU,21-25,Normal,Bad,Bad,Bad,Bad,Bad,management
141,BANGKOK,VOCATIONAL_EDU,<=20,Bad,Bad,Bad,Good,Bad,Good,hotel
142,BANGKOK,VOCATIONAL_EDU,21-25,Bad,Bad,Good,Good,Bad,Good,hotel
143,NA,GENERAL_EDU,21-25,Good,Bad,Good,Good,Good,Good,hotel
144,BANGKOK,VOCATIONAL_EDU,26-30,Bad,Bad,Good,Good,Bad,Bad,management
145,UPCOUNTRY,GENERAL_EDU,26-30,Normal,Good,Bad,Good,Good,Good,computer
146,BANGKOK,VOCATIONAL_EDU,<=20,Bad,Good,Good,Bad,Bad,Bad,computer
147,NA,VOCATIONAL_EDU,26-30,Bad,Good,Good,Good,Bad,Good,marketing
148,BANGKOK,VOCATIONAL_EDU,<=20,Normal,Bad,Good,Bad,Bad,Bad,computer
149,BANGKOK,VOCATIONAL_EDU,<=20,Bad,Bad,Bad,Bad,Good,Bad,management
150,UPCOUNTRY,VOCATIONAL_EDU,21-25,Good,Good,Bad,Good,Good,Bad,computer
151,BANGKOK,GENERAL_EDU,26-30,Bad,Bad,Good,Bad,Bad,Good,hotel
152,UPCOUNTRY,VOCATIONAL_EDU,21-25,Bad,Good,Bad,Bad,Bad,Bad,computer
153,BANGKOK,GENERAL_EDU,26-30,Bad,Bad,Bad,Good,Bad,Good,hotel
154,UPCOUNTRY,VOCATIONAL_EDU,26-30,Bad,Bad,Good,Bad,Good,Good,hotel
155,NA,GENERAL_EDU,26-30,Bad,Bad,Good,Bad,Bad,Good,hotel
156,NA,GENERAL_EDU,<=20,Normal,Bad,Bad,Good,Good,Bad,management
157,BANGKOK,VOCATIONAL_EDU,<=20,Bad,Good,Good,Good,Bad,Good,marketing
158,UPCOUNTRY,VOCATIONAL_EDU,<=20,Normal,Bad,Good,Good,Bad,Good,hotel
159,UPCOUNTRY,VOCATIONAL_EDU,21-25,Bad,Bad,Bad,Good,Bad,Bad,management
160,NA,GENERAL_EDU,<=20,Good,Good,Bad,Bad,Good,Good,hotel
161,NA,GENERAL_EDU,21-25,Normal,Bad,Bad,Good,Bad,Bad,management
162,NA,GENERAL_EDU,21-25,Normal,Bad,Bad,Good,Good,Good,hotel
163,BANGKOK,VOCATIONAL_EDU,21-25,Bad,Good,Good,Good,Good,Bad,computer
164,NA,GENERAL_EDU,<=20,Good,Bad,Good,Good,Bad,Good,hotel
165,BANGKOK,GENERAL_EDU,<=20,Normal,Good,Good,Good,Good,Bad,computer
166,BANGKOK,GENERAL_EDU,26-30,Normal,Good,Bad,Good,Good,Bad,computer
167,NA,GENERAL_EDU,26-30,Bad,Bad,Bad,Good,Good,Good,hotel
168,UPCOUNTRY,VOCATIONAL_EDU,21-25,Normal,Bad,Bad,Good,Bad,Bad,management
169,UPCOUNTRY,GENERAL_EDU,26-30,Bad,Good,Bad,Bad,Good,Bad,computer
170,NA,VOCATIONAL_EDU,<=20,Normal,Bad,Good,Good,Bad,Good,marketing
171,UPCOUNTRY,GENERAL_EDU,26-30,Normal,Good,Good,Good,Good,Good,marketing
172,UPCOUNTRY,GENERAL_EDU,21-25,Normal,Bad,Good,Good,Bad,Good,hotel
173,UPCOUNTRY,VOCATIONAL_EDU,21-25,Bad,Bad,Good,Good,Good,Bad,computer
174,NA,GENERAL_EDU,26-30,Normal,Bad,Good,Bad,Bad,Good,hotel
175,BANGKOK,VOCATIONAL_EDU,26-30,Bad,Good,Bad,Good,Bad,Bad,computer
176,UPCOUNTRY,VOCATIONAL_EDU,<=20,Normal,Good,Bad,Good,Bad,Bad,computer
177,BANGKOK,GENERAL_EDU,<=20,Good,Good,Bad,Bad,Bad,Bad,marketing
178,BANGKOK,VOCATIONAL_EDU,21-25,Good,Bad,Good,Bad,Good,Good,hotel
179,BANGKOK,GENERAL_EDU,<=20,Normal,Good,Good,Good,Bad,Good,marketing
180,UPCOUNTRY,GENERAL_EDU,21-25,Normal,Good,Good,Bad,Bad,Good,marketing
181,NA,VOCATIONAL_EDU,21-25,Normal,Bad,Bad,Good,Bad,Good,hotel
182,UPCOUNTRY,GENERAL_EDU,26-30,Normal,Good,Good,Good,Good,Bad,computer
183,UPCOUNTRY,VOCATIONAL_EDU,<=20,Bad,Good,Bad,Good,Bad,Bad,computer
184,UPCOUNTRY,GENERAL_EDU,21-25,Normal,Good,Good,Bad,Good,Bad,computer
185,UPCOUNTRY,GENERAL_EDU,<=20,Good,Bad,Good,Good,Bad,Good,hotel
186,BANGKOK,GENERAL_EDU,<=20,Normal,Bad,Good,Good,Bad,Good,management
187,NA,GENERAL_EDU,<=20,Bad,Good,Bad,Good,Bad,Bad,computer
188,BANGKOK,VOCATIONAL_EDU,21-25,Bad,Good,Bad,Good,Good,Good,marketing
189,NA,GENERAL_EDU,<=20,Bad,Good,Good,Bad,Bad,Bad,marketing
190,NA,GENERAL_EDU,<=20,Bad,Bad,Bad,Good,Bad,Good,hotel
191,BANGKOK,GENERAL_EDU,26-30,Bad,Bad,Good,Bad,Bad,Bad,computer
192,BANGKOK,VOCATIONAL_EDU,26-30,Bad,Good,Bad,Bad,Good,Bad,computer
193,BANGKOK,VOCATIONAL_EDU,<=20,Normal,Good,Bad,Bad,Good,Bad,management
194,NA,VOCATIONAL_EDU,26-30,Good,Bad,Good,Bad,Bad,Good,hotel
195,UPCOUNTRY,GENERAL_EDU,<=20,Bad,Bad,Good,Bad,Bad,Bad,computer
196,UPCOUNTRY,VOCATIONAL_EDU,<=20,Good,Bad,Bad,Good,Good,Bad,management
197,UPCOUNTRY,VOCATIONAL_EDU,26-30,Normal,Good,Bad,Good,Good,Good,hotel
198,BANGKOK,VOCATIONAL_EDU,21-25,Good,Bad,Good,Bad,Bad,Bad,computer
199,NA,GENERAL_EDU,26-30,Normal,Bad,Good,Bad,Good,Bad,computer
200,BANGKOK,VOCATIONAL_EDU,21-25,Good,Bad,Bad,Bad,Bad,Bad,management
201,BANGKOK,GENERAL_EDU,26-30,Bad,Good,Good,Bad,Good,Good,marketing
202,NA,VOCATIONAL_EDU,<=20,Bad,Good,Bad,Bad,Bad,Good,hotel
203,BANGKOK,GENERAL_EDU,21-25,Bad,Bad,Good,Bad,Good,Good,hotel
204,NA,GENERAL_EDU,26-30,Good,Good,Good,Bad,Bad,Bad,computer
205,NA,VOCATIONAL_EDU,<=20,Normal,Good,Good,Good,Bad,Good,marketing
206,UPCOUNTRY,GENERAL_EDU,26-30,Normal,Bad,Good,Bad,Bad,Bad,computer
207,UPCOUNTRY,GENERAL_EDU,26-30,Bad,Good,Bad,Bad,Good,Good,hotel
208,BANGKOK,GENERAL_EDU,21-25,Normal,Good,Bad,Bad,Good,Good,hotel
209,NA,GENERAL_EDU,26-30,Normal,Good,Bad,Bad,Good,Bad,computer
210,UPCOUNTRY,GENERAL_EDU,21-25,Bad,Good,Good,Good,Good,Good,marketing
211,UPCOUNTRY,GENERAL_EDU,<=20,Bad,Bad,Bad,Good,Good,Bad,management
212,BANGKOK,VOCATIONAL_EDU,26-30,Bad,Bad,Bad,Good,Bad,Good,hotel
213,BANGKOK,GENERAL_EDU,<=20,Normal,Good,Good,Bad,Bad,Good,marketing
214,BANGKOK,VOCATIONAL_EDU,<=20,Bad,Good,Good,Bad,Bad,Good,marketing
215,UPCOUNTRY,GENERAL_EDU,26-30,Good,Good,Bad,Good,Bad,Bad,computer
216,BANGKOK,GENERAL_EDU,26-30,Normal,Good,Bad,Bad,Bad,Good,marketing
217,UPCOUNTRY,GENERAL_EDU,21-25,Bad,Bad,Bad,Good,Bad,Bad,management
218,BANGKOK,GENERAL_EDU,<=20,Good,Good,Good,Good,Good,Good,marketing
219,NA,VOCATIONAL_EDU,26-30,Normal,Good,Bad,Bad,Bad,Good,hotel
220,NA,GENERAL_EDU,<=20,Normal,Bad,Bad,Good,Bad,Bad,management
221,UPCOUNTRY,GENERAL_EDU,21-25,Good,Bad,Good,Good,Good,Bad,computer
222,NA,GENERAL_EDU,26-30,Bad,Good,Bad,Bad,Good,Good,hotel
223,UPCOUNTRY,VOCATIONAL_EDU,<=20,Good,Good,Bad,Good,Bad,Bad,management
224,NA,GENERAL_EDU,21-25,Good,Good,Bad,Good,Good,Good,hotel
225,UPCOUNTRY,VOCATIONAL_EDU,<=20,Normal,Bad,Bad,Good,Bad,Good,hotel
226,UPCOUNTRY,VOCATIONAL_EDU,<=20,Bad,Bad,Bad,Bad,Bad,Bad,management
227,BANGKOK,VOCATIONAL_EDU,<=20,Good,Bad,Good,Bad,Good,Good,hotel
228,UPCOUNTRY,GENERAL_EDU,21-25,Bad,Good,Good,Good,Good,Good,marketing
229,BANGKOK,GENERAL_EDU,21-25,Bad,Good,Good,Good,Bad,Bad,hotel
230,BANGKOK,GENERAL_EDU,26-30,Bad,Bad,Good,Good,Good,Good,hotel
231,BANGKOK,GENERAL_EDU,21-25,Normal,Good,Bad,Bad,Good,Bad,computer
232,NA,GENERAL_EDU,<=20,Good,Bad,Bad,Bad,Good,Good,hotel
233,BANGKOK,VOCATIONAL_EDU,21-25,Bad,Good,Good,Good,Good,Good,marketing
234,UPCOUNTRY,GENERAL_EDU,26-30,Bad,Bad,Good,Bad,Good,Good,hotel
235,NA,VOCATIONAL_EDU,<=20,Bad,Bad,Good,Bad,Good,Bad,computer
236,BANGKOK,GENERAL_EDU,<=20,Normal,Bad,Good,Bad,Good,Bad,computer
237,UPCOUNTRY,GENERAL_EDU,21-25,Bad,Good,Bad,Good,Bad,Bad,computer
238,UPCOUNTRY,VOCATIONAL_EDU,21-25,Good,Bad,Good,Good,Bad,Good,hotel
239,UPCOUNTRY,VOCATIONAL_EDU,<=20,Bad,Bad,Bad,Bad,Good,Good,hotel
240,BANGKOK,VOCATIONAL_EDU,26-30,Normal,Bad,Good,Good,Bad,Good,hotel
241,UPCOUNTRY,VOCATIONAL_EDU,<=20,Bad,Bad,Good,Good,Good,Bad,computer
242,UPCOUNTRY,GENERAL_EDU,26-30,Normal,Bad,Good,Bad,Bad,Bad,computer
243,BANGKOK,GENERAL_EDU,21-25,Bad,Bad,Bad,Bad,Good,Bad,management
244,UPCOUNTRY,VOCATIONAL_EDU,21-25,Normal,Bad,Good,Bad,Bad,Good,hotel
245,UPCOUNTRY,VOCATIONAL_EDU,<=20,Bad,Bad,Bad,Bad,Bad,Good,hotel
246,BANGKOK,VOCATIONAL_EDU,26-30,Normal,Good,Bad,Good,Bad,Good,hotel
247,BANGKOK,GENERAL_EDU,26-30,Good,Good,Bad,Bad,Good,Good,hotel
248,UPCOUNTRY,GENERAL_EDU,<=20,Good,Bad,Good,Bad,Good,Good,hotel
249,BANGKOK,VOCATIONAL_EDU,26-30,Good,Good,Good,Good,Good,Good,marketing
250,BANGKOK,GENERAL_EDU,<=20,Bad,Bad,Good,Good,Bad,Bad,computer
251,UPCOUNTRY,GENERAL_EDU,21-25,Good,Bad,Bad,Bad,Good,Bad,management
252,BANGKOK,VOCATIONAL_EDU,21-25,Normal,Good,Bad,Bad,Bad,Good,hotel
253,NA,GENERAL_EDU,26-30,Normal,Bad,Good,Bad,Good,Bad,computer
254,NA,GENERAL_EDU,<=20,Normal,Bad,Bad,Bad,Bad,Bad,hotel
255,UPCOUNTRY,VOCATIONAL_EDU,21-25,Good,Bad,Good,Good,Good,Good,hotel
256,BANGKOK,VOCATIONAL_EDU,26-30,Normal,Good,Bad,Bad,Bad,Good,hotel
257,NA,GENERAL_EDU,21-25,Normal,Bad,Bad,Good,Good,Bad,management
258,NA,VOCATIONAL_EDU,21-25,Good,Bad,Good,Bad,Bad,Bad,management
259,BANGKOK,GENERAL_EDU,26-30,Bad,Bad,Good,Bad,Bad,Bad,computer
260,NA,GENERAL_EDU,26-30,Good,Bad,Bad,Good,Bad,Bad,management
261,UPCOUNTRY,GENERAL_EDU,26-30,Good,Good,Bad,Bad,Good,Good,hotel
262,NA,VOCATIONAL_EDU,21-25,Good,Good,Good,Good,Bad,Good,marketing
263,NA,GENERAL_EDU,21-25,Normal,Bad,Good,Bad,Bad,Bad,computer
264,NA,GENERAL_EDU,21-25,Normal,Bad,Good,Good,Bad,Good,computer
265,UPCOUNTRY,VOCATIONAL_EDU,<=20,Good,Good,Bad,Bad,Bad,Good,hotel
266,BANGKOK,VOCATIONAL_EDU,21-25,Normal,Bad,Bad,Bad,Bad,Bad,management
267,NA,VOCATIONAL_EDU,26-30,Bad,Good,Bad,Good,Bad,Good,hotel
268,UPCOUNTRY,VOCATIONAL_EDU,<=20,Good,Good,Good,Good,Good,Good,marketing
269,UPCOUNTRY,GENERAL_EDU,21-25,Good,Good,Bad,Bad,Good,Bad,computer
270,NA,GENERAL_EDU,26-30,Normal,Good,Good,Bad,Good,Bad,marketing
271,BANGKOK,VOCATIONAL_EDU,<=20,Good,Bad,Bad,Good,Bad,Good,hotel
272,NA,GENERAL_EDU,26-30,Bad,Bad,Good,Bad,Good,Good,hotel
273,BANGKOK,GENERAL_EDU,<=20,Normal,Good,Bad,Good,Bad,Good,hotel
274,UPCOUNTRY,VOCATIONAL_EDU,21-25,Normal,Bad,Bad,Bad,Good,Good,hotel
275,BANGKOK,GENERAL_EDU,<=20,Good,Good,Good,Good,Bad,Good,management
276,BANGKOK,VOCATIONAL_EDU,<=20,Good,Good,Bad,Bad,Bad,Good,hotel
277,UPCOUNTRY,GENERAL_EDU,<=20,Bad,Good,Good,Bad,Good,Good,marketing
278,BANGKOK,GENERAL_EDU,26-30,Good,Good,Good,Good,Good,Bad,computer
279,UPCOUNTRY,VOCATIONAL_EDU,21-25,Bad,Bad,Bad,Good,Bad,Bad,computer
280,NA,GENERAL_EDU,26-30,Good,Bad,Good,Bad,Bad,Bad,computer
281,UPCOUNTRY,VOCATIONAL_EDU,26-30,Normal,Good,Good,Bad,Good,Bad,computer
282,UPCOUNTRY,GENERAL_EDU,21-25,Bad,Bad,Good,Good,Bad,Bad,computer
283,NA,VOCATIONAL_EDU,21-25,Normal,Bad,Good,Bad,Bad,Good,management
284,UPCOUNTRY,VOCATIONAL_EDU,26-30,Normal,Bad,Bad,Good,Bad,Good,hotel
285,UPCOUNTRY,VOCATIONAL_EDU,26-30,Bad,Good,Good,Bad,Good,Bad,computer
286,NA,GENERAL_EDU,21-25,Normal,Good,Good,Bad,Bad,Bad,management
287,NA,VOCATIONAL_EDU,<=20,Bad,Good,Bad,Bad,Bad,Good,hotel
288,NA,VOCATIONAL_EDU,26-30,Normal,Good,Good,Bad,Good,Bad,computer
289,BANGKOK,GENERAL_EDU,21-25,Bad,Good,Good,Bad,Good,Bad,computer
290,BANGKOK,VOCATIONAL_EDU,26-30,Bad,Good,Bad,Good,Good,Good,hotel
291,UPCOUNTRY,GENERAL_EDU,21-25,Good,Good,Good,Good,Good,Bad,computer
292,UPCOUNTRY,GENERAL_EDU,<=20,Bad,Bad,Good,Good,Bad,Bad,management
293,NA,VOCATIONAL_EDU,<=20,Good,Bad,Good,Bad,Good,Good,hotel
294,UPCOUNTRY,VOCATIONAL_EDU,<=20,Bad,Good,Good,Good,Bad,Bad,computer
295,NA,GENERAL_EDU,21-25,Good,Good,Bad,Good,Bad,Bad,computer
296,BANGKOK,GENERAL_EDU,26-30,Bad,Bad,Good,Bad,Bad,Bad,marketing
297,UPCOUNTRY,VOCATIONAL_EDU,21-25,Normal,Good,Bad,Bad,Bad,Good,hotel
298,UPCOUNTRY,VOCATIONAL_EDU,21-25,Normal,Bad,Bad,Good,Bad,Good,hotel
299,UPCOUNTRY,GENERAL_EDU,26-30,Bad,Good,Bad,Good,Good,Good,hotel
300,BANGKOK,VOCATIONAL_EDU,26-30,Normal,Good,Bad,Bad,Bad,Good,hotel
301,UPCOUNTRY,GENERAL_EDU,26-30,Bad,Good,Bad,Good,Bad,Bad,management
302,UPCOUNTRY,GENERAL_EDU,<=20,Bad,Good,Good,Bad,Good,Bad,computer
303,UPCOUNTRY,GENERAL_EDU,21-25,Bad,Good,Good,Bad,Bad,Bad,computer
304,NA,VOCATIONAL_EDU,21-25,Normal,Bad,Good,Good,Bad,Good,hotel
305,NA,VOCATIONAL_EDU,<=20,Normal,Good,Bad,Bad,Bad,Bad,computer
306,BANGKOK,VOCATIONAL_EDU,26-30,Normal,Bad,Good,Good,Bad,Bad,computer
307,UPCOUNTRY,GENERAL_EDU,<=20,Good,Good,Good,Good,Bad,Good,marketing
308,UPCOUNTRY,VOCATIONAL_EDU,21-25,Good,Bad,Bad,Bad,Bad,Bad,management
309,BANGKOK,GENERAL_EDU,21-25,Good,Bad,Bad,Good,Bad,Good,hotel
310,BANGKOK,GENERAL_EDU,26-30,Normal,Good,Good,Bad,Bad,Bad,computer
311,UPCOUNTRY,GENERAL_EDU,21-25,Good,Bad,Good,Good,Good,Bad,computer
312,BANGKOK,GENERAL_EDU,26-30,Bad,Bad,Good,Bad,Good,Bad,computer
313,BANGKOK,VOCATIONAL_EDU,21-25,Bad,Bad,Good,Good,Bad,Bad,computer
314,NA,GENERAL_EDU,26-30,Bad,Good,Good,Bad,Good,Good,marketing
315,UPCOUNTRY,GENERAL_EDU,26-30,Bad,Good,Good,Good,Good,Good,marketing
316,NA,VOCATIONAL_EDU,21-25,Bad,Good,Bad,Good,Bad,Bad,computer
317,BANGKOK,GENERAL_EDU,26-30,Normal,Good,Bad,Good,Bad,Good,hotel
318,BANGKOK,VOCATIONAL_EDU,26-30,Normal,Good,Good,Bad,Bad,Good,management
319,UPCOUNTRY,VOCATIONAL_EDU,21-25,Normal,Bad,Good,Bad,Good,Bad,computer
320,BANGKOK,VOCATIONAL_EDU,26-30,Normal,Good,Bad,Bad,Bad,Bad,computer
321,NA,VOCATIONAL_EDU,26-30,Good,Good,Bad,Good,Bad,Bad,computer
322,BANGKOK,VOCATIONAL_EDU,<=20,Normal,Good,Bad,Bad,Bad,Bad,computer
323,NA,VOCATIONAL_EDU,26-30,Bad,Bad,Good,Good,Good,Good,hotel
324,UPCOUNTRY,GENERAL_EDU,<=20,Bad,Bad,Bad,Bad,Bad,Bad,management
325,NA,GENERAL_EDU,26-30,Bad,Good,Bad,Good,Good,Bad,hotel
326,BANGKOK,VOCATIONAL_EDU,26-30,Bad,Good,Good,Bad,Good,Good,marketing
327,UPCOUNTRY,VOCATIONAL_EDU,<=20,Good,Good,Bad,Good,Good,Good,hotel
328,BANGKOK,GENERAL_EDU,<=20,Bad,Bad,Bad,Bad,Good,Good,hotel
329,NA,VOCATIONAL_EDU,26-30,Bad,Bad,Bad,Good,Bad,Bad,management
330,BANGKOK,VOCATIONAL_EDU,<=20,Normal,Bad,Good,Bad,Bad,Good,hotel
331,BANGKOK,VOCATIONAL_EDU,<=20,Good,Good,Good,Good,Good,Bad,computer
332,NA,GENERAL_EDU,26-30,Normal,Bad,Good,Bad,Bad,Bad,computer
333,BANGKOK,GENERAL_EDU,<=20,Bad,Bad,Bad,Bad,Bad,Good,hotel
334,UPCOUNTRY,GENERAL_EDU,<=20,Bad,Good,Good,Good,Bad,Good,hotel
335,BANGKOK,GENERAL_EDU,<=20,Bad,Good,Good,Bad,Good,Bad,computer
336,NA,GENERAL_EDU,21-25,Normal,Good,Bad,Bad,Bad,Bad,computer
337,NA,VOCATIONAL_EDU,26-30,Bad,Good,Good,Bad,Good,Good,marketing
338,UPCOUNTRY,VOCATIONAL_EDU,<=20,Normal,Good,Bad,Good,Good,Good,hotel
339,UPCOUNTRY,VOCATIONAL_EDU,21-25,Bad,Bad,Bad,Bad,Bad,Bad,management
340,BANGKOK,VOCATIONAL_EDU,<=20,Good,Bad,Bad,Bad,Bad,Good,hotel
341,UPCOUNTRY,GENERAL_EDU,26-30,Normal,Bad,Good,Bad,Good,Good,hotel
342,NA,GENERAL_EDU,21-25,Bad,Bad,Bad,Bad,Bad,Bad,management
343,BANGKOK,GENERAL_EDU,<=20,Normal,Good,Bad,Bad,Bad,Good,hotel
344,NA,GENERAL_EDU,<=20,Good,Good,Good,Bad,Good,Good,marketing
345,UPCOUNTRY,GENERAL_EDU,26-30,Good,Good,Bad,Bad,Bad,Good,hotel
346,UPCOUNTRY,VOCATIONAL_EDU,<=20,Bad,Bad,Good,Bad,Bad,Good,hotel
347,UPCOUNTRY,VOCATIONAL_EDU,<=20,Bad,Bad,Good,Good,Good,Bad,computer
348,BANGKOK,GENERAL_EDU,26-30,Bad,Good,Good,Bad,Good,Bad,computer
349,BANGKOK,GENERAL_EDU,<=20,Bad,Good,Bad,Good,Good,Good,hotel
350,BANGKOK,VOCATIONAL_EDU,26-30,Normal,Good,Good,Good,Good,Bad,computer
351,NA,GENERAL_EDU,26-30,Good,Bad,Bad,Good,Bad,Good,hotel
352,UPCOUNTRY,VOCATIONAL_EDU,<=20,Normal,Bad,Bad,Good,Bad,Good,hotel
353,UPCOUNTRY,GENERAL_EDU,21-25,Normal,Bad,Bad,Bad,Bad,Good,hotel
354,NA,GENERAL_EDU,21-25,Good,Good,Good,Good,Bad,Good,marketing
355,NA,GENERAL_EDU,21-25,Good,Good,Bad,Bad,Good,Bad,computer
356,UPCOUNTRY,GENERAL_EDU,<=20,Normal,Bad,Bad,Good,Good,Good,hotel
357,BANGKOK,VOCATIONAL_EDU,21-25,Good,Good,Good,Bad,Bad,Good,marketing
358,UPCOUNTRY,VOCATIONAL_EDU,26-30,Bad,Good,Bad,Good,Good,Bad,computer
359,BANGKOK,GENERAL_EDU,26-30,Good,Bad,Good,Good,Bad,Bad,computer
360,BANGKOK,GENERAL_EDU,<=20,Good,Good,Bad,Bad,Good,Bad,computer
361,NA,GENERAL_EDU,21-25,Bad,Good,Bad,Good,Good,Good,hotel
362,NA,GENERAL_EDU,26-30,Good,Good,Good,Good,Bad,Good,marketing
363,UPCOUNTRY,GENERAL_EDU,21-25,Good,Bad,Good,Good,Good,Good,hotel
364,UPCOUNTRY,VOCATIONAL_EDU,26-30,Bad,Bad,Good,Bad,Bad,Good,hotel
365,BANGKOK,VOCATIONAL_EDU,26-30,Bad,Good,Good,Bad,Good,Good,marketing
366,UPCOUNTRY,VOCATIONAL_EDU,21-25,Normal,Good,Bad,Good,Good,Good,marketing
367,BANGKOK,VOCATIONAL_EDU,<=20,Bad,Good,Bad,Good,Good,Bad,computer
368,UPCOUNTRY,VOCATIONAL_EDU,21-25,Normal,Good,Bad,Good,Bad,Bad,computer
369,BANGKOK,VOCATIONAL_EDU,21-25,Normal,Bad,Bad,Good,Bad,Bad,management
370,BANGKOK,VOCATIONAL_EDU,21-25,Bad,Bad,Bad,Good,Good,Bad,management
371,UPCOUNTRY,VOCATIONAL_EDU,<=20,Good,Good,Bad,Good,Bad,Bad,computer
372,NA,VOCATIONAL_EDU,26-30,Good,Bad,Good,Good,Bad,Good,hotel
373,BANGKOK,VOCATIONAL_EDU,21-25,Normal,Good,Good,Good,Good,Good,marketing
374,BANGKOK,GENERAL_EDU,26-30,Normal,Bad,Bad,Bad,Good,Good,hotel
375,UPCOUNTRY,GENERAL_EDU,26-30,Good,Bad,Good,Bad,Good,Bad,computer
376,BANGKOK,GENERAL_EDU,26-30,Normal,Bad,Bad,Good,Good,Good,hotel
377,NA,GENERAL_EDU,26-30,Bad,Good,Good,Good,Bad,Good,marketing
378,NA,VOCATIONAL_EDU,26-30,Good,Bad,Bad,Bad,Good,Bad,computer
379,NA,GENERAL_EDU,<=20,Good,Bad,Bad,Good,Bad,Good,hotel
380,UPCOUNTRY,GENERAL_EDU,<=20,Bad,Good,Good,Good,Bad,Bad,computer
381,NA,GENERAL_EDU,26-30,Bad,Bad,Good,Good,Good,Bad,management
382,UPCOUNTRY,VOCATIONAL_EDU,<=20,Good,Bad,Bad,Bad,Bad,Bad,computer
383,BANGKOK,GENERAL_EDU,21-25,Good,Good,Bad,Good,Bad,Good,hotel
384,UPCOUNTRY,GENERAL_EDU,26-30,Normal,Good,Bad,Good,Good,Bad,marketing
385,UPCOUNTRY,VOCATIONAL_EDU,21-25,Normal,Bad,Good,Bad,Bad,Good,hotel
386,UPCOUNTRY,VOCATIONAL_EDU,21-25,Good,Bad,Good,Good,Good,Bad,computer
387,BANGKOK,GENERAL_EDU,21-25,Good,Good,Bad,Bad,Bad,Bad,computer
388,BANGKOK,GENERAL_EDU,<=20,Good,Bad,Bad,Bad,Good,Good,hotel
389,NA,GENERAL_EDU,21-25,Bad,Good,Good,Good,Good,Bad,computer
390,BANGKOK,VOCATIONAL_EDU,26-30,Good,Bad,Good,Bad,Bad,Good,hotel
391,UPCOUNTRY,GENERAL_EDU,<=20,Bad,Bad,Bad,Bad,Bad,Good,hotel
392,BANGKOK,VOCATIONAL_EDU,<=20,Bad,Good,Good,Good,Good,Bad,marketing
393,NA,VOCATIONAL_EDU,21-25,Normal,Bad,Bad,Good,Bad,Good,hotel
394,UPCOUNTRY,GENERAL_EDU,<=20,Good,Bad,Bad,Good,Bad,Bad,management
395,NA,VOCATIONAL_EDU,26-30,Bad,Bad,Bad,Bad,Good,Bad,management
396,BANGKOK,VOCATIONAL_EDU,21-25,Good,Good,Bad,Bad,Bad,Good,hotel
397,UPCOUNTRY,VOCATIONAL_EDU,21-25,Bad,Good,Bad,Bad,Bad,Good,hotel
398,NA,GENERAL_EDU,26-30,Normal,Bad,Good,Good,Bad,Bad,computer
399,BANGKOK,VOCATIONAL_EDU,21-25,Bad,Good,Bad,Bad,Bad,Good,hotel
400,BANGKOK,VOCATIONAL_EDU,21-25,Good,Good,Good,Bad,Bad,Good,marketing
401,BANGKOK,VOCATIONAL_EDU,26-30,Bad,Good,Bad,Bad,Good,Bad,computer
402,NA,GENERAL_EDU,21-25,Good,Good,Good,Bad,Good,Bad,computer
403,BANGKOK,GENERAL_EDU,<=20,Normal,Bad,Bad,Bad,Bad,Good,hotel
404,UPCOUNTRY,GENERAL_EDU,21-25,Bad,Good,Good,Good,Good,Bad,computer
405,NA,VOCATIONAL_EDU,<=20,Good,Bad,Bad,Bad,Bad,Good,hotel
406,UPCOUNTRY,VOCATIONAL_EDU,26-30,Normal,Good,Good,Bad,Good,Bad,computer
407,UPCOUNTRY,VOCATIONAL_EDU,<=20,Normal,Good,Good,Bad,Bad,Good,marketing
408,UPCOUNTRY,GENERAL_EDU,21-25,Good,Bad,Good,Good,Bad,Bad,management
409,BANGKOK,GENERAL_EDU,21-25,Good,Good,Good,Bad,Good,Bad,computer
410,NA,GENERAL_EDU,<=20,Good,Bad,Good,Bad,Bad,Good,hotel
411,UPCOUNTRY,GENERAL_EDU,<=20,Bad,Good,Bad,Good,Good,Bad,computer
412,BANGKOK,VOCATIONAL_EDU,<=20,Good,Good,Good,Good,Bad,Bad,computer
413,NA,VOCATIONAL_EDU,21-25,Normal,Good,Good,Bad,Good,Good,marketing
414,BANGKOK,GENERAL_EDU,21-25,Normal,Bad,Good,Good,Good,Bad,computer
415,BANGKOK,VOCATIONAL_EDU,<=20,Good,Good,Bad,Good,Bad,Bad,computer
416,NA,VOCATIONAL_EDU,<=20,Bad,Good,Good,Good,Bad,Bad,computer
417,NA,VOCATIONAL_EDU,<=20,Normal,Good,Bad,Good,Good,Good,hotel
418,BANGKOK,GENERAL_EDU,26-30,Good,Bad,Bad,Good,Bad,Good,hotel
419,BANGKOK,GENERAL_EDU,21-25,Normal,Good,Good,Good,Good,Good,hotel
420,NA,VOCATIONAL_EDU,26-30,Bad,Bad,Good,Bad,Good,Bad,computer
421,BANGKOK,GENERAL_EDU,<=20,Normal,Bad,Good,Bad,Bad,Bad,marketing
422,BANGKOK,VOCATIONAL_EDU,21-25,Bad,Good,Bad,Bad,Good,Good,hotel
423,NA,GENERAL_EDU,<=20,Good,Good,Good,Good,Good,Bad,computer
424,UPCOUNTRY,VOCATIONAL_EDU,21-25,Bad,Bad,Bad,Good,Good,Bad,management
425,UPCOUNTRY,GENERAL_EDU,<=20,Good,Bad,Bad,Bad,Bad,Good,hotel
426,UPCOUNTRY,GENERAL_EDU,21-25,Bad,Bad,Bad,Bad,Good,Bad,management
427,BANGKOK,VOCATIONAL_EDU,21-25,Normal,Bad,Bad,Good,Good,Good,hotel
428,UPCOUNTRY,GENERAL_EDU,<=20,Good,Bad,Good,Bad,Good,Good,hotel
429,NA,GENERAL_EDU,21-25,Bad,Bad,Good,Bad,Good,Bad,computer
430,UPCOUNTRY,GENERAL_EDU,26-30,Good,Bad,Good,Bad,Good,Bad,hotel
431,UPCOUNTRY,GENERAL_EDU,21-25,Bad,Good,Good,Bad,Good,Bad,computer
432,UPCOUNTRY,GENERAL_EDU,<=20,Good,Good,Good,Bad,Good,Bad,computer
433,NA,GENERAL_EDU,26-30,Normal,Bad,Good,Bad,Bad,Bad,computer
434,NA,GENERAL_EDU,26-30,Normal,Bad,Bad,Bad,Good,Good,hotel
435,UPCOUNTRY,GENERAL_EDU,<=20,Good,Good,Good,Good,Bad,Bad,computer
436,UPCOUNTRY,GENERAL_EDU,21-25,Normal,Good,Bad,Bad,Good,Bad,management
437,BANGKOK,GENERAL_EDU,<=20,Normal,Good,Good,Bad,Bad,Bad,computer
438,NA,VOCATIONAL_EDU,<=20,Good,Good,Bad,Bad,Bad,Bad,computer
439,UPCOUNTRY,GENERAL_EDU,<=20,Bad,Good,Bad,Good,Bad,Good,hotel
440,NA,VOCATIONAL_EDU,<=20,Good,Bad,Good,Good,Good,Bad,computer
441,UPCOUNTRY,VOCATIONAL_EDU,26-30,Bad,Bad,Good,Bad,Bad,Good,computer
442,UPCOUNTRY,VOCATIONAL_EDU,26-30,Normal,Good,Bad,Good,Good,Good,hotel
443,NA,GENERAL_EDU,<=20,Good,Bad,Bad,Good,Good,Bad,management
444,NA,VOCATIONAL_EDU,21-25,Normal,Bad,Bad,Good,Bad,Bad,marketing
445,BANGKOK,GENERAL_EDU,21-25,Good,Bad,Good,Good,Good,Bad,marketing
446,NA,GENERAL_EDU,<=20,Normal,Good,Bad,Bad,Good,Good,hotel
447,NA,GENERAL_EDU,26-30,Normal,Bad,Good,Good,Bad,Bad,computer
448,BANGKOK,VOCATIONAL_EDU,21-25,Bad,Bad,Good,Bad,Bad,Bad,computer
449,NA,GENERAL_EDU,26-30,Bad,Good,Good,Bad,Good,Good,marketing
450,UPCOUNTRY,GENERAL_EDU,<=20,Bad,Bad,Bad,Good,Bad,Bad,management
451,UPCOUNTRY,VOCATIONAL_EDU,26-30,Good,Bad,Good,Good,Bad,Bad,computer
452,UPCOUNTRY,VOCATIONAL_EDU,26-30,Good,Bad,Bad,Good,Bad,Bad,management
453,NA,VOCATIONAL_EDU,26-30,Good,Bad,Bad,Good,Bad,Bad,management
454,UPCOUNTRY,GENERAL_EDU,<=20,Normal,Good,Bad,Good,Good,Bad,computer
455,BANGKOK,VOCATIONAL_EDU,21-25,Normal,Good,Good,Bad,Bad,Bad,computer
456,NA,GENERAL_EDU,26-30,Normal,Bad,Bad,Good,Bad,Bad,management
457,BANGKOK,GENERAL_EDU,<=20,Good,Good,Bad,Bad,Good,Good,hotel
458,BANGKOK,VOCATIONAL_EDU,21-25,Bad,Bad,Bad,Bad,Good,Good,hotel
459,NA,VOCATIONAL_EDU,21-25,Good,Bad,Bad,Bad,Good,Good,marketing
460,UPCOUNTRY,VOCATIONAL_EDU,21-25,Normal,Bad,Bad,Bad,Good,Good,marketing
461,BANGKOK,GENERAL_EDU,21-25,Bad,Bad,Bad,Bad,Good,Bad,management
462,NA,VOCATIONAL_EDU,<=20,Normal,Bad,Bad,Good,Good,Bad,management
463,NA,GENERAL_EDU,21-25,Bad,Bad,Bad,Bad,Bad,Good,hotel
464,BANGKOK,VOCATIONAL_EDU,21-25,Normal,Bad,Good,Good,Bad,Good,hotel
465,UPCOUNTRY,GENERAL_EDU,<=20,Bad,Bad,Bad,Good,Bad,Good,hotel
466,BANGKOK,GENERAL_EDU,26-30,Good,Good,Bad,Good,Bad,Good,hotel
467,BANGKOK,GENERAL_EDU,<=20,Good,Bad,Good,Bad,Good,Good,hotel
468,NA,VOCATIONAL_EDU,<=20,Bad,Bad,Bad,Good,Good,Good,hotel
469,BANGKOK,GENERAL_EDU,21-25,Normal,Good,Bad,Bad,Bad,Bad,computer
470,UPCOUNTRY,VOCATIONAL_EDU,<=20,Normal,Bad,Bad,Good,Good,Bad,management
471,NA,VOCATIONAL_EDU,<=20,Bad,Bad,Good,Bad,Bad,Bad,computer
472,BANGKOK,VOCATIONAL_EDU,26-30,Good,Good,Bad,Good,Good,Good,computer
473,BANGKOK,VOCATIONAL_EDU,26-30,Bad,Good,Good,Bad,Bad,Good,marketing
474,NA,GENERAL_EDU,26-30,Bad,Good,Good,Bad,Good,Bad,computer
475,UPCOUNTRY,GENERAL_EDU,21-25,Normal,Bad,Good,Good,Good,Bad,computer
476,NA,GENERAL_EDU,21-25,Good,Bad,Bad,Bad,Bad,Bad,management
477,UPCOUNTRY,VOCATIONAL_EDU,26-30,Bad,Bad,Good,Good,Bad,Bad,computer
478,UPCOUNTRY,VOCATIONAL_EDU,21-25,Normal,Good,Bad,Bad,Bad,Bad,computer
479,BANGKOK,VOCATIONAL_EDU,<=20,Good,Good,Bad,Good,Bad,Bad,management
480,BANGKOK,VOCATIONAL_EDU,26-30,Bad,Good,Good,Good,Bad,Good,management
481,UPCOUNTRY,VOCATIONAL_EDU,21-25,Good,Bad,Good,Bad,Bad,Good,hotel
482,BANGKOK,VOCATIONAL_EDU,21-25,Normal,Bad,Good,Bad,Bad,Bad,computer
483,NA,GENERAL_EDU,26-30,Normal,Good,Good,Good,Good,Bad,computer
484,UPCOUNTRY,VOCATIONAL_EDU,21-25,Bad,Bad,Good,Good,Good,Good,hotel
485,BANGKOK,GENERAL_EDU,21-25,Good,Good,Good,Good,Bad,Good,marketing
486,UPCOUNTRY,VOCATIONAL_EDU,<=20,Good,Bad,Bad,Good,Bad,Bad,management
487,BANGKOK,VOCATIONAL_EDU,26-30,Normal,Good,Bad,Good,Bad,Bad,computer
488,BANGKOK,VOCATIONAL_EDU,<=20,Good,Bad,Bad,Bad,Good,Good,hotel
489,BANGKOK,GENERAL_EDU,21-25,Normal,Bad,Good,Good,Good,Good,hotel
490,NA,GENERAL_EDU,26-30,Normal,Bad,Bad,Good,Bad,Bad,management
491,UPCOUNTRY,GENERAL_EDU,26-30,Normal,Bad,Good,Bad,Bad,Good,hotel
492,BANGKOK,VOCATIONAL_EDU,<=20,Good,Good,Good,Good,Good,Good,marketing
493,NA,VOCATIONAL_EDU,21-25,Good,Bad,Bad,Good,Good,Bad,management
494,UPCOUNTRY,GENERAL_EDU,26-30,Good,Good,Good,Good,Good,Good,marketing
495,NA,GENERAL_EDU,26-30,Good,Bad,Good,Bad,Good,Bad,computer
496,BANGKOK,VOCATIONAL_EDU,21-25,Normal,Bad,Bad,Bad,Good,Bad,hotel
497,UPCOUNTRY,GENERAL_EDU,21-25,Bad,Good,Good,Bad,Bad,Good,marketing
498,BANGKOK,VOCATIONAL_EDU,<=20,Bad,Bad,Good,Good,Good,Good,hotel
499,UPCOUNTRY,GENERAL_EDU,<=20,Bad,Bad,Good,Good,Good,Bad,computer
500,BANGKOK,GENERAL_EDU,26-30,Good,Bad,Bad,Bad,Bad,Bad,management
501,UPCOUNTRY,VOCATIONAL_EDU,26-30,Good,Bad,Bad,Good,Good,Bad,management
502,NA,VOCATIONAL_EDU,26-30,Normal,Good,Good,Bad,Bad,Bad,computer
503,BANGKOK,VOCATIONAL_EDU,26-30,Bad,Bad,Bad,Good,Good,Good,hotel
504,NA,GENERAL_EDU,<=20,Normal,Bad,Good,Bad,Good,Good,hotel
505,UPCOUNTRY,GENERAL_EDU,26-30,Bad,Good,Bad,Good,Bad,Bad,computer
506,NA,GENERAL_EDU,21-25,Normal,Good,Good,Bad,Good,Good,marketing
507,NA,VOCATIONAL_EDU,26-30,Bad,Bad,Good,Bad,Good,Bad,computer
508,BANGKOK,GENERAL_EDU,<=20,Bad,Bad,Good,Bad,Good,Good,hotel
509,NA,VOCATIONAL_EDU,<=20,Bad,Good,Bad,Good,Good,Good,hotel
510,NA,GENERAL_EDU,26-30,Normal,Good,Good,Bad,Good,Good,marketing
511,NA,VOCATIONAL_EDU,21-25,Good,Bad,Bad,Bad,Bad,Good,hotel
512,UPCOUNTRY,GENERAL_EDU,26-30,Good,Bad,Good,Bad,Good,Good,hotel
513,UPCOUNTRY,GENERAL_EDU,26-30,Normal,Bad,Good,Good,Good,Good,hotel
514,BANGKOK,GENERAL_EDU,21-25,Good,Bad,Good,Bad,Bad,Bad,computer
515,UPCOUNTRY,VOCATIONAL_EDU,26-30,Normal,Good,Good,Bad,Bad,Bad,management
516,UPCOUNTRY,GENERAL_EDU,<=20,Good,Good,Bad,Bad,Bad,Bad,computer
517,NA,VOCATIONAL_EDU,<=20,Good,Bad,Bad,Bad,Bad,Bad,management
518,BANGKOK,GENERAL_EDU,26-30,Normal,Good,Good,Good,Bad,Bad,computer
519,UPCOUNTRY,VOCATIONAL_EDU,26-30,Bad,Bad,Good,Good,Bad,Bad,management
520,NA,VOCATIONAL_EDU,26-30,Normal,Good,Bad,Bad,Bad,Bad,hotel
521,NA,VOCATIONAL_EDU,<=20,Good,Bad,Good,Good,Bad,Good,hotel
522,UPCOUNTRY,GENERAL_EDU,<=20,Good,Bad,Bad,Good,Good,Bad,management
523,NA,VOCATIONAL_EDU,21-25,Bad,Good,Bad,Bad,Bad,Bad,marketing
524,BANGKOK,VOCATIONAL_EDU,21-25,Good,Bad,Good,Good,Bad,Good,hotel
525,NA,GENERAL_EDU,21-25,Normal,Bad,Good,Good,Good,Good,hotel
526,UPCOUNTRY,GENERAL_EDU,21-25,Bad,Good,Good,Good,Bad,Bad,computer
527,BANGKOK,GENERAL_EDU,26-30,Normal,Bad,Bad,Bad,Bad,Bad,management
528,NA,VOCATIONAL_EDU,26-30,Normal,Bad,Good,Bad,Bad,Good,hotel
529,BANGKOK,GENERAL_EDU,<=20,Normal,Bad,Bad,Bad,Good,Bad,management
530,BANGKOK,VOCATIONAL_EDU,21-25,Good,Good,Bad,Good,Good,Good,hotel
531,BANGKOK,GENERAL_EDU,26-30,Normal,Good,Good,Good,Bad,Bad,management
532,UPCOUNTRY,GENERAL_EDU,<=20,Normal,Good,Good,Good,Bad,Bad,computer
533,UPCOUNTRY,VOCATIONAL_EDU,21-25,Normal,Bad,Good,Bad,Bad,Bad,computer
534,NA,VOCATIONAL_EDU,<=20,Normal,Good,Good,Bad,Bad,Bad,computer
535,UPCOUNTRY,VOCATIONAL_EDU,21-25,Normal,Bad,Good,Bad,Bad,Bad,computer
536,NA,VOCATIONAL_EDU,21-25,Good,Good,Bad,Good,Bad,Good,hotel
537,BANGKOK,VOCATIONAL_EDU,21-25,Bad,Good,Good,Good,Bad,Good,marketing
538,NA,GENERAL_EDU,21-25,Bad,Bad,Good,Good,Bad,Good,marketing
539,NA,VOCATIONAL_EDU,<=20,Good,Good,Bad,Bad,Bad,Bad,computer
540,BANGKOK,VOCATIONAL_EDU,21-25,Normal,Good,Bad,Good,Good,Good,hotel
541,NA,VOCATIONAL_EDU,26-30,Good,Bad,Bad,Bad,Good,Good,hotel
542,BANGKOK,VOCATIONAL_EDU,21-25,Good,Good,Good,Good,Good,Bad,computer
543,BANGKOK,VOCATIONAL_EDU,26-30,Bad,Good,Bad,Good,Good,Good,management
544,BANGKOK,VOCATIONAL_EDU,26-30,Bad,Bad,Good,Good,Bad,Good,hotel
545,NA,GENERAL_EDU,21-25,Normal,Bad,Bad,Bad,Bad,Bad,management
546,BANGKOK,VOCATIONAL_EDU,<=20,Good,Good,Good,Good,Good,Good,marketing
547,BANGKOK,GENERAL_EDU,26-30,Normal,Bad,Good,Bad,Bad,Good,hotel
548,BANGKOK,GENERAL_EDU,26-30,Bad,Good,Good,Good,Bad,Bad,computer
549,BANGKOK,GENERAL_EDU,26-30,Normal,Good,Bad,Good,Good,Bad,computer
550,UPCOUNTRY,GENERAL_EDU,21-25,Good,Bad,Bad,Bad,Good,Good,computer
551,NA,GENERAL_EDU,<=20,Bad,Good,Good,Bad,Bad,Bad,computer
552,BANGKOK,GENERAL_EDU,26-30,Normal,Bad,Good,Bad,Bad,Good,hotel
553,BANGKOK,GENERAL_EDU,26-30,Bad,Good,Good,Good,Good,Good,marketing
554,NA,GENERAL_EDU,21-25,Bad,Good,Bad,Bad,Bad,Good,marketing
555,BANGKOK,GENERAL_EDU,26-30,Normal,Bad,Bad,Bad,Bad,Bad,management
556,UPCOUNTRY,VOCATIONAL_EDU,<=20,Bad,Bad,Bad,Good,Bad,Bad,management
557,UPCOUNTRY,GENERAL_EDU,26-30,Bad,Bad,Good,Good,Bad,Bad,computer
558,UPCOUNTRY,GENERAL_EDU,<=20,Bad,Bad,Bad,Good,Good,Good,hotel
559,UPCOUNTRY,VOCATIONAL_EDU,21-25,Good,Good,Good,Good,Bad,Bad,computer
560,NA,GENERAL_EDU,<=20,Good,Good,Good,Bad,Bad,Good,marketing
561,BANGKOK,GENERAL_EDU,<=20,Normal,Bad,Bad,Good,Bad,Good,hotel
562,NA,VOCATIONAL_EDU,<=20,Bad,Good,Bad,Bad,Good,Good,hotel
563,BANGKOK,VOCATIONAL_EDU,<=20,Good,Bad,Bad,Good,Good,Bad,management
564,NA,GENERAL_EDU,<=20,Bad,Bad,Good,Bad,Bad,Bad,computer
565,UPCOUNTRY,GENERAL_EDU,21-25,Bad,Bad,Good,Bad,Good,Good,hotel
566,NA,GENERAL_EDU,<=20,Bad,Good,Good,Bad,Bad,Good,marketing
567,NA,GENERAL_EDU,<=20,Good,Bad,Good,Bad,Good,Bad,computer
568,NA,VOCATIONAL_EDU,<=20,Good,Good,Good,Good,Good,Good,marketing
569,BANGKOK,VOCATIONAL_EDU,26-30,Good,Bad,Good,Good,Good,Good,hotel
570,BANGKOK,VOCATIONAL_EDU,26-30,Normal,Good,Good,Good,Bad,Good,marketing
571,BANGKOK,GENERAL_EDU,<=20,Good,Bad,Good,Bad,Good,Good,hotel
572,NA,GENERAL_EDU,21-25,Bad,Good,Bad,Good,Bad,Bad,computer
573,NA,GENERAL_EDU,21-25,Normal,Bad,Good,Good,Bad,Good,computer
574,UPCOUNTRY,VOCATIONAL_EDU,<=20,Normal,Bad,Bad,Bad,Good,Bad,management
575,NA,VOCATIONAL_EDU,26-30,Bad,Good,Bad,Good,Bad,Good,hotel
576,NA,VOCATIONAL_EDU,<=20,Good,Good,Good,Bad,Bad,Bad,computer
577,NA,GENERAL_EDU,<=20,Bad,Good,Bad,Good,Bad,Good,hotel
578,BANGKOK,VOCATIONAL_EDU,26-30,Normal,Bad,Bad,Good,Good,Bad,management
579,BANGKOK,GENERAL_EDU,21-25,Normal,Good,Good,Bad,Bad,Bad,computer
580,NA,VOCATIONAL_EDU,21-25,Good,Good,Good,Bad,Good,Good,marketing
581,NA,VOCATIONAL_EDU,<=20,Normal,Bad,Good,Good,Bad,Bad,computer
582,NA,VOCATIONAL_EDU,26-30,Bad,Good,Good,Good,Bad,Bad,management
583,UPCOUNTRY,VOCATIONAL_EDU,21-25,Normal,Good,Good,Bad,Good,Bad,computer
584,NA,GENERAL_EDU,21-25,Normal,Bad,Good,Bad,Good,Good,hotel
585,NA,GENERAL_EDU,21-25,Good,Good,Bad,Good,Good,Bad,computer
586,NA,VOCATIONAL_EDU,<=20,Bad,Good,Bad,Good,Bad,Bad,computer
587,UPCOUNTRY,VOCATIONAL_EDU,21-25,Bad,Good,Bad,Bad,Bad,Good,hotel
588,BANGKOK,VOCATIONAL_EDU,26-30,Normal,Bad,Good,Bad,Bad,Good,hotel
589,NA,GENERAL_EDU,21-25,Normal,Good,Good,Bad,Bad,Good,marketing
590,NA,VOCATIONAL_EDU,21-25,Good,Good,Bad,Bad,Good,Bad,computer
591,BANGKOK,GENERAL_EDU,<=20,Normal,Bad,Bad,Good,Good,Bad,management
592,UPCOUNTRY,VOCATIONAL_EDU,<=20,Good,Good,Bad,Bad,Bad,Bad,computer
593,NA,GENERAL_EDU,<=20,Normal,Bad,Bad,Bad,Bad,Bad,management
594,NA,GENERAL_EDU,21-25,Good,Bad,Good,Bad,Good,Bad,computer
595,UPCOUNTRY,GENERAL_EDU,<=20,Normal,Good,Good,Good,Good,Good,marketing
596,BANGKOK,VOCATIONAL_EDU,21-25,Good,Bad,Good,Good,Good,Good,management
597,NA,VOCATIONAL_EDU,21-25,Bad,Bad,Bad,Good,Good,Good,marketing
598,BANGKOK,GENERAL_EDU,26-30,Good,Good,Bad,Bad,Bad,Bad,computer
599,BANGKOK,VOCATIONAL_EDU,26-30,Bad,Good,Good,Bad,Bad,Good,marketing
600,UPCOUNTRY,GENERAL_EDU,21-25,Normal,Bad,Bad,Good,Good,Good,hotel
601,UPCOUNTRY,GENERAL_EDU,21-25,Bad,Bad,Bad,Bad,Good,Good,hotel
602,NA,VOCATIONAL_EDU,<=20,Bad,Good,Bad,Good,Good,Bad,computer
603,BANGKOK,GENERAL_EDU,21-25,Good,Bad,Good,Bad,Bad,Good,hotel
604,UPCOUNTRY,VOCATIONAL_EDU,26-30,Normal,Bad,Bad,Good,Good,Good,hotel
605,NA,GENERAL_EDU,26-30,Normal,Good,Bad,Good,Good,Bad,computer
606,NA,VOCATIONAL_EDU,21-25,Bad,Bad,Bad,Bad,Bad,Good,hotel
607,UPCOUNTRY,VOCATIONAL_EDU,<=20,Good,Good,Bad,Bad,Bad,Good,hotel
608,UPCOUNTRY,VOCATIONAL_EDU,26-30,Good,Bad,Good,Good,Bad,Bad,computer
609,NA,VOCATIONAL_EDU,26-30,Good,Bad,Good,Good,Good,Bad,management
610,BANGKOK,GENERAL_EDU,<=20,Bad,Bad,Good,Bad,Good,Good,marketing
611,BANGKOK,VOCATIONAL_EDU,21-25,Good,Good,Bad,Bad,Good,Good,computer
612,BANGKOK,GENERAL_EDU,<=20,Good,Good,Good,Good,Bad,Bad,computer
613,NA,GENERAL_EDU,26-30,Good,Bad,Good,Bad,Good,Bad,computer
614,NA,GENERAL_EDU,21-25,Normal,Good,Good,Good,Good,Good,marketing
615,BANGKOK,VOCATIONAL_EDU,26-30,Normal,Bad,Good,Bad,Bad,Bad,computer
616,UPCOUNTRY,VOCATIONAL_EDU,<=20,Bad,Good,Good,Good,Bad,Bad,computer
617,BANGKOK,VOCATIONAL_EDU,21-25,Normal,Good,Bad,Good,Good,Good,hotel
618,BANGKOK,GENERAL_EDU,26-30,Bad,Bad,Good,Bad,Good,Bad,computer
619,BANGKOK,GENERAL_EDU,26-30,Normal,Bad,Good,Bad,Bad,Bad,computer
620,BANGKOK,GENERAL_EDU,<=20,Bad,Good,Good,Good,Good,Good,marketing
621,NA,GENERAL_EDU,21-25,Normal,Good,Bad,Good,Good,Bad,computer
622,NA,GENERAL_EDU,26-30,Bad,Bad,Good,Bad,Bad,Bad,computer
623,BANGKOK,VOCATIONAL_EDU,21-25,Normal,Bad,Bad,Good,Good,Bad,management
624,UPCOUNTRY,GENERAL_EDU,<=20,Normal,Good,Good,Bad,Bad,Bad,computer
625,UPCOUNTRY,VOCATIONAL_EDU,21-25,Good,Good,Bad,Good,Good,Bad,computer
626,BANGKOK,VOCATIONAL_EDU,26-30,Good,Bad,Good,Bad,Good,Good,hotel
627,NA,GENERAL_EDU,26-30,Good,Good,Bad,Good,Bad,Bad,computer
628,NA,VOCATIONAL_EDU,21-25,Good,Good,Bad,Good,Bad,Good,hotel
629,UPCOUNTRY,GENERAL_EDU,<=20,Normal,Good,Good,Good,Good,Good,marketing
630,BANGKOK,GENERAL_EDU,21-25,Normal,Good,Bad,Bad,Good,Bad,computer
631,UPCOUNTRY,GENERAL_EDU,<=20,Normal,Bad,Bad,Bad,Bad,Good,hotel
632,BANGKOK,VOCATIONAL_EDU,26-30,Bad,Bad,Bad,Good,Good,Bad,marketing
633,UPCOUNTRY,GENERAL_EDU,21-25,Normal,Good,Good,Bad,Good,Good,marketing
634,UPCOUNTRY,GENERAL_EDU,21-25,Bad,Bad,Good,Good,Good,Good,hotel
635,UPCOUNTRY,GENERAL_EDU,<=20,Bad,Bad,Good,Bad,Bad,Bad,computer
636,UPCOUNTRY,VOCATIONAL_EDU,<=20,Bad,Good,Bad,Good,Bad,Good,hotel
637,UPCOUNTRY,VOCATIONAL_EDU,<=20,Bad,Good,Good,Bad,Bad,Good,marketing
638,NA,GENERAL_EDU,26-30,Good,Bad,Good,Good,Bad,Good,hotel
639,UPCOUNTRY,GENERAL_EDU,26-30,Normal,Bad,Good,Good,Good,Bad,computer
640,UPCOUNTRY,GENERAL_EDU,21-25,Good,Good,Bad,Good,Bad,Good,hotel
641,BANGKOK,GENERAL_EDU,26-30,Normal,Bad,Bad,Bad,Bad,Good,hotel
642,BANGKOK,VOCATIONAL_EDU,<=20,Normal,Good,Good,Good,Good,Good,marketing
643,UPCOUNTRY,GENERAL_EDU,<=20,Normal,Good,Good,Bad,Bad,Bad,computer
644,BANGKOK,VOCATIONAL_EDU,21-25,Bad,Good,Bad,Bad,Bad,Good,hotel
645,BANGKOK,VOCATIONAL_EDU,<=20,Bad,Good,Good,Good,Good,Good,hotel
646,BANGKOK,VOCATIONAL_EDU,<=20,Bad,Bad,Bad,Bad,Bad,Bad,management
647,UPCOUNTRY,GENERAL_EDU,26-30,Bad,Bad,Good,Bad,Bad,Good,hotel
648,UPCOUNTRY,GENERAL_EDU,<=20,Normal,Good,Bad,Bad,Good,Bad,computer
649,BANGKOK,VOCATIONAL_EDU,21-25,Normal,Good,Bad,Bad,Bad,Good,hotel
650,BANGKOK,VOCATIONAL_EDU,26-30,Good,Bad,Good,Good,Bad,Bad,computer
651,UPCOUNTRY,VOCATIONAL_EDU,26-30,Normal,Good,Good,Good,Bad,Bad,computer
652,NA,VOCATIONAL_EDU,21-25,Good,Bad,Bad,Bad,Good,Bad,management
653,BANGKOK,VOCATIONAL_EDU,<=20,Bad,Good,Good,Good,Good,Bad,marketing
654,NA,VOCATIONAL_EDU,<=20,Normal,Bad,Bad,Bad,Good,Good,hotel
655,UPCOUNTRY,VOCATIONAL_EDU,21-25,Normal,Good,Good,Good,Good,Bad,management
656,BANGKOK,VOCATIONAL_EDU,26-30,Bad,Bad,Bad,Good,Bad,Good,hotel
657,NA,GENERAL_EDU,<=20,Normal,Good,Bad,Good,Bad,Good,hotel
658,BANGKOK,GENERAL_EDU,<=20,Good,Bad,Good,Bad,Good,Good,computer
659,NA,GENERAL_EDU,<=20,Normal,Bad,Bad,Good,Good,Bad,management
660,UPCOUNTRY,VOCATIONAL_EDU,<=20,Bad,Bad,Good,Bad,Good,Good,hotel
661,BANGKOK,GENERAL_EDU,21-25,Good,Good,Good,Bad,Bad,Bad,computer
662,BANGKOK,GENERAL_EDU,26-30,Bad,Bad,Good,Good,Bad,Good,hotel
663,UPCOUNTRY,VOCATIONAL_EDU,26-30,Bad,Good,Good,Bad,Good,Good,marketing
664,NA,VOCATIONAL_EDU,21-25,Normal,Bad,Bad,Bad,Bad,Good,hotel
665,BANGKOK,VOCATIONAL_EDU,26-30,Normal,Bad,Good,Good,Good,Good,hotel
666,NA,VOCATIONAL_EDU,21-25,Normal,Bad,Good,Bad,Good,Bad,computer
667,BANGKOK,GENERAL_EDU,21-25,Normal,Bad,Bad,Good,Bad,Bad,management
668,BANGKOK,GENERAL_EDU,26-30,Good,Good,Bad,Bad,Bad,Bad,computer
669,NA,GENERAL_EDU,26-30,Good,Bad,Bad,Good,Bad,Good,hotel
670,UPCOUNTRY,VOCATIONAL_EDU,26-30,Normal,Good,Good,Bad,Good,Good,marketing
671,UPCOUNTRY,GENERAL_EDU,<=20,Normal,Good,Bad,Good,Good,Bad,computer
672,NA,VOCATIONAL_EDU,21-25,Bad,Bad,Bad,Bad,Good,Good,computer
673,BANGKOK,GENERAL_EDU,26-30,Normal,Bad,Good,Good,Bad,Bad,computer
674,NA,GENERAL_EDU,26-30,Good,Good,Good,Good,Bad,Bad,computer
675,NA,GENERAL_EDU,21-25,Good,Bad,Bad,Good,Bad,Bad,management
676,UPCOUNTRY,VOCATIONAL_EDU,26-30,Normal,Bad,Good,Good,Bad,Good,hotel
677,UPCOUNTRY,VOCATIONAL_EDU,<=20,Bad,Good,Bad,Bad,Good,Good,management
678,NA,GENERAL_EDU,<=20,Bad,Good,Good,Good,Good,Bad,computer
679,NA,VOCATIONAL_EDU,<=20,Normal,Good,Bad,Bad,Bad,Good,management
680,UPCOUNTRY,GENERAL_EDU,21-25,Normal,Good,Bad,Bad,Bad,Good,hotel
681,NA,GENERAL_EDU,26-30,Bad,Good,Bad,Good,Bad,Good,hotel
682,UPCOUNTRY,GENERAL_EDU,<=20,Normal,Bad,Good,Good,Bad,Good,hotel
683,NA,GENERAL_EDU,<=20,Good,Good,Good,Good,Bad,Good,marketing
684,UPCOUNTRY,VOCATIONAL_EDU,<=20,Good,Bad,Good,Bad,Good,Bad,computer
685,NA,GENERAL_EDU,21-25,Bad,Bad,Good,Good,Good,Good,hotel
686,BANGKOK,GENERAL_EDU,<=20,Normal,Good,Bad,Bad,Bad,Bad,marketing
687,NA,GENERAL_EDU,<=20,Normal,Bad,Bad,Good,Bad,Good,computer
688,UPCOUNTRY,GENERAL_EDU,26-30,Normal,Bad,Good,Bad,Bad,Bad,computer
689,UPCOUNTRY,GENERAL_EDU,<=20,Normal,Bad,Bad,Good,Bad,Good,hotel
690,BANGKOK,VOCATIONAL_EDU,21-25,Bad,Good,Bad,Bad,Bad,Good,hotel
691,BANGKOK,GENERAL_EDU,26-30,Bad,Bad,Bad,Bad,Good,Bad,management
692,NA,VOCATIONAL_EDU,21-25,Good,Good,Bad,Bad,Bad,Good,management
693,UPCOUNTRY,GENERAL_EDU,21-25,Normal,Good,Bad,Bad,Good,Good,hotel
694,UPCOUNTRY,GENERAL_EDU,26-30,Good,Good,Bad,Good,Bad,Bad,computer
695,NA,GENERAL_EDU,26-30,Normal,Good,Bad,Good,Bad,Bad,computer
696,UPCOUNTRY,VOCATIONAL_EDU,<=20,Good,Bad,Good,Good,Good,Good,hotel
697,UPCOUNTRY,VOCATIONAL_EDU,<=20,Bad,Bad,Bad,Good,Bad,Good,hotel
698,NA,GENERAL_EDU,21-25,Good,Good,Good,Good,Bad,Bad,computer
699,BANGKOK,VOCATIONAL_EDU,26-30,Good,Good,Good,Bad,Good,Good,marketing
700,UPCOUNTRY,GENERAL_EDU,<=20,Good,Good,Bad,Bad,Bad,Good,hotel
701,UPCOUNTRY,GENERAL_EDU,26-30,Normal,Bad,Bad,Bad,Good,Bad,hotel
702,NA,GENERAL_EDU,21-25,Normal,Good,Good,Bad,Good,Bad,computer
703,NA,GENERAL_EDU,<=20,Good,Good,Bad,Bad,Good,Good,hotel
704,UPCOUNTRY,GENERAL_EDU,<=20,Bad,Good,Bad,Good,Good,Bad,hotel
705,UPCOUNTRY,VOCATIONAL_EDU,<=20,Normal,Good,Good,Good,Good,Good,marketing
706,NA,VOCATIONAL_EDU,<=20,Bad,Good,Bad,Good,Good,Good,computer
707,NA,VOCATIONAL_EDU,26-30,Bad,Bad,Bad,Bad,Good,Bad,management
708,BANGKOK,VOCATIONAL_EDU,26-30,Bad,Good,Bad,Good,Good,Good,hotel
709,UPCOUNTRY,GENERAL_EDU,26-30,Good,Good,Good,Bad,Bad,Good,management
710,NA,VOCATIONAL_EDU,26-30,Normal,Good,Good,Good,Good,Good,marketing
711,UPCOUNTRY,VOCATIONAL_EDU,21-25,Normal,Bad,Good,Bad,Bad,Bad,management
712,BANGKOK,GENERAL_EDU,<=20,Good,Bad,Good,Bad,Bad,Bad,computer
713,BANGKOK,GENERAL_EDU,21-25,Bad,Good,Good,Bad,Bad,Bad,computer
714,BANGKOK,VOCATIONAL_EDU,<=20,Good,Good,Bad,Bad,Good,Good,hotel
715,NA,VOCATIONAL_EDU,21-25,Bad,Good,Good,Good,Good,Bad,computer
716,BANGKOK,VOCATIONAL_EDU,<=20,Bad,Bad,Good,Good,Good,Good,hotel
717,UPCOUNTRY,VOCATIONAL_EDU,21-25,Normal,Good,Bad,Good,Bad,Good,hotel
718,UPCOUNTRY,VOCATIONAL_EDU,26-30,Good,Bad,Bad,Good,Bad,Good,hotel
719,BANGKOK,GENERAL_EDU,<=20,Good,Bad,Bad,Good,Good,Good,computer
720,BANGKOK,VOCATIONAL_EDU,21-25,Good,Bad,Good,Good,Bad,Good,hotel
721,BANGKOK,VOCATIONAL_EDU,<=20,Good,Good,Bad,Good,Good,Good,hotel
722,UPCOUNTRY,VOCATIONAL_EDU,21-25,Normal,Good,Bad,Good,Good,Bad,computer
723,BANGKOK,GENERAL_EDU,<=20,Normal,Bad,Good,Good,Bad,Good,hotel
724,NA,GENERAL_EDU,26-30,Good,Bad,Bad,Bad,Bad,Bad,hotel
725,BANGKOK,GENERAL_EDU,26-30,Good,Bad,Bad,Good,Good,Good,hotel
726,BANGKOK,GENERAL_EDU,<=20,Good,Good,Bad,Bad,Good,Bad,computer
727,UPCOUNTRY,GENERAL_EDU,21-25,Normal,Good,Good,Good,Bad,Good,marketing
728,UPCOUNTRY,GENERAL_EDU,<=20,Normal,Bad,Good,Bad,Good,Good,hotel
729,BANGKOK,GENERAL_EDU,<=20,Bad,Good,Good,Bad,Good,Bad,computer
730,NA,GENERAL_EDU,26-30,Good,Good,Bad,Bad,Good,Good,hotel
731,UPCOUNTRY,GENERAL_EDU,<=20,Good,Bad,Good,Bad,Bad,Bad,computer
732,UPCOUNTRY,GENERAL_EDU,<=20,Normal,Good,Bad,Bad,Bad,Good,hotel
733,NA,GENERAL_EDU,<=20,Bad,Bad,Bad,Good,Good,Good,management
734,NA,VOCATIONAL_EDU,21-25,Good,Good,Bad,Bad,Bad,Bad,computer
735,UPCOUNTRY,GENERAL_EDU,26-30,Normal,Good,Good,Good,Good,Good,hotel
736,BANGKOK,GENERAL_EDU,<=20,Good,Good,Good,Bad,Bad,Good,hotel
737,UPCOUNTRY,GENERAL_EDU,<=20,Good,Good,Bad,Bad,Bad,Bad,computer
738,UPCOUNTRY,VOCATIONAL_EDU,26-30,Good,Bad,Bad,Bad,Bad,Bad,computer
739,BANGKOK,GENERAL_EDU,21-25,Normal,Bad,Bad,Good,Bad,Good,hotel
740,NA,VOCATIONAL_EDU,26-30,Good,Good,Good,Bad,Good,Good,marketing
741,NA,GENERAL_EDU,26-30,Good,Good,Bad,Good,Bad,Bad,computer
742,NA,GENERAL_EDU,21-25,Good,Good,Bad,Bad,Bad,Bad,computer
743,NA,GENERAL_EDU,<=20,Normal,Bad,Bad,Good,Good,Good,marketing
744,NA,GENERAL_EDU,21-25,Good,Bad,Good,Bad,Good,Good,management
745,UPCOUNTRY,GENERAL_EDU,21-25,Bad,Bad,Bad,Good,Bad,Bad,management
746,UPCOUNTRY,VOCATIONAL_EDU,26-30,Normal,Bad,Bad,Good,Bad,Good,hotel
747,UPCOUNTRY,GENERAL_EDU,<=20,Normal,Bad,Bad,Good,Good,Good,hotel
748,BANGKOK,VOCATIONAL_EDU,26-30,Normal,Bad,Good,Good,Bad,Bad,management
749,NA,GENERAL_EDU,<=20,Bad,Bad,Good,Bad,Bad,Good,hotel
750,BANGKOK,GENERAL_EDU,<=20,Good,Good,Bad,Bad,Bad,Bad,computer
751,NA,VOCATIONAL_EDU,<=20,Bad,Good,Bad,Bad,Good,Bad,computer
752,UPCOUNTRY,VOCATIONAL_EDU,26-30,Good,Good,Good,Good,Good,Good,hotel
753,NA,VOCATIONAL_EDU,26-30,Good,Good,Bad,Bad,Good,Bad,computer
754,BANGKOK,GENERAL_EDU,<=20,Normal,Good,Good,Good,Good,Bad,computer
755,BANGKOK,GENERAL_EDU,<=20,Bad,Bad,Bad,Good,Bad,Good,hotel
756,NA,VOCATIONAL_EDU,26-30,Normal,Good,Bad,Good,Good,Good,hotel
757,NA,VOCATIONAL_EDU,<=20,Normal,Good,Good,Good,Bad,Good,marketing
758,BANGKOK,VOCATIONAL_EDU,21-25,Good,Bad,Good,Good,Bad,Bad,computer
759,NA,VOCATIONAL_EDU,<=20,Normal,Good,Good,Good,Good,Bad,computer
760,UPCOUNTRY,GENERAL_EDU,21-25,Bad,Good,Good,Bad,Good,Good,computer
761,UPCOUNTRY,GENERAL_EDU,26-30,Good,Good,Good,Bad,Good,Good,marketing
762,NA,VOCATIONAL_EDU,21-25,Good,Good,Bad,Bad,Good,Good,hotel
763,NA,GENERAL_EDU,<=20,Bad,Bad,Good,Good,Bad,Good,management
764,UPCOUNTRY,GENERAL_EDU,26-30,Normal,Bad,Bad,Bad,Good,Good,computer
765,UPCOUNTRY,GENERAL_EDU,21-25,Good,Bad,Good,Good,Good,Good,marketing
766,BANGKOK,GENERAL_EDU,21-25,Good,Bad,Good,Bad,Good,Good,management
767,BANGKOK,VOCATIONAL_EDU,21-25,Bad,Good,Good,Good,Bad,Bad,computer
768,UPCOUNTRY,GENERAL_EDU,21-25,Good,Bad,Bad,Bad,Good,Bad,computer
769,BANGKOK,VOCATIONAL_EDU,21-25,Good,Bad,Good,Bad,Bad,Good,hotel
770,NA,VOCATIONAL_EDU,<=20,Good,Good,Bad,Bad,Bad,Bad,hotel
771,NA,VOCATIONAL_EDU,<=20,Good,Bad,Good,Bad,Bad,Good,hotel
772,NA,VOCATIONAL_EDU,26-30,Bad,Bad,Good,Bad,Bad,Bad,computer
773,BANGKOK,GENERAL_EDU,21-25,Bad,Bad,Good,Good,Bad,Bad,computer
774,NA,GENERAL_EDU,26-30,Good,Good,Good,Good,Bad,Bad,computer
775,NA,GENERAL_EDU,26-30,Bad,Bad,Bad,Bad,Good,Bad,management
776,UPCOUNTRY,VOCATIONAL_EDU,21-25,Bad,Bad,Bad,Bad,Good,Good,hotel
777,UPCOUNTRY,VOCATIONAL_EDU,21-25,Good,Bad,Bad,Good,Bad,Good,hotel
778,BANGKOK,GENERAL_EDU,21-25,Good,Bad,Good,Good,Good,Good,hotel
779,BANGKOK,GENERAL_EDU,21-25,Bad,Bad,Bad,Good,Bad,Good,hotel
780,UPCOUNTRY,VOCATIONAL_EDU,26-30,Bad,Bad,Bad,Good,Bad,Good,hotel
781,UPCOUNTRY,VOCATIONAL_EDU,26-30,Bad,Good,Good,Bad,Good,Good,marketing
782,NA,VOCATIONAL_EDU,<=20,Good,Bad,Good,Bad,Bad,Bad,computer
783,BANGKOK,VOCATIONAL_EDU,21-25,Bad,Bad,Good,Bad,Good,Good,hotel
784,BANGKOK,GENERAL_EDU,<=20,Normal,Good,Bad,Good,Bad,Bad,marketing
785,NA,VOCATIONAL_EDU,<=20,Bad,Good,Good,Good,Good,Good,marketing
786,UPCOUNTRY,VOCATIONAL_EDU,21-25,Bad,Good,Bad,Bad,Bad,Good,hotel
787,NA,GENERAL_EDU,26-30,Normal,Good,Good,Bad,Good,Good,marketing
788,NA,VOCATIONAL_EDU,<=20,Bad,Bad,Good,Good,Bad,Good,hotel
789,BANGKOK,VOCATIONAL_EDU,26-30,Good,Good,Bad,Bad,Bad,Good,hotel
790,BANGKOK,GENERAL_EDU,26-30,Normal,Bad,Good,Bad,Bad,Good,hotel
791,UPCOUNTRY,GENERAL_EDU,<=20,Bad,Good,Good,Bad,Bad,Good,marketing
792,NA,VOCATIONAL_EDU,26-30,Normal,Bad,Bad,Bad,Bad,Bad,management
793,NA,GENERAL_EDU,26-30,Good,Good,Bad,Good,Good,Bad,computer
794,NA,GENERAL_EDU,26-30,Bad,Bad,Good,Good,Good,Good,hotel
795,UPCOUNTRY,GENERAL_EDU,21-25,Good,Good,Good,Bad,Bad,Good,marketing
796,BANGKOK,GENERAL_EDU,26-30,Good,Bad,Bad,Good,Bad,Bad,management
797,NA,GENERAL_EDU,<=20,Good,Good,Good,Bad,Bad,Good,marketing
798,UPCOUNTRY,GENERAL_EDU,<=20,Normal,Bad,Good,Good,Good,Bad,computer
799,BANGKOK,GENERAL_EDU,26-30,Normal,Bad,Bad,Bad,Bad,Bad,computer
800,BANGKOK,GENERAL_EDU,21-25,Good,Good,Bad,Bad,Bad,Good,hotel
801,NA,GENERAL_EDU,26-30,Good,Bad,Good,Bad,Good,Bad,computer
802,BANGKOK,VOCATIONAL_EDU,<=20,Good,Bad,Good,Good,Bad,Bad,computer
803,UPCOUNTRY,GENERAL_EDU,26-30,Good,Good,Bad,Good,Good,Bad,computer
804,BANGKOK,VOCATIONAL_EDU,21-25,Bad,Good,Bad,Good,Good,Good,hotel
805,BANGKOK,GENERAL_EDU,26-30,Bad,Bad,Bad,Bad,Good,Bad,computer
806,BANGKOK,VOCATIONAL_EDU,<=20,Bad,Good,Good,Bad,Bad,Bad,management
807,BANGKOK,GENERAL_EDU,21-25,Bad,Bad,Bad,Good,Bad,Good,hotel
808,UPCOUNTRY,VOCATIONAL_EDU,21-25,Bad,Bad,Bad,Good,Bad,Good,hotel
809,UPCOUNTRY,GENERAL_EDU,26-30,Bad,Good,Good,Good,Bad,Good,marketing
810,BANGKOK,GENERAL_EDU,<=20,Good,Bad,Good,Good,Bad,Bad,computer
811,BANGKOK,VOCATIONAL_EDU,21-25,Good,Good,Good,Good,Bad,Bad,computer
812,NA,VOCATIONAL_EDU,26-30,Bad,Bad,Good,Bad,Good,Bad,computer
813,BANGKOK,GENERAL_EDU,<=20,Good,Good,Bad,Bad,Bad,Good,marketing
814,NA,GENERAL_EDU,21-25,Normal,Bad,Bad,Good,Bad,Good,hotel
815,BANGKOK,VOCATIONAL_EDU,26-30,Bad,Good,Good,Good,Bad,Bad,computer
816,UPCOUNTRY,GENERAL_EDU,26-30,Bad,Good,Good,Good,Good,Bad,marketing
817,BANGKOK,VOCATIONAL_EDU,<=20,Normal,Bad,Bad,Bad,Bad,Bad,management
818,NA,VOCATIONAL_EDU,26-30,Good,Good,Good,Good,Bad,Good,marketing
819,UPCOUNTRY,GENERAL_EDU,<=20,Bad,Good,Good,Bad,Good,Good,marketing
820,UPCOUNTRY,VOCATIONAL_EDU,26-30,Normal,Bad,Bad,Good,Bad,Good,hotel
821,NA,VOCATIONAL_EDU,26-30,Normal,Bad,Good,Bad,Good,Good,hotel
822,UPCOUNTRY,GENERAL_EDU,26-30,Bad,Bad,Bad,Bad,Bad,Bad,management
823,BANGKOK,VOCATIONAL_EDU,<=20,Good,Bad,Good,Good,Good,Good,computer
824,BANGKOK,GENERAL_EDU,21-25,Good,Bad,Good,Bad,Bad,Good,hotel
825,NA,VOCATIONAL_EDU,<=20,Good,Bad,Good,Good,Bad,Bad,computer
826,BANGKOK,VOCATIONAL_EDU,21-25,Good,Good,Good,Good,Bad,Good,marketing
827,BANGKOK,GENERAL_EDU,26-30,Normal,Good,Good,Bad,Good,Bad,computer
828,BANGKOK,VOCATIONAL_EDU,26-30,Good,Good,Good,Good,Good,Good,hotel
829,UPCOUNTRY,GENERAL_EDU,<=20,Good,Bad,Bad,Good,Good,Bad,management
830,BANGKOK,GENERAL_EDU,26-30,Bad,Good,Bad,Good,Good,Bad,management
831,UPCOUNTRY,GENERAL_EDU,21-25,Bad,Good,Good,Good,Bad,Bad,computer
832,BANGKOK,VOCATIONAL_EDU,26-30,Normal,Bad,Bad,Good,Good,Good,computer
833,UPCOUNTRY,GENERAL_EDU,<=20,Good,Bad,Bad,Good,Bad,Bad,management
834,UPCOUNTRY,GENERAL_EDU,21-25,Normal,Bad,Good,Bad,Bad,Bad,computer
835,NA,GENERAL_EDU,<=20,Good,Good,Bad,Good,Good,Bad,computer
836,BANGKOK,GENERAL_EDU,21-25,Bad,Bad,Good,Bad,Bad,Bad,computer
837,NA,VOCATIONAL_EDU,26-30,Bad,Bad,Bad,Good,Bad,Bad,computer
838,NA,VOCATIONAL_EDU,26-30,Normal,Bad,Bad,Bad,Bad,Bad,management
839,NA,VOCATIONAL_EDU,<=20,Bad,Good,Good,Bad,Good,Good,marketing
840,UPCOUNTRY,VOCATIONAL_EDU,<=20,Bad,Bad,Bad,Good,Bad,Good,hotel
841,UPCOUNTRY,GENERAL_EDU,26-30,Normal,Bad,Good,Good,Good,Good,hotel
842,BANGKOK,VOCATIONAL_EDU,26-30,Bad,Good,Bad,Bad,Good,Good,hotel
843,NA,VOCATIONAL_EDU,26-30,Good,Bad,Bad,Good,Good,Good,hotel
844,BANGKOK,GENERAL_EDU,26-30,Normal,Good,Bad,Good,Good,Bad,computer
845,NA,GENERAL_EDU,26-30,Good,Bad,Bad,Good,Good,Good,hotel
846,UPCOUNTRY,GENERAL_EDU,21-25,Normal,Good,Bad,Bad,Bad,Good,hotel
847,UPCOUNTRY,GENERAL_EDU,26-30,Good,Bad,Bad,Bad,Bad,Bad,management
848,BANGKOK,VOCATIONAL_EDU,21-25,Good,Bad,Good,Good,Bad,Good,hotel
849,BANGKOK,GENERAL_EDU,<=20,Bad,Bad,Good,Bad,Bad,Bad,computer
850,BANGKOK,GENERAL_EDU,21-25,Normal,Bad,Good,Bad,Good,Bad,computer
851,NA,GENERAL_EDU,26-30,Normal,Bad,Good,Good,Good,Bad,marketing
852,UPCOUNTRY,GENERAL_EDU,<=20,Bad,Bad,Good,Good,Good,Bad,computer
853,BANGKOK,VOCATIONAL_EDU,26-30,Bad,Bad,Good,Bad,Good,Good,hotel
854,NA,VOCATIONAL_EDU,26-30,Normal,Bad,Bad,Bad,Bad,Bad,management
855,NA,VOCATIONAL_EDU,26-30,Bad,Good,Good,Bad,Bad,Bad,computer
856,UPCOUNTRY,GENERAL_EDU,<=20,Good,Bad,Bad,Bad,Bad,Bad,management
857,NA,VOCATIONAL_EDU,<=20,Bad,Bad,Good,Bad,Bad,Bad,computer
858,UPCOUNTRY,VOCATIONAL_EDU,21-25,Good,Bad,Bad,Bad,Bad,Bad,marketing
859,NA,GENERAL_EDU,21-25,Good,Good,Bad,Good,Good,Good,hotel
860,UPCOUNTRY,GENERAL_EDU,21-25,Normal,Good,Good,Bad,Good,Good,computer
861,UPCOUNTRY,GENERAL_EDU,<=20,Normal,Bad,Bad,Bad,Bad,Good,marketing
862,UPCOUNTRY,VOCATIONAL_EDU,26-30,Bad,Bad,Bad,Bad,Good,Bad,management
863,BANGKOK,VOCATIONAL_EDU,<=20,Good,Bad,Bad,Good,Good,Good,hotel
864,UPCOUNTRY,VOCATIONAL_EDU,<=20,Good,Bad,Bad,Good,Bad,Bad,marketing
865,NA,VOCATIONAL_EDU,<=20,Good,Good,Good,Bad,Good,Bad,computer
866,UPCOUNTRY,GENERAL_EDU,<=20,Bad,Good,Good,Bad,Bad,Good,marketing
867,NA,VOCATIONAL_EDU,<=20,Bad,Bad,Bad,Bad,Bad,Bad,management
868,BANGKOK,GENERAL_EDU,21-25,Bad,Good,Bad,Bad,Bad,Good,hotel
869,UPCOUNTRY,GENERAL_EDU,21-25,Good,Bad,Bad,Bad,Bad,Good,hotel
870,NA,GENERAL_EDU,21-25,Normal,Good,Bad,Good,Bad,Good,hotel
871,NA,VOCATIONAL_EDU,<=20,Good,Bad,Good,Bad,Good,Bad,computer
872,NA,GENERAL_EDU,26-30,Good,Bad,Good,Bad,Good,Bad,computer
873,BANGKOK,VOCATIONAL_EDU,21-25,Normal,Good,Good,Good,Good,Good,hotel
874,UPCOUNTRY,GENERAL_EDU,21-25,Normal,Bad,Bad,Good,Bad,Good,hotel
875,UPCOUNTRY,VOCATIONAL_EDU,<=20,Good,Good,Good,Good,Bad,Good,marketing
876,NA,VOCATIONAL_EDU,21-25,Normal,Good,Good,Good,Bad,Bad,computer
877,UPCOUNTRY,VOCATIONAL_EDU,26-30,Normal,Good,Bad,Bad,Good,Bad,computer
878,NA,GENERAL_EDU,<=20,Good,Bad,Bad,Bad,Bad,Good,hotel
879,NA,VOCATIONAL_EDU,26-30,Bad,Good,Good,Good,Good,Good,marketing
880,BANGKOK,VOCATIONAL_EDU,26-30,Good,Good,Bad,Good,Good,Bad,computer
881,UPCOUNTRY,GENERAL_EDU,26-30,Good,Bad,Good,Bad,Bad,Good,hotel
882,UPCOUNTRY,VOCATIONAL_EDU,21-25,Bad,Good,Good,Bad,Bad,Good,marketing
883,BANGKOK,VOCATIONAL_EDU,<=20,Bad,Good,Bad,Good,Good,Bad,computer
884,UPCOUNTRY,VOCATIONAL_EDU,21-25,Normal,Good,Good,Good,Bad,Bad,computer
885,BANGKOK,GENERAL_EDU,<=20,Normal,Good,Good,Good,Good,Bad,computer
886,UPCOUNTRY,VOCATIONAL_EDU,26-30,Bad,Bad,Bad,Good,Good,Good,hotel
887,UPCOUNTRY,GENERAL_EDU,<=20,Normal,Good,Bad,Good,Bad,Good,hotel
888,UPCOUNTRY,GENERAL_EDU,21-25,Good,Bad,Good,Bad,Good,Bad,hotel
889,UPCOUNTRY,GENERAL_EDU,26-30,Bad,Good,Bad,Good,Good,Bad,computer
890,NA,GENERAL_EDU,26-30,Good,Good,Bad,Bad,Good,Bad,computer
891,BANGKOK,GENERAL_EDU,26-30,Bad,Good,Bad,Good,Good,Good,hotel
892,NA,VOCATIONAL_EDU,21-25,Good,Good,Bad,Bad,Good,Good,hotel
893,UPCOUNTRY,VOCATIONAL_EDU,<=20,Bad,Bad,Bad,Bad,Bad,Good,management
894,NA,VOCATIONAL_EDU,<=20,Normal,Bad,Bad,Good,Bad,Bad,management
895,NA,GENERAL_EDU,<=20,Bad,Good,Good,Bad,Good,Bad,computer
896,NA,GENERAL_EDU,<=20,Normal,Bad,Bad,Bad,Good,Bad,management
897,UPCOUNTRY,GENERAL_EDU,26-30,Good,Bad,Good,Good,Good,Good,hotel
898,NA,VOCATIONAL_EDU,21-25,Bad,Good,Good,Bad,Good,Bad,computer
899,BANGKOK,VOCATIONAL_EDU,<=20,Normal,Bad,Good,Bad,Bad,Good,hotel
900,BANGKOK,GENERAL_EDU,26-30,Normal,Good,Good,Bad,Good,Good,marketing
901,NA,GENERAL_EDU,26-30,Bad,Good,Bad,Good,Bad,Bad,computer
902,NA,GENERAL_EDU,21-25,Bad,Good,Bad,Bad,Good,Bad,computer
903,UPCOUNTRY,VOCATIONAL_EDU,26-30,Good,Bad,Bad,Bad,Good,Bad,management
904,UPCOUNTRY,VOCATIONAL_EDU,26-30,Good,Good,Bad,Good,Good,Bad,computer
905,UPCOUNTRY,VOCATIONAL_EDU,21-25,Bad,Good,Good,Good,Good,Good,marketing
906,UPCOUNTRY,GENERAL_EDU,26-30,Normal,Bad,Bad,Good,Bad,Bad,management
907,BANGKOK,GENERAL_EDU,21-25,Bad,Bad,Bad,Bad,Good,Bad,management
908,NA,VOCATIONAL_EDU,26-30,Bad,Bad,Bad,Bad,Good,Bad,management
909,NA,GENERAL_EDU,<=20,Bad,Bad,Good,Good,Good,Good,hotel
910,BANGKOK,VOCATIONAL_EDU,<=20,Good,Good,Good,Good,Bad,Good,management
911,NA,GENERAL_EDU,<=20,Normal,Bad,Good,Good,Good,Bad,computer
912,BANGKOK,GENERAL_EDU,26-30,Normal,Good,Good,Good,Good,Bad,computer
913,UPCOUNTRY,GENERAL_EDU,21-25,Good,Good,Bad,Good,Good,Bad,computer
914,UPCOUNTRY,GENERAL_EDU,26-30,Bad,Bad,Bad,Good,Good,Bad,management
915,NA,GENERAL_EDU,21-25,Normal,Good,Good,Good,Good,Good,marketing
916,NA,VOCATIONAL_EDU,<=20,Bad,Good,Bad,Good,Bad,Bad,computer
917,BANGKOK,GENERAL_EDU,26-30,Normal,Good,Bad,Good,Bad,Good,computer
918,NA,GENERAL_EDU,<=20,Normal,Good,Good,Good,Bad,Good,marketing
919,NA,VOCATIONAL_EDU,<=20,Bad,Good,Bad,Good,Good,Bad,hotel
920,BANGKOK,GENERAL_EDU,21-25,Bad,Bad,Good,Good,Good,Bad,computer
921,NA,GENERAL_EDU,26-30,Good,Good,Bad,Bad,Bad,Bad,computer
922,BANGKOK,GENERAL_EDU,21-25,Normal,Good,Bad,Bad,Bad,Bad,computer
923,BANGKOK,GENERAL_EDU,21-25,Good,Bad,Bad,Bad,Good,Bad,hotel
924,BANGKOK,GENERAL_EDU,26-30,Good,Bad,Bad,Bad,Bad,Good,hotel
925,NA,VOCATIONAL_EDU,21-25,Bad,Bad,Bad,Good,Good,Bad,management
926,UPCOUNTRY,VOCATIONAL_EDU,<=20,Good,Good,Good,Bad,Good,Bad,computer
927,UPCOUNTRY,GENERAL_EDU,<=20,Bad,Good,Bad,Good,Good,Good,marketing
928,NA,GENERAL_EDU,21-25,Normal,Good,Bad,Bad,Bad,Good,hotel
929,UPCOUNTRY,VOCATIONAL_EDU,<=20,Good,Good,Bad,Bad,Bad,Good,management
930,BANGKOK,GENERAL_EDU,26-30,Good,Bad,Bad,Bad,Bad,Good,hotel
931,NA,GENERAL_EDU,<=20,Normal,Good,Bad,Good,Bad,Good,hotel
932,NA,VOCATIONAL_EDU,21-25,Normal,Bad,Good,Bad,Bad,Bad,computer
933,NA,GENERAL_EDU,21-25,Normal,Bad,Bad,Good,Good,Bad,management
934,UPCOUNTRY,GENERAL_EDU,26-30,Good,Good,Bad,Bad,Bad,Good,hotel
935,NA,GENERAL_EDU,21-25,Normal,Good,Good,Good,Bad,Bad,computer
936,BANGKOK,GENERAL_EDU,21-25,Good,Good,Good,Bad,Bad,Good,marketing
937,BANGKOK,GENERAL_EDU,26-30,Bad,Bad,Good,Bad,Good,Bad,computer
938,NA,VOCATIONAL_EDU,21-25,Good,Bad,Bad,Good,Good,Bad,management
939,UPCOUNTRY,GENERAL_EDU,21-25,Normal,Bad,Bad,Bad,Good,Good,hotel
940,NA,VOCATIONAL_EDU,21-25,Bad,Bad,Bad,Good,Good,Good,hotel
941,NA,VOCATIONAL_EDU,26-30,Bad,Good,Good,Bad,Good,Bad,computer
942,NA,VOCATIONAL_EDU,26-30,Good,Bad,Good,Bad,Bad,Good,hotel
943,UPCOUNTRY,GENERAL_EDU,<=20,Bad,Good,Bad,Bad,Bad,Bad,computer
944,NA,GENERAL_EDU,26-30,Good,Good,Good,Bad,Bad,Good,marketing
945,BANGKOK,GENERAL_EDU,<=20,Good,Good,Bad,Bad,Good,Bad,computer
946,BANGKOK,GENERAL_EDU,21-25,Good,Bad,Bad,Bad,Good,Bad,management
947,UPCOUNTRY,VOCATIONAL_EDU,26-30,Normal,Bad,Good,Good,Bad,Good,computer
948,BANGKOK,VOCATIONAL_EDU,26-30,Bad,Bad,Good,Good,Bad,Good,computer
949,NA,VOCATIONAL_EDU,<=20,Bad,Good,Bad,Bad,Bad,Good,management
950,BANGKOK,GENERAL_EDU,21-25,Good,Good,Good,Good,Bad,Good,marketing
951,NA,GENERAL_EDU,21-25,Bad,Good,Bad,Bad,Bad,Bad,computer
952,NA,GENERAL_EDU,<=20,Normal,Good,Bad,Good,Good,Good,hotel
953,NA,VOCATIONAL_EDU,26-30,Bad,Bad,Bad,Good,Bad,Good,hotel
954,BANGKOK,GENERAL_EDU,26-30,Good,Bad,Bad,Good,Good,Good,hotel
955,BANGKOK,GENERAL_EDU,21-25,Normal,Bad,Good,Good,Bad,Good,hotel
956,UPCOUNTRY,VOCATIONAL_EDU,21-25,Bad,Bad,Good,Good,Bad,Good,hotel
957,UPCOUNTRY,VOCATIONAL_EDU,26-30,Good,Bad,Bad,Bad,Bad,Bad,management
958,BANGKOK,GENERAL_EDU,21-25,Bad,Good,Bad,Bad,Good,Good,hotel
959,UPCOUNTRY,GENERAL_EDU,21-25,Good,Bad,Good,Good,Bad,Good,hotel
960,UPCOUNTRY,VOCATIONAL_EDU,<=20,Good,Bad,Good,Good,Bad,Good,hotel
961,NA,VOCATIONAL_EDU,26-30,Bad,Bad,Good,Bad,Bad,Bad,computer
962,UPCOUNTRY,GENERAL_EDU,26-30,Good,Good,Bad,Bad,Good,Good,management
963,UPCOUNTRY,GENERAL_EDU,21-25,Bad,Bad,Good,Good,Good,Good,hotel
964,UPCOUNTRY,VOCATIONAL_EDU,<=20,Normal,Bad,Good,Bad,Bad,Good,hotel
965,UPCOUNTRY,GENERAL_EDU,26-30,Bad,Good,Bad,Good,Good,Good,hotel
966,BANGKOK,VOCATIONAL_EDU,<=20,Bad,Bad,Bad,Good,Bad,Good,marketing
967,NA,VOCATIONAL_EDU,26-30,Normal,Good,Bad,Good,Good,Bad,computer
968,BANGKOK,GENERAL_EDU,26-30,Normal,Bad,Bad,Bad,Bad,Bad,management
969,UPCOUNTRY,GENERAL_EDU,21-25,Good,Good,Bad,Good,Good,Bad,computer
970,NA,VOCATIONAL_EDU,21-25,Normal,Good,Bad,Bad,Good,Bad,computer
971,UPCOUNTRY,VOCATIONAL_EDU,21-25,Normal,Good,Good,Good,Bad,Bad,hotel
972,UPCOUNTRY,GENERAL_EDU,21-25,Bad,Bad,Good,Good,Bad,Good,hotel
973,UPCOUNTRY,GENERAL_EDU,26-30,Good,Bad,Good,Good,Good,Bad,computer
974,UPCOUNTRY,GENERAL_EDU,26-30,Bad,Bad,Good,Good,Good,Good,hotel
975,NA,GENERAL_EDU,<=20,Bad,Good,Bad,Bad,Good,Good,hotel
976,NA,VOCATIONAL_EDU,21-25,Normal,Bad,Bad,Bad,Good,Good,hotel
977,BANGKOK,GENERAL_EDU,21-25,Normal,Bad,Good,Bad,Good,Good,computer
978,UPCOUNTRY,VOCATIONAL_EDU,26-30,Bad,Good,Good,Bad,Bad,Bad,computer
979,UPCOUNTRY,GENERAL_EDU,26-30,Good,Bad,Good,Good,Bad,Bad,computer
980,UPCOUNTRY,GENERAL_EDU,21-25,Bad,Good,Good,Bad,Bad,Good,marketing
981,UPCOUNTRY,GENERAL_EDU,21-25,Bad,Bad,Good,Good,Good,Bad,hotel
982,UPCOUNTRY,VOCATIONAL_EDU,26-30,Normal,Bad,Good,Good,Bad,Good,hotel
983,BANGKOK,GENERAL_EDU,21-25,Normal,Bad,Bad,Bad,Bad,Good,hotel
984,BANGKOK,VOCATIONAL_EDU,26-30,Bad,Bad,Good,Good,Bad,Bad,computer
985,BANGKOK,GENERAL_EDU,<=20,Normal,Good,Bad,Bad,Bad,Bad,management
986,NA,GENERAL_EDU,26-30,Bad,Good,Bad,Good,Bad,Bad,computer
987,UPCOUNTRY,GENERAL_EDU,26-30,Normal,Good,Bad,Bad,Bad,Bad,hotel
988,NA,GENERAL_EDU,21-25,Normal,Good,Good,Good,Good,Good,marketing
989,BANGKOK,GENERAL_EDU,26-30,Good,Good,Good,Good,Bad,Bad,computer
990,BANGKOK,GENERAL_EDU,<=20,Normal,Good,Good,Bad,Bad,Bad,computer
991,BANGKOK,VOCATIONAL_EDU,21-25,Bad,Good,Good,Good,Good,Bad,computer
992,BANGKOK,VOCATIONAL_EDU,26-30,Bad,Bad,Good,Good,Bad,Good,hotel
993,UPCOUNTRY,VOCATIONAL_EDU,<=20,Bad,Good,Bad,Bad,Good,Good,hotel
994,UPCOUNTRY,GENERAL_EDU,26-30,Good,Bad,Bad,Bad,Good,Good,hotel
995,NA,GENERAL_EDU,21-25,Good,Good,Good,Good,Good,Bad,computer
996,UPCOUNTRY,VOCATIONAL_EDU,<=20,Good,Bad,Good,Bad,Good,Good,hotel
997,BANGKOK,VOCATIONAL_EDU,26-30,Normal,Bad,Bad,Bad,Good,Bad,management
998,BANGKOK,VOCATIONAL_EDU,21-25,Normal,Bad,Good,Bad,Good,Good,hotel
999,BANGKOK,GENERAL_EDU,<=20,Bad,Good,Good,Bad,Bad,Good,marketing
1000,UPCOUNTRY,VOCATIONAL_EDU,21-25,Good,Good,Bad,Bad,Good,Bad,computer
