row_number,subdistrict_id,subdistrict_name_en,subdistrict_name_th,district_id,district_name_en,district_name_th,province_id,province_name_en,province_name_th,walk_leisure,walk_public_service,walk_school,walk_shopping,walk_work,walk_total,access_boat,access_bus,access_train,access_total,drive_leisure,drive_public_service,drive_school,drive_shopping,drive_work,drive_total,source,day
54,3684,WANG TAKU,วังตะกู,3668,MUEANG NAKHON PATHOM,เมืองนครปฐม,3667,Nakhon Pathom,นครปฐม,26.0,10.0,65.0,75.0,35.0,54.0,0.0,1.0,0.0,0.0,62.0,75.0,75.0,75.0,75.0,73.0,baania,2023-08-31
282,3614,LAK HOK,หลักหก,3600,MUEANG PATHUM THANI,เมืองปทุมธานี,3599,Pathum Thani,ปทุมธานี,76.0,56.0,77.0,89.0,89.0,82.0,0.0,98.0,0.0,39.0,100.0,100.0,98.0,97.0,97.0,98.0,baania,2023-08-31
142,3645,LAT SAWAI,ลาดสวาย,3638,LAM LUK KA,ลำลูกกา,3599,Pathum Thani,ปทุมธานี,90.0,76.0,90.0,97.0,98.0,93.0,0.0,93.0,0.0,37.0,100.0,100.0,99.0,100.0,95.0,99.0,baania,2023-08-31
299,3617,KHLONG SONG,คลองสอง,3615,KHLONG LUANG,คลองหลวง,3599,Pathum Thani,ปทุมธานี,57.0,35.0,60.0,98.0,98.0,79.0,0.0,67.0,0.0,27.0,100.0,100.0,97.0,93.0,83.0,95.0,baania,2023-08-31
106,3967,KHLONG TOEI NUEA,คลองเตยเหนือ,3965,VADHANA,วัฒนา,3781,Bangkok,กรุงเทพมหานคร,98.0,100.0,98.0,100.0,100.0,99.0,100.0,100.0,100.0,100.0,100.0,77.0,100.0,100.0,87.0,96.0,baania,2023-08-31
8,3640,KHU KHOT,คูคต,3638,LAM LUK KA,ลำลูกกา,3599,Pathum Thani,ปทุมธานี,95.0,73.0,87.0,99.0,99.0,95.0,0.0,98.0,0.0,39.0,100.0,100.0,99.0,100.0,97.0,100.0,baania,2023-08-31
83,3860,THA KHAM,ท่าข้าม,3859,BANG KHUN THIAN,บางขุนเทียน,3781,Bangkok,กรุงเทพมหานคร,62.0,68.0,62.0,81.0,95.0,75.0,1.0,56.0,1.0,23.0,77.0,36.0,94.0,65.0,82.0,69.0,baania,2023-08-31
284,3804,LAT YAO,ลาดยาว,3800,CHATUCHAK,จตุจักร,3781,Bangkok,กรุงเทพมหานคร,91.0,99.0,91.0,100.0,100.0,97.0,77.0,97.0,2.0,70.0,100.0,77.0,100.0,96.0,96.0,95.0,baania,2023-08-31
110,3612,BAN MAI,บ้านใหม่,3600,MUEANG PATHUM THANI,เมืองปทุมธานี,3599,Pathum Thani,ปทุมธานี,70.0,89.0,78.0,99.0,96.0,90.0,0.0,99.0,0.0,40.0,100.0,100.0,99.0,98.0,98.0,99.0,baania,2023-08-31
254,3914,BANG CHAK,บางจาก,3913,PHRA KHANONG,พระโขนง,3781,Bangkok,กรุงเทพมหานคร,93.0,100.0,93.0,100.0,100.0,98.0,92.0,96.0,1.0,75.0,100.0,72.0,100.0,94.0,99.0,94.0,baania,2023-08-31
219,20627,KHLONG BANG BON,คลองบางบอน,3879,BANG BON,บางบอน,3781,Bangkok,กรุงเทพมหานคร,100.0,100.0,100.0,100.0,100.0,100.0,1.0,99.0,1.0,41.0,100.0,68.0,100.0,97.0,100.0,95.0,baania,2023-08-31
232,3986,NONG KHAEM,หนองแขม,3985,NONG KHAEM,หนองแขม,3781,Bangkok,กรุงเทพมหานคร,95.0,96.0,95.0,99.0,99.0,98.0,1.0,86.0,1.0,35.0,93.0,57.0,100.0,76.0,58.0,78.0,baania,2023-08-31
24,3421,KHLONG KHOI,คลองข่อย,3418,PAK KRET,ปากเกร็ด,3372,Nonthaburi,นนทบุรี,45.0,50.0,3.0,93.0,93.0,70.0,1.0,92.0,8.0,38.0,93.0,88.0,73.0,98.0,98.0,93.0,baania,2023-08-31
138,3507,BANG MUEANG,บางเมือง,3499,MUEANG SAMUT PRAKAN,เมืองสมุทรปราการ,3498,Samut Prakan,สมุทรปราการ,67.0,80.0,71.0,88.0,98.0,82.0,2.0,97.0,0.0,39.0,96.0,99.0,98.0,99.0,100.0,98.0,baania,2023-08-31
307,20625,BANG BON TAI,บางบอนใต้,3879,BANG BON,บางบอน,3781,Bangkok,กรุงเทพมหานคร,83.0,96.0,83.0,99.0,99.0,94.0,1.0,89.0,1.0,36.0,97.0,67.0,100.0,79.0,97.0,85.0,baania,2023-08-31
213,3946,MAKKASAN,มักกะสัน,3942,RATCHATHEWI,ราชเทวี,3781,Bangkok,กรุงเทพมหานคร,90.0,100.0,90.0,100.0,100.0,97.0,100.0,100.0,100.0,100.0,100.0,77.0,100.0,100.0,93.0,97.0,baania,2023-08-31
244,3573,PHANTHAI NORASING,พันท้ายนรสิงห์,3556,MUEANG SAMUT SAKHON,เมืองสมุทรสาคร,3555,Samut Sakhon,สมุทรสาคร,100.0,100.0,100.0,100.0,100.0,100.0,1.0,58.0,1.0,24.0,20.0,40.0,100.0,60.0,50.0,53.0,baania,2023-08-31
189,3863,THA RAENG,ท่าแร้ง,3862,BANG KHEN,บางเขน,3781,Bangkok,กรุงเทพมหานคร,92.0,90.0,92.0,96.0,100.0,95.0,1.0,78.0,1.0,32.0,96.0,52.0,99.0,90.0,78.0,87.0,baania,2023-08-31
59,3933,BANG WAEK,บางแวก,3928,PHASI CHAROEN,ภาษีเจริญ,3781,Bangkok,กรุงเทพมหานคร,86.0,91.0,86.0,97.0,100.0,93.0,82.0,88.0,9.0,70.0,100.0,62.0,99.0,77.0,65.0,81.0,baania,2023-08-31
104,3426,BANG PHLAP,บางพลับ,3418,PAK KRET,ปากเกร็ด,3372,Nonthaburi,นนทบุรี,50.0,72.0,7.0,92.0,91.0,73.0,1.0,69.0,4.0,29.0,89.0,100.0,64.0,100.0,100.0,94.0,baania,2023-08-31
64,3980,YAN NAWA,ยานนาวา,3977,SATHON,สาทร,3781,Bangkok,กรุงเทพมหานคร,100.0,100.0,100.0,100.0,100.0,100.0,100.0,100.0,100.0,100.0,100.0,85.0,100.0,99.0,100.0,98.0,baania,2023-08-31
48,3834,THAWI WATTHANA,ทวีวัฒนา,3833,THAWI WATTHANA,ทวีวัฒนา,3781,Bangkok,กรุงเทพมหานคร,51.0,83.0,51.0,92.0,99.0,79.0,1.0,70.0,1.0,29.0,84.0,43.0,90.0,62.0,33.0,64.0,baania,2023-08-31
256,3766,KRATHUM LOM,กระทุ่มล้ม,3764,SAM PHRAN,สามพราน,3667,Nakhon Pathom,นครปฐม,48.0,14.0,64.0,87.0,92.0,70.0,0.0,92.0,0.0,37.0,93.0,91.0,93.0,96.0,96.0,94.0,baania,2023-08-31
283,3628,RANGSIT,รังสิต,3623,THANYABURI,ธัญบุรี,3599,Pathum Thani,ปทุมธานี,85.0,64.0,72.0,99.0,99.0,90.0,0.0,97.0,0.0,39.0,100.0,100.0,99.0,98.0,97.0,98.0,baania,2023-08-31
198,3823,WACHIRA PHAYABAN,วชิรพยาบาล,3817,DUSIT,ดุสิต,3781,Bangkok,กรุงเทพมหานคร,100.0,100.0,100.0,100.0,100.0,100.0,15.0,100.0,100.0,66.0,100.0,90.0,100.0,95.0,90.0,96.0,baania,2023-08-31
291,3416,BAN MAI,บ้านใหม่,3411,BANG YAI,บางใหญ่,3372,Nonthaburi,นนทบุรี,34.0,51.0,56.0,65.0,92.0,59.0,1.0,1.0,1.0,1.0,93.0,81.0,78.0,92.0,98.0,91.0,baania,2023-08-31
156,3427,BANG PHUT,บางพูด,3418,PAK KRET,ปากเกร็ด,3372,Nonthaburi,นนทบุรี,95.0,96.0,82.0,98.0,97.0,96.0,1.0,100.0,73.0,55.0,100.0,100.0,99.0,100.0,100.0,100.0,baania,2023-08-31
102,3779,HOM KRET,หอมเกร็ด,3764,SAM PHRAN,สามพราน,3667,Nakhon Pathom,นครปฐม,34.0,17.0,51.0,100.0,100.0,73.0,0.0,34.0,0.0,13.0,86.0,89.0,96.0,100.0,100.0,96.0,baania,2023-08-31
1,3383,SUAN YAI,สวนใหญ่,3373,MUEANG NONTHABURI,เมืองนนทบุรี,3372,Nonthaburi,นนทบุรี,91.0,98.0,84.0,99.0,98.0,96.0,100.0,100.0,100.0,100.0,100.0,98.0,100.0,99.0,100.0,99.0,baania,2023-08-31
42,3554,LAEM FA PHA,แหลมฟ้าผ่า,3549,PHRA SAMUT CHEDI,พระสมุทรเจดีย์,3498,Samut Prakan,สมุทรปราการ,72.0,100.0,72.0,100.0,100.0,91.0,1.0,97.0,0.0,39.0,95.0,100.0,97.0,100.0,100.0,99.0,baania,2023-08-31
150,3888,MAHA PHRUETTHARAM,มหาพฤฒาราม,3886,BANG RAK,บางรัก,3781,Bangkok,กรุงเทพมหานคร,88.0,100.0,88.0,100.0,100.0,96.0,100.0,100.0,100.0,100.0,100.0,90.0,100.0,100.0,100.0,99.0,baania,2023-08-31
79,3678,BAN YANG,บ้านยาง,3668,MUEANG NAKHON PATHOM,เมืองนครปฐม,3667,Nakhon Pathom,นครปฐม,1.0,1.0,100.0,100.0,100.0,70.0,0.0,1.0,0.0,0.0,1.0,73.0,100.0,100.0,100.0,78.0,baania,2023-08-31
197,3620,KHLONG HA,คลองห้า,3615,KHLONG LUANG,คลองหลวง,3599,Pathum Thani,ปทุมธานี,38.0,1.0,56.0,69.0,90.0,57.0,0.0,37.0,0.0,15.0,98.0,100.0,98.0,92.0,41.0,90.0,baania,2023-08-31
17,3551,NAI KHLONG BANG PLA KOT,ในคลองบางปลากด,3549,PHRA SAMUT CHEDI,พระสมุทรเจดีย์,3498,Samut Prakan,สมุทรปราการ,78.0,84.0,73.0,100.0,100.0,91.0,1.0,96.0,0.0,39.0,95.0,97.0,94.0,100.0,100.0,98.0,baania,2023-08-31
190,3531,SISA CHORAKHE NOI,ศีรษะจรเข้น้อย,3529,BANG SAO THONG,บางเสาธง,3498,Samut Prakan,สมุทรปราการ,49.0,36.0,55.0,78.0,100.0,68.0,1.0,80.0,0.0,32.0,92.0,89.0,85.0,97.0,100.0,94.0,baania,2023-08-31
115,3789,BANG LAMPHU LANG,บางลำภูล่าง,3786,KHLONG SAN,คลองสาน,3781,Bangkok,กรุงเทพมหานคร,100.0,100.0,100.0,100.0,100.0,100.0,100.0,97.0,100.0,99.0,100.0,80.0,100.0,93.0,100.0,95.0,baania,2023-08-31
88,3932,BANG DUAN,บางด้วน,3928,PHASI CHAROEN,ภาษีเจริญ,3781,Bangkok,กรุงเทพมหานคร,52.0,83.0,52.0,90.0,96.0,78.0,67.0,89.0,1.0,63.0,97.0,57.0,95.0,80.0,78.0,82.0,baania,2023-08-31
130,3765,SAM PHRAN,สามพราน,3764,SAM PHRAN,สามพราน,3667,Nakhon Pathom,นครปฐม,60.0,1.0,100.0,60.0,20.0,54.0,0.0,1.0,0.0,0.0,100.0,91.0,100.0,100.0,91.0,98.0,baania,2023-08-31
220,3721,KHUN KAEO,ขุนแก้ว,3719,NAKHON CHAI SI,นครชัยศรี,3667,Nakhon Pathom,นครปฐม,21.0,11.0,51.0,100.0,100.0,70.0,0.0,1.0,0.0,0.0,91.0,87.0,87.0,100.0,100.0,96.0,baania,2023-08-31
47,3828,KHLONG CHAK PHRA,คลองชักพระ,3826,TALING CHAN,ตลิ่งชัน,3781,Bangkok,กรุงเทพมหานคร,93.0,100.0,93.0,100.0,100.0,98.0,8.0,97.0,1.0,42.0,100.0,63.0,100.0,97.0,70.0,92.0,baania,2023-08-31
276,3774,BANG CHANG,บางช้าง,3764,SAM PHRAN,สามพราน,3667,Nakhon Pathom,นครปฐม,1.0,20.0,80.0,100.0,60.0,66.0,0.0,1.0,0.0,0.0,18.0,91.0,100.0,100.0,100.0,83.0,baania,2023-08-31
61,3626,BUENG SANAN,บึงสนั่น,3623,THANYABURI,ธัญบุรี,3599,Pathum Thani,ปทุมธานี,92.0,41.0,74.0,96.0,96.0,87.0,0.0,1.0,0.0,0.0,100.0,100.0,95.0,100.0,80.0,97.0,baania,2023-08-31
58,3502,THEPHARAK,เทพารักษ์,3499,MUEANG SAMUT PRAKAN,เมืองสมุทรปราการ,3498,Samut Prakan,สมุทรปราการ,96.0,98.0,95.0,100.0,100.0,98.0,39.0,100.0,0.0,55.0,100.0,100.0,100.0,100.0,100.0,100.0,baania,2023-08-31
161,3849,BANG KHUN SI,บางขุนศรี,3847,BANGKOK NOI,บางกอกน้อย,3781,Bangkok,กรุงเทพมหานคร,96.0,100.0,96.0,99.0,100.0,98.0,12.0,99.0,97.0,64.0,100.0,84.0,100.0,98.0,96.0,97.0,baania,2023-08-31
157,3990,KRATHUM RAI,กระทุ่มราย,3988,NONG CHOK,หนองจอก,3781,Bangkok,กรุงเทพมหานคร,98.0,100.0,98.0,100.0,100.0,99.0,1.0,84.0,1.0,34.0,96.0,61.0,100.0,80.0,67.0,82.0,baania,2023-08-31
107,3611,BAN CHANG,บ้านฉาง,3600,MUEANG PATHUM THANI,เมืองปทุมธานี,3599,Pathum Thani,ปทุมธานี,85.0,80.0,100.0,100.0,100.0,95.0,0.0,100.0,0.0,40.0,100.0,100.0,100.0,99.0,99.0,99.0,baania,2023-08-31
137,3413,BANG MAE NANG,บางแม่นาง,3411,BANG YAI,บางใหญ่,3372,Nonthaburi,นนทบุรี,63.0,76.0,45.0,93.0,93.0,80.0,44.0,49.0,1.0,37.0,92.0,97.0,91.0,100.0,100.0,97.0,baania,2023-08-31
175,3539,BANG KHRU,บางครุ,3533,PHRA PRADAENG,พระประแดง,3498,Samut Prakan,สมุทรปราการ,80.0,96.0,72.0,94.0,98.0,90.0,1.0,100.0,0.0,40.0,100.0,96.0,99.0,100.0,95.0,99.0,baania,2023-08-31
38,3633,KHU KHWANG,คูขวาง,3630,LAT LUM KAEO,ลาดหลุมแก้ว,3599,Pathum Thani,ปทุมธานี,51.0,60.0,70.0,100.0,100.0,83.0,0.0,87.0,0.0,35.0,100.0,100.0,100.0,96.0,100.0,98.0,baania,2023-08-31
103,3999,THUNG SONG HONG,ทุ่งสองห้อง,3997,LAK SI,หลักสี่,3781,Bangkok,กรุงเทพมหานคร,89.0,96.0,89.0,100.0,98.0,96.0,3.0,97.0,3.0,41.0,97.0,72.0,100.0,94.0,98.0,93.0,baania,2023-08-31
92,3983,KHLONG THANON,คลองถนน,3981,SAI MAI,สายไหม,3781,Bangkok,กรุงเทพมหานคร,83.0,98.0,83.0,99.0,100.0,94.0,1.0,82.0,1.0,34.0,98.0,56.0,99.0,82.0,92.0,85.0,baania,2023-08-31
285,3972,SAPHAN SUNG,สะพานสูง,3971,SAPHAN SUNG,สะพานสูง,3781,Bangkok,กรุงเทพมหานคร,84.0,90.0,84.0,97.0,98.0,93.0,31.0,87.0,17.0,51.0,94.0,50.0,98.0,77.0,67.0,79.0,baania,2023-08-31
217,3827,TALING CHAN,ตลิ่งชัน,3826,TALING CHAN,ตลิ่งชัน,3781,Bangkok,กรุงเทพมหานคร,79.0,94.0,79.0,100.0,100.0,93.0,1.0,87.0,1.0,36.0,97.0,53.0,97.0,76.0,94.0,81.0,baania,2023-08-31
109,4003,SAM SEN NOK,สามเสนนอก,4000,HUAI KHWANG,ห้วยขวาง,3781,Bangkok,กรุงเทพมหานคร,95.0,100.0,95.0,100.0,100.0,99.0,100.0,96.0,8.0,80.0,100.0,72.0,100.0,91.0,99.0,92.0,baania,2023-08-31
185,3622,KHLONG CHET,คลองเจ็ด,3615,KHLONG LUANG,คลองหลวง,3599,Pathum Thani,ปทุมธานี,74.0,1.0,86.0,100.0,100.0,83.0,0.0,62.0,0.0,24.0,100.0,100.0,96.0,97.0,48.0,93.0,baania,2023-08-31
162,3382,BANG SI MUEANG,บางศรีเมือง,3373,MUEANG NONTHABURI,เมืองนนทบุรี,3372,Nonthaburi,นนทบุรี,98.0,98.0,76.0,99.0,100.0,96.0,20.0,99.0,96.0,67.0,100.0,99.0,98.0,100.0,98.0,99.0,baania,2023-08-31
257,3970,SUAN LUANG,สวนหลวง,3969,SUAN LUANG,สวนหลวง,3781,Bangkok,กรุงเทพมหานคร,86.0,93.0,86.0,97.0,97.0,93.0,87.0,92.0,39.0,80.0,97.0,64.0,99.0,86.0,95.0,88.0,baania,2023-08-31
288,3637,NA MAI,หน้าไม้,3630,LAT LUM KAEO,ลาดหลุมแก้ว,3599,Pathum Thani,ปทุมธานี,51.0,1.0,51.0,100.0,100.0,75.0,0.0,1.0,0.0,0.0,100.0,100.0,73.0,96.0,1.0,85.0,baania,2023-08-31
177,3386,KHLONG KHWANG,คลองขวาง,3384,SAI NOI,ไทรน้อย,3372,Nonthaburi,นนทบุรี,100.0,100.0,20.0,100.0,100.0,92.0,1.0,100.0,1.0,41.0,100.0,100.0,100.0,100.0,100.0,100.0,baania,2023-08-31
46,3524,BANG KAEO,บางแก้ว,3522,BANG PHLI,บางพลี,3498,Samut Prakan,สมุทรปราการ,78.0,80.0,79.0,92.0,98.0,88.0,1.0,98.0,0.0,39.0,98.0,98.0,95.0,99.0,100.0,99.0,baania,2023-08-31
334,3883,BANG BAMRU,บางบำหรุ,3881,BANG PHLAT,บางพลัด,3781,Bangkok,กรุงเทพมหานคร,100.0,100.0,100.0,100.0,100.0,100.0,1.0,99.0,94.0,59.0,100.0,71.0,100.0,99.0,97.0,96.0,baania,2023-08-31
312,3814,SI KAN,สีกัน,3811,DON MUEANG,ดอนเมือง,3781,Bangkok,กรุงเทพมหานคร,62.0,84.0,62.0,98.0,98.0,86.0,1.0,50.0,1.0,20.0,88.0,51.0,89.0,76.0,69.0,76.0,baania,2023-08-31
322,3903,DOKMAI,ดอกไม้,3901,PRAWET,ประเวศ,3781,Bangkok,กรุงเทพมหานคร,85.0,91.0,85.0,98.0,100.0,94.0,5.0,86.0,1.0,37.0,98.0,47.0,97.0,83.0,95.0,85.0,baania,2023-08-31
154,3845,SAMRE,สำเหร่,3839,THON BURI,ธนบุรี,3781,Bangkok,กรุงเทพมหานคร,88.0,100.0,88.0,100.0,100.0,96.0,100.0,97.0,100.0,99.0,100.0,80.0,100.0,90.0,100.0,93.0,baania,2023-08-31
259,3870,BANG KHAE,บางแค,3869,BANG KHAE,บางแค,3781,Bangkok,กรุงเทพมหานคร,80.0,95.0,80.0,100.0,100.0,93.0,2.0,94.0,1.0,39.0,97.0,63.0,97.0,92.0,93.0,91.0,baania,2023-08-31
212,3763,SALA YA,ศาลายา,3760,PHUTTHAMONTHON,พุทธมณฑล,3667,Nakhon Pathom,นครปฐม,53.0,13.0,73.0,99.0,95.0,78.0,0.0,77.0,0.0,31.0,97.0,86.0,97.0,100.0,100.0,98.0,baania,2023-08-31
222,3671,THANON KHAT,ถนนขาด,3668,MUEANG NAKHON PATHOM,เมืองนครปฐม,3667,Nakhon Pathom,นครปฐม,54.0,7.0,7.0,87.0,100.0,65.0,0.0,1.0,0.0,0.0,97.0,79.0,88.0,100.0,100.0,96.0,baania,2023-08-31
30,3937,MIN BURI,มีนบุรี,3936,MIN BURI,มีนบุรี,3781,Bangkok,กรุงเทพมหานคร,96.0,99.0,96.0,97.0,100.0,97.0,2.0,93.0,1.0,38.0,97.0,67.0,100.0,87.0,85.0,88.0,baania,2023-08-31
131,3954,KHLONG SAM PRAWET,คลองสามประเวศ,3950,LAT KRABANG,ลาดกระบัง,3781,Bangkok,กรุงเทพมหานคร,95.0,100.0,95.0,100.0,100.0,99.0,55.0,88.0,1.0,57.0,99.0,55.0,100.0,75.0,57.0,79.0,baania,2023-08-31
339,3987,NONG KHANG PHLU,หนองค้างพลู,3985,NONG KHAEM,หนองแขม,3781,Bangkok,กรุงเทพมหานคร,88.0,97.0,88.0,99.0,99.0,95.0,1.0,93.0,1.0,38.0,99.0,66.0,99.0,87.0,72.0,87.0,baania,2023-08-31
148,3956,LAM PLA THIO,ลำปลาทิว,3950,LAT KRABANG,ลาดกระบัง,3781,Bangkok,กรุงเทพมหานคร,86.0,94.0,86.0,96.0,100.0,93.0,9.0,65.0,1.0,30.0,92.0,49.0,99.0,75.0,84.0,79.0,baania,2023-08-31
231,3391,NONG PHRAO NGAI,หนองเพรางาย,3384,SAI NOI,ไทรน้อย,3372,Nonthaburi,นนทบุรี,44.0,64.0,1.0,97.0,100.0,73.0,1.0,1.0,1.0,1.0,92.0,99.0,62.0,100.0,100.0,95.0,baania,2023-08-31
239,3412,BANG MUANG,บางม่วง,3411,BANG YAI,บางใหญ่,3372,Nonthaburi,นนทบุรี,72.0,93.0,65.0,98.0,99.0,89.0,14.0,94.0,1.0,44.0,97.0,100.0,97.0,100.0,100.0,99.0,baania,2023-08-31
86,3669,DON YAI HOM,ดอนยายหอม,3668,MUEANG NAKHON PATHOM,เมืองนครปฐม,3667,Nakhon Pathom,นครปฐม,1.0,20.0,1.0,40.0,80.0,30.0,0.0,1.0,0.0,0.0,73.0,91.0,73.0,100.0,100.0,91.0,baania,2023-08-31
151,3683,LAM PHAYA,ลำพยา,3668,MUEANG NAKHON PATHOM,เมืองนครปฐม,3667,Nakhon Pathom,นครปฐม,33.0,15.0,60.0,95.0,98.0,71.0,0.0,1.0,0.0,0.0,83.0,96.0,94.0,100.0,100.0,95.0,baania,2023-08-31
140,3619,KHLONG SI,คลองสี่,3615,KHLONG LUANG,คลองหลวง,3599,Pathum Thani,ปทุมธานี,18.0,18.0,71.0,98.0,90.0,70.0,0.0,81.0,0.0,32.0,100.0,99.0,96.0,77.0,57.0,84.0,baania,2023-08-31
172,3943,THANON PHAYA THAI,ถนนพญาไท,3942,RATCHATHEWI,ราชเทวี,3781,Bangkok,กรุงเทพมหานคร,100.0,100.0,100.0,100.0,100.0,100.0,100.0,100.0,100.0,100.0,100.0,86.0,100.0,100.0,95.0,98.0,baania,2023-08-31
76,3788,KHLONG TON SAI,คลองต้นไทร,3786,KHLONG SAN,คลองสาน,3781,Bangkok,กรุงเทพมหานคร,99.0,100.0,99.0,100.0,100.0,100.0,100.0,100.0,100.0,100.0,100.0,81.0,100.0,100.0,100.0,98.0,baania,2023-08-31
167,3805,SENA NIKHOM,เสนานิคม,3800,CHATUCHAK,จตุจักร,3781,Bangkok,กรุงเทพมหานคร,92.0,100.0,92.0,100.0,99.0,97.0,33.0,98.0,1.0,52.0,99.0,66.0,99.0,94.0,94.0,93.0,baania,2023-08-31
98,3899,LUMPHINI,ลุมพินี,3896,PATHUM WAN,ปทุมวัน,3781,Bangkok,กรุงเทพมหานคร,97.0,100.0,97.0,100.0,100.0,99.0,100.0,100.0,100.0,100.0,99.0,83.0,100.0,99.0,98.0,97.0,baania,2023-08-31
139,3890,SI LOM,สีลม,3886,BANG RAK,บางรัก,3781,Bangkok,กรุงเทพมหานคร,98.0,100.0,98.0,100.0,100.0,99.0,100.0,100.0,97.0,99.0,100.0,88.0,100.0,100.0,98.0,99.0,baania,2023-08-31
289,3958,LAT PHRAO,ลาดพร้าว,3957,LAT PHRAO,ลาดพร้าว,3781,Bangkok,กรุงเทพมหานคร,89.0,99.0,89.0,99.0,99.0,96.0,24.0,98.0,1.0,49.0,99.0,67.0,99.0,94.0,93.0,93.0,baania,2023-08-31
324,3692,NONG PAK LONG,หนองปากโลง,3668,MUEANG NAKHON PATHOM,เมืองนครปฐม,3667,Nakhon Pathom,นครปฐม,68.0,11.0,75.0,98.0,78.0,79.0,0.0,1.0,0.0,0.0,94.0,92.0,97.0,100.0,98.0,97.0,baania,2023-08-31
320,3873,LAK SONG,หลักสอง,3869,BANG KHAE,บางแค,3781,Bangkok,กรุงเทพมหานคร,74.0,79.0,74.0,95.0,92.0,86.0,1.0,88.0,1.0,36.0,95.0,56.0,98.0,80.0,84.0,82.0,baania,2023-08-31
14,20624,BANG BON NUEA,บางบอนเหนือ,3879,BANG BON,บางบอน,3781,Bangkok,กรุงเทพมหานคร,88.0,96.0,88.0,100.0,100.0,96.0,1.0,82.0,1.0,33.0,90.0,47.0,100.0,73.0,77.0,77.0,baania,2023-08-31
216,3984,O NGOEN,ออเงิน,3981,SAI MAI,สายไหม,3781,Bangkok,กรุงเทพมหานคร,77.0,90.0,77.0,96.0,100.0,90.0,1.0,40.0,1.0,17.0,88.0,54.0,98.0,78.0,79.0,80.0,baania,2023-08-31
326,20622,BANG NA NUEA,บางนาเหนือ,3877,BANG NA,บางนา,3781,Bangkok,กรุงเทพมหานคร,97.0,100.0,97.0,100.0,100.0,99.0,82.0,98.0,1.0,72.0,98.0,67.0,100.0,97.0,99.0,95.0,baania,2023-08-31
166,3400,WAT CHALO,วัดชลอ,3392,BANG KRUAI,บางกรวย,3372,Nonthaburi,นนทบุรี,74.0,90.0,64.0,91.0,91.0,84.0,1.0,97.0,36.0,47.0,97.0,100.0,96.0,99.0,98.0,98.0,baania,2023-08-31
202,3616,KHLONG NUENG,คลองหนึ่ง,3615,KHLONG LUANG,คลองหลวง,3599,Pathum Thani,ปทุมธานี,90.0,70.0,72.0,99.0,95.0,91.0,0.0,83.0,0.0,33.0,100.0,100.0,98.0,99.0,96.0,99.0,baania,2023-08-31
63,3955,THAP YAO,ทับยาว,3950,LAT KRABANG,ลาดกระบัง,3781,Bangkok,กรุงเทพมหานคร,87.0,85.0,87.0,90.0,95.0,89.0,6.0,77.0,1.0,33.0,92.0,56.0,95.0,74.0,80.0,78.0,baania,2023-08-31
253,3504,BANG PU,บางปู,3499,MUEANG SAMUT PRAKAN,เมืองสมุทรปราการ,3498,Samut Prakan,สมุทรปราการ,75.0,95.0,100.0,100.0,100.0,95.0,1.0,1.0,0.0,1.0,96.0,100.0,100.0,100.0,100.0,99.0,baania,2023-08-31
152,3785,PHRA KHANONG,พระโขนง,3782,KHLONG TOEI,คลองเตย,3781,Bangkok,กรุงเทพมหานคร,96.0,99.0,96.0,100.0,100.0,99.0,100.0,99.0,43.0,89.0,100.0,92.0,100.0,99.0,100.0,99.0,baania,2023-08-31
214,3674,THAMMASALA,ธรรมศาลา,3668,MUEANG NAKHON PATHOM,เมืองนครปฐม,3667,Nakhon Pathom,นครปฐม,80.0,20.0,1.0,100.0,100.0,78.0,0.0,1.0,0.0,0.0,100.0,100.0,91.0,100.0,100.0,99.0,baania,2023-08-31
298,3976,TALAT NOI,ตลาดน้อย,3973,SAMPHANTHAWONG,สัมพันธวงศ์,3781,Bangkok,กรุงเทพมหานคร,100.0,100.0,100.0,100.0,100.0,100.0,100.0,100.0,100.0,100.0,100.0,87.0,100.0,100.0,100.0,99.0,baania,2023-08-31
303,3832,BANG RAMAT,บางระมาด,3826,TALING CHAN,ตลิ่งชัน,3781,Bangkok,กรุงเทพมหานคร,73.0,99.0,73.0,100.0,99.0,92.0,4.0,92.0,1.0,39.0,99.0,53.0,98.0,89.0,63.0,86.0,baania,2023-08-31
100,3610,BAN KLANG,บ้านกลาง,3600,MUEANG PATHUM THANI,เมืองปทุมธานี,3599,Pathum Thani,ปทุมธานี,88.0,68.0,71.0,100.0,100.0,91.0,0.0,96.0,0.0,39.0,100.0,100.0,96.0,96.0,93.0,97.0,baania,2023-08-31
111,3627,PRACHA THIPAT,ประชาธิปัตย์,3623,THANYABURI,ธัญบุรี,3599,Pathum Thani,ปทุมธานี,95.0,87.0,91.0,97.0,100.0,96.0,0.0,100.0,0.0,40.0,100.0,100.0,99.0,100.0,99.0,100.0,baania,2023-08-31
127,3868,BANG KHLO,บางโคล่,3865,BANG KHO LAEM,บางคอแหลม,3781,Bangkok,กรุงเทพมหานคร,83.0,99.0,83.0,99.0,99.0,94.0,64.0,93.0,92.0,82.0,98.0,79.0,100.0,89.0,99.0,92.0,baania,2023-08-31
122,3652,CHIANG RAK YAI,เชียงรากใหญ่,3647,SAM KHOK,สามโคก,3599,Pathum Thani,ปทุมธานี,14.0,1.0,21.0,100.0,100.0,65.0,0.0,19.0,0.0,7.0,100.0,100.0,94.0,85.0,45.0,87.0,baania,2023-08-31
300,3887,BANG RAK,บางรัก,3886,BANG RAK,บางรัก,3781,Bangkok,กรุงเทพมหานคร,100.0,100.0,100.0,100.0,100.0,100.0,100.0,100.0,100.0,100.0,100.0,90.0,100.0,100.0,100.0,99.0,baania,2023-08-31
124,3515,KHLONG DAN,คลองด่าน,3513,BANG BO,บางบ่อ,3498,Samut Prakan,สมุทรปราการ,80.0,100.0,1.0,100.0,100.0,86.0,1.0,1.0,0.0,1.0,100.0,100.0,73.0,100.0,100.0,97.0,baania,2023-08-31
301,3885,BANG O,บางอ้อ,3881,BANG PHLAT,บางพลัด,3781,Bangkok,กรุงเทพมหานคร,100.0,100.0,100.0,100.0,100.0,100.0,91.0,96.0,100.0,95.0,100.0,77.0,100.0,89.0,100.0,92.0,baania,2023-08-31
129,3979,THUNG WAT DON,ทุ่งวัดดอน,3977,SATHON,สาทร,3781,Bangkok,กรุงเทพมหานคร,100.0,100.0,100.0,100.0,100.0,100.0,100.0,100.0,97.0,100.0,100.0,88.0,100.0,98.0,100.0,98.0,baania,2023-08-31
43,3509,PAK NAM,ปากน้ำ,3499,MUEANG SAMUT PRAKAN,เมืองสมุทรปราการ,3498,Samut Prakan,สมุทรปราการ,91.0,93.0,96.0,100.0,97.0,97.0,8.0,100.0,0.0,43.0,100.0,100.0,100.0,100.0,100.0,100.0,baania,2023-08-31
249,3949,BANG PAKOK,บางปะกอก,3947,RAT BURANA,ราษฎร์บูรณะ,3781,Bangkok,กรุงเทพมหานคร,81.0,98.0,81.0,100.0,100.0,94.0,19.0,91.0,95.0,63.0,100.0,69.0,100.0,87.0,93.0,90.0,baania,2023-08-31
165,3552,BAN KHLONG SUAN,บ้านคลองสวน,3549,PHRA SAMUT CHEDI,พระสมุทรเจดีย์,3498,Samut Prakan,สมุทรปราการ,57.0,59.0,45.0,92.0,92.0,77.0,1.0,56.0,0.0,23.0,73.0,76.0,80.0,96.0,95.0,88.0,baania,2023-08-31
337,3514,BANG BO,บางบ่อ,3513,BANG BO,บางบ่อ,3498,Samut Prakan,สมุทรปราการ,87.0,73.0,91.0,93.0,83.0,88.0,1.0,17.0,0.0,7.0,95.0,87.0,98.0,97.0,98.0,96.0,baania,2023-08-31
51,3501,THAI BAN MAI,ท้ายบ้านใหม่,3499,MUEANG SAMUT PRAKAN,เมืองสมุทรปราการ,3498,Samut Prakan,สมุทรปราการ,97.0,94.0,85.0,99.0,99.0,97.0,1.0,96.0,0.0,38.0,100.0,100.0,98.0,100.0,100.0,100.0,baania,2023-08-31
44,3604,BANG DUEA,บางเดื่อ,3600,MUEANG PATHUM THANI,เมืองปทุมธานี,3599,Pathum Thani,ปทุมธานี,63.0,36.0,69.0,98.0,85.0,81.0,0.0,94.0,0.0,37.0,100.0,96.0,95.0,97.0,87.0,96.0,baania,2023-08-31
218,3658,BAN PATHUM,บ้านปทุม,3647,SAM KHOK,สามโคก,3599,Pathum Thani,ปทุมธานี,1.0,1.0,1.0,60.0,20.0,32.0,0.0,1.0,0.0,0.0,100.0,91.0,73.0,64.0,18.0,70.0,baania,2023-08-31
251,3705,SA SI MUM,สระสี่มุม,3694,KAMPHAENG SAEN,กำแพงแสน,3667,Nakhon Pathom,นครปฐม,1.0,1.0,1.0,100.0,100.0,60.0,0.0,1.0,0.0,0.0,45.0,73.0,64.0,100.0,100.0,83.0,baania,2023-08-31
228,3634,KHU BANG LUANG,คูบางหลวง,3630,LAT LUM KAEO,ลาดหลุมแก้ว,3599,Pathum Thani,ปทุมธานี,49.0,4.0,18.0,72.0,72.0,55.0,0.0,75.0,0.0,30.0,90.0,97.0,74.0,77.0,56.0,79.0,baania,2023-08-31
208,3776,BAN MAI,บ้านใหม่,3764,SAM PHRAN,สามพราน,3667,Nakhon Pathom,นครปฐม,80.0,14.0,60.0,100.0,100.0,83.0,0.0,36.0,0.0,14.0,100.0,88.0,94.0,100.0,100.0,98.0,baania,2023-08-31
34,3607,BANG PHUN,บางพูน,3600,MUEANG PATHUM THANI,เมืองปทุมธานี,3599,Pathum Thani,ปทุมธานี,77.0,45.0,81.0,98.0,97.0,87.0,0.0,96.0,0.0,38.0,100.0,100.0,98.0,97.0,87.0,97.0,baania,2023-08-31
306,3512,SAMRONG NUEA,สำโรงเหนือ,3499,MUEANG SAMUT PRAKAN,เมืองสมุทรปราการ,3498,Samut Prakan,สมุทรปราการ,89.0,88.0,89.0,99.0,99.0,95.0,84.0,100.0,0.0,73.0,100.0,99.0,100.0,100.0,100.0,100.0,baania,2023-08-31
265,3861,SAMAE DAM,แสมดำ,3859,BANG KHUN THIAN,บางขุนเทียน,3781,Bangkok,กรุงเทพมหานคร,77.0,90.0,77.0,97.0,100.0,91.0,1.0,84.0,1.0,34.0,95.0,54.0,97.0,81.0,89.0,84.0,baania,2023-08-31
2,4001,HUAI KHWANG,ห้วยขวาง,4000,HUAI KHWANG,ห้วยขวาง,3781,Bangkok,กรุงเทพมหานคร,87.0,99.0,87.0,100.0,100.0,96.0,100.0,99.0,59.0,91.0,99.0,75.0,99.0,98.0,95.0,96.0,baania,2023-08-31
207,3636,RAHAENG,ระแหง,3630,LAT LUM KAEO,ลาดหลุมแก้ว,3599,Pathum Thani,ปทุมธานี,29.0,6.0,69.0,69.0,91.0,57.0,0.0,1.0,0.0,0.0,97.0,100.0,99.0,94.0,77.0,94.0,baania,2023-08-31
333,3510,PHRAEKSA,แพรกษา,3499,MUEANG SAMUT PRAKAN,เมืองสมุทรปราการ,3498,Samut Prakan,สมุทรปราการ,79.0,72.0,65.0,100.0,99.0,89.0,1.0,41.0,0.0,17.0,99.0,99.0,97.0,100.0,100.0,99.0,baania,2023-08-31
313,20615,PHRA HANONG TAI,พระโขนงใต้,3913,PHRA KHANONG,พระโขนง,3781,Bangkok,กรุงเทพมหานคร,95.0,98.0,95.0,100.0,100.0,98.0,100.0,99.0,1.0,79.0,100.0,75.0,100.0,97.0,100.0,96.0,baania,2023-08-31
52,3998,TALAT BANG KHEN,ตลาดบางเขน,3997,LAK SI,หลักสี่,3781,Bangkok,กรุงเทพมหานคร,87.0,97.0,87.0,100.0,99.0,96.0,1.0,97.0,1.0,40.0,100.0,79.0,99.0,94.0,97.0,95.0,baania,2023-08-31
89,3388,SAI NOI,ไทรน้อย,3384,SAI NOI,ไทรน้อย,3372,Nonthaburi,นนทบุรี,47.0,90.0,18.0,96.0,93.0,77.0,1.0,91.0,1.0,37.0,90.0,100.0,83.0,100.0,100.0,96.0,baania,2023-08-31
149,3784,KHLONG TAN,คลองตัน,3782,KHLONG TOEI,คลองเตย,3781,Bangkok,กรุงเทพมหานคร,100.0,100.0,100.0,100.0,100.0,100.0,100.0,100.0,97.0,99.0,100.0,80.0,100.0,100.0,100.0,98.0,baania,2023-08-31
113,3735,LAN TAK FA,ลานตากฟ้า,3719,NAKHON CHAI SI,นครชัยศรี,3667,Nakhon Pathom,นครปฐม,1.0,1.0,1.0,1.0,100.0,11.0,0.0,1.0,0.0,0.0,55.0,45.0,73.0,82.0,100.0,74.0,baania,2023-08-31
84,3951,LAT KRABANG,ลาดกระบัง,3950,LAT KRABANG,ลาดกระบัง,3781,Bangkok,กรุงเทพมหานคร,75.0,98.0,75.0,100.0,99.0,92.0,92.0,97.0,1.0,76.0,92.0,53.0,98.0,98.0,88.0,91.0,baania,2023-08-31
159,3740,SISA THONG,ศรีษะทอง,3719,NAKHON CHAI SI,นครชัยศรี,3667,Nakhon Pathom,นครปฐม,100.0,20.0,100.0,100.0,100.0,92.0,0.0,1.0,0.0,0.0,100.0,100.0,100.0,100.0,100.0,100.0,baania,2023-08-31
199,3910,WAT SOMMANAT,วัดโสมนัส,3905,POM PRAP SATTRU PHAI,ป้อมปราบศัตรูพ่าย,3781,Bangkok,กรุงเทพมหานคร,100.0,100.0,100.0,100.0,100.0,100.0,97.0,100.0,100.0,99.0,100.0,90.0,100.0,100.0,100.0,99.0,baania,2023-08-31
160,3379,BANG KHEN,บางเขน,3373,MUEANG NONTHABURI,เมืองนนทบุรี,3372,Nonthaburi,นนทบุรี,94.0,98.0,77.0,100.0,99.0,96.0,98.0,100.0,50.0,89.0,100.0,100.0,99.0,100.0,100.0,100.0,baania,2023-08-31
82,3948,RAT BURANA,ราษฎร์บูรณะ,3947,RAT BURANA,ราษฎร์บูรณะ,3781,Bangkok,กรุงเทพมหานคร,100.0,98.0,100.0,100.0,100.0,100.0,1.0,92.0,87.0,54.0,100.0,72.0,100.0,88.0,98.0,91.0,baania,2023-08-31
93,3380,BANG PHAI,บางไผ่,3373,MUEANG NONTHABURI,เมืองนนทบุรี,3372,Nonthaburi,นนทบุรี,80.0,97.0,85.0,94.0,100.0,91.0,22.0,99.0,99.0,68.0,98.0,100.0,100.0,100.0,100.0,99.0,baania,2023-08-31
200,3858,HUA MAK,หัวหมาก,3856,BANG KAPI,บางกะปิ,3781,Bangkok,กรุงเทพมหานคร,94.0,98.0,94.0,100.0,99.0,98.0,94.0,98.0,100.0,97.0,99.0,74.0,100.0,95.0,96.0,94.0,baania,2023-08-31
210,3542,BANG PHUENG,บางพึ่ง,3533,PHRA PRADAENG,พระประแดง,3498,Samut Prakan,สมุทรปราการ,92.0,96.0,46.0,100.0,96.0,92.0,1.0,99.0,0.0,40.0,99.0,100.0,95.0,100.0,100.0,99.0,baania,2023-08-31
31,3945,THUNG PHAYA THAI,ทุ่งพญาไท,3942,RATCHATHEWI,ราชเทวี,3781,Bangkok,กรุงเทพมหานคร,100.0,100.0,100.0,100.0,100.0,100.0,100.0,100.0,100.0,100.0,100.0,89.0,100.0,100.0,89.0,98.0,baania,2023-08-31
62,3953,KHLONG SONG TON NUN,คลองสองต้นนุ่น,3950,LAT KRABANG,ลาดกระบัง,3781,Bangkok,กรุงเทพมหานคร,85.0,98.0,85.0,100.0,100.0,95.0,49.0,89.0,1.0,56.0,89.0,51.0,97.0,85.0,60.0,81.0,baania,2023-08-31
178,3606,BANG PHUT,บางพูด,3600,MUEANG PATHUM THANI,เมืองปทุมธานี,3599,Pathum Thani,ปทุมธานี,1.0,12.0,68.0,80.0,68.0,55.0,0.0,8.0,0.0,3.0,95.0,100.0,89.0,59.0,71.0,74.0,baania,2023-08-31
311,3904,NONG BON,หนองบอน,3901,PRAWET,ประเวศ,3781,Bangkok,กรุงเทพมหานคร,82.0,92.0,82.0,97.0,99.0,92.0,4.0,92.0,1.0,39.0,95.0,61.0,99.0,90.0,96.0,90.0,baania,2023-08-31
204,3676,BO PHLAP,บ่อพลับ,3668,MUEANG NAKHON PATHOM,เมืองนครปฐม,3667,Nakhon Pathom,นครปฐม,50.0,10.0,60.0,77.0,70.0,62.0,0.0,1.0,0.0,0.0,80.0,83.0,83.0,83.0,83.0,83.0,baania,2023-08-31
243,3831,BANG PHROM,บางพรม,3826,TALING CHAN,ตลิ่งชัน,3781,Bangkok,กรุงเทพมหานคร,85.0,90.0,85.0,95.0,88.0,91.0,60.0,83.0,31.0,63.0,96.0,54.0,100.0,78.0,58.0,79.0,baania,2023-08-31
262,3996,LAM PHAK CHI,ลำผักชี,3988,NONG CHOK,หนองจอก,3781,Bangkok,กรุงเทพมหานคร,72.0,91.0,72.0,99.0,96.0,90.0,1.0,64.0,1.0,26.0,65.0,55.0,98.0,67.0,50.0,66.0,baania,2023-08-31
7,3992,KHLONG SIP SONG,คลองสิบสอง,3988,NONG CHOK,หนองจอก,3781,Bangkok,กรุงเทพมหานคร,80.0,96.0,80.0,100.0,100.0,94.0,1.0,3.0,1.0,2.0,89.0,30.0,99.0,47.0,40.0,58.0,baania,2023-08-31
65,3726,THA TAMNAK,ท่าตำหนัก,3719,NAKHON CHAI SI,นครชัยศรี,3667,Nakhon Pathom,นครปฐม,53.0,13.0,47.0,67.0,53.0,55.0,0.0,1.0,0.0,0.0,67.0,67.0,67.0,67.0,67.0,67.0,baania,2023-08-31
245,3625,BUENG YI THO,บึงยี่โถ,3623,THANYABURI,ธัญบุรี,3599,Pathum Thani,ปทุมธานี,97.0,96.0,92.0,99.0,98.0,98.0,0.0,100.0,0.0,40.0,100.0,100.0,100.0,100.0,100.0,100.0,baania,2023-08-31
297,3959,CHORAKHE BUA,จรเข้บัว,3957,LAT PHRAO,ลาดพร้าว,3781,Bangkok,กรุงเทพมหานคร,95.0,98.0,95.0,100.0,100.0,98.0,1.0,95.0,1.0,39.0,92.0,57.0,100.0,90.0,94.0,89.0,baania,2023-08-31
4,3854,WAT THA PHRA,วัดท่าพระ,3853,BANGKOK YAI,บางกอกใหญ่,3781,Bangkok,กรุงเทพมหานคร,100.0,99.0,100.0,100.0,100.0,100.0,97.0,96.0,95.0,96.0,100.0,80.0,100.0,89.0,96.0,92.0,baania,2023-08-31
274,3387,THAWI WATTHANA,ทวีวัฒนา,3384,SAI NOI,ไทรน้อย,3372,Nonthaburi,นนทบุรี,1.0,90.0,90.0,1.0,66.0,26.0,1.0,7.0,1.0,4.0,49.0,98.0,98.0,91.0,97.0,85.0,baania,2023-08-31
12,3889,SI PHRAYA,สี่พระยา,3886,BANG RAK,บางรัก,3781,Bangkok,กรุงเทพมหานคร,89.0,100.0,89.0,100.0,100.0,97.0,100.0,100.0,100.0,100.0,100.0,90.0,100.0,100.0,97.0,99.0,baania,2023-08-31
180,3377,BANG KRASO,บางกระสอ,3373,MUEANG NONTHABURI,เมืองนนทบุรี,3372,Nonthaburi,นนทบุรี,92.0,97.0,78.0,99.0,99.0,95.0,100.0,100.0,78.0,95.0,100.0,100.0,100.0,100.0,100.0,100.0,baania,2023-08-31
53,3796,SAM WA TAWAN OK,สามวาตะวันออก,3791,KHLONG SAM WA,คลองสามวา,3781,Bangkok,กรุงเทพมหานคร,96.0,70.0,96.0,97.0,96.0,94.0,1.0,1.0,1.0,1.0,57.0,25.0,100.0,45.0,41.0,51.0,baania,2023-08-31
36,3829,CHIMPHLI,ฉิมพลี,3826,TALING CHAN,ตลิ่งชัน,3781,Bangkok,กรุงเทพมหานคร,90.0,85.0,90.0,92.0,98.0,91.0,1.0,87.0,1.0,36.0,97.0,52.0,98.0,85.0,87.0,86.0,baania,2023-08-31
323,3403,BANG KHU RAT,บางคูรัด,3402,BANG BUA THONG,บางบัวทอง,3372,Nonthaburi,นนทบุรี,81.0,91.0,67.0,89.0,92.0,85.0,1.0,15.0,1.0,7.0,98.0,99.0,96.0,99.0,100.0,98.0,baania,2023-08-31
304,3520,BAN RAKAT,บ้านระกาศ,3513,BANG BO,บางบ่อ,3498,Samut Prakan,สมุทรปราการ,100.0,1.0,75.0,100.0,100.0,88.0,1.0,1.0,0.0,1.0,100.0,55.0,96.0,100.0,100.0,96.0,baania,2023-08-31
40,3631,LAT LUM KAEO,ลาดหลุมแก้ว,3630,LAT LUM KAEO,ลาดหลุมแก้ว,3599,Pathum Thani,ปทุมธานี,52.0,1.0,9.0,100.0,100.0,71.0,0.0,1.0,0.0,0.0,100.0,100.0,78.0,94.0,12.0,86.0,baania,2023-08-31
319,3794,BANG CHAN,บางชัน,3791,KHLONG SAM WA,คลองสามวา,3781,Bangkok,กรุงเทพมหานคร,90.0,99.0,90.0,97.0,99.0,95.0,1.0,45.0,1.0,19.0,98.0,54.0,100.0,92.0,91.0,90.0,baania,2023-08-31
272,3393,BANG KRUAI,บางกรวย,3392,BANG KRUAI,บางกรวย,3372,Nonthaburi,นนทบุรี,96.0,96.0,79.0,97.0,100.0,95.0,8.0,100.0,100.0,63.0,100.0,99.0,100.0,100.0,100.0,100.0,baania,2023-08-31
242,3968,PHRA KHANONG NUEA,พระโขนงเหนือ,3965,VADHANA,วัฒนา,3781,Bangkok,กรุงเทพมหานคร,96.0,99.0,96.0,100.0,100.0,99.0,99.0,99.0,72.0,94.0,99.0,84.0,100.0,98.0,95.0,97.0,baania,2023-08-31
15,3530,BANG SAO THONG,บางเสาธง,3529,BANG SAO THONG,บางเสาธง,3498,Samut Prakan,สมุทรปราการ,70.0,73.0,83.0,85.0,98.0,82.0,1.0,81.0,0.0,33.0,92.0,94.0,99.0,96.0,100.0,96.0,baania,2023-08-31
287,3857,KHLONG CHAN,คลองจั่น,3856,BANG KAPI,บางกะปิ,3781,Bangkok,กรุงเทพมหานคร,90.0,98.0,90.0,99.0,99.0,96.0,11.0,97.0,63.0,56.0,99.0,69.0,100.0,93.0,94.0,93.0,baania,2023-08-31
16,3428,BAN MAI,บ้านใหม่,3418,PAK KRET,ปากเกร็ด,3372,Nonthaburi,นนทบุรี,76.0,81.0,83.0,94.0,95.0,88.0,1.0,97.0,3.0,40.0,98.0,96.0,99.0,100.0,100.0,99.0,baania,2023-08-31
11,3602,BANG KHAYAENG,บางขะแยง,3600,MUEANG PATHUM THANI,เมืองปทุมธานี,3599,Pathum Thani,ปทุมธานี,92.0,37.0,44.0,100.0,97.0,86.0,0.0,98.0,0.0,39.0,100.0,100.0,98.0,99.0,93.0,99.0,baania,2023-08-31
39,3378,BANG KRANG,บางกร่าง,3373,MUEANG NONTHABURI,เมืองนนทบุรี,3372,Nonthaburi,นนทบุรี,97.0,96.0,73.0,100.0,99.0,96.0,21.0,97.0,45.0,56.0,100.0,100.0,99.0,100.0,100.0,100.0,baania,2023-08-31
55,3503,BANG DUAN,บางด้วน,3499,MUEANG SAMUT PRAKAN,เมืองสมุทรปราการ,3498,Samut Prakan,สมุทรปราการ,80.0,51.0,90.0,100.0,100.0,90.0,37.0,98.0,0.0,54.0,100.0,87.0,100.0,100.0,100.0,99.0,baania,2023-08-31
78,3792,SAI KONG DIN,ทรายกองดิน,3791,KHLONG SAM WA,คลองสามวา,3781,Bangkok,กรุงเทพมหานคร,92.0,93.0,92.0,87.0,88.0,89.0,1.0,79.0,1.0,33.0,97.0,65.0,99.0,80.0,87.0,84.0,baania,2023-08-31
91,3993,KHU FUNG NUEA,คู้ฝั่งเหนือ,3988,NONG CHOK,หนองจอก,3781,Bangkok,กรุงเทพมหานคร,93.0,89.0,93.0,100.0,99.0,97.0,1.0,2.0,1.0,1.0,96.0,31.0,100.0,48.0,56.0,62.0,baania,2023-08-31
132,3952,KHUM THONG,ขุมทอง,3950,LAT KRABANG,ลาดกระบัง,3781,Bangkok,กรุงเทพมหานคร,12.0,96.0,12.0,100.0,100.0,73.0,1.0,1.0,1.0,1.0,36.0,16.0,96.0,42.0,34.0,43.0,baania,2023-08-31
128,3850,BAN CHANG LO,บ้านช่างหล่อ,3847,BANGKOK NOI,บางกอกน้อย,3781,Bangkok,กรุงเทพมหานคร,100.0,100.0,100.0,100.0,100.0,100.0,4.0,100.0,100.0,61.0,100.0,85.0,100.0,100.0,98.0,98.0,baania,2023-08-31
101,3396,BANG KHU WIANG,บางคูเวียง,3392,BANG KRUAI,บางกรวย,3372,Nonthaburi,นนทบุรี,75.0,95.0,72.0,100.0,95.0,91.0,1.0,99.0,1.0,41.0,99.0,100.0,97.0,100.0,100.0,100.0,baania,2023-08-31
32,3632,KHLONG PHRA UDOM,คลองพระอุดม,3630,LAT LUM KAEO,ลาดหลุมแก้ว,3599,Pathum Thani,ปทุมธานี,91.0,31.0,10.0,98.0,100.0,81.0,0.0,90.0,0.0,36.0,100.0,100.0,89.0,100.0,84.0,97.0,baania,2023-08-31
171,20621,THAP CHANG,ทับช้าง,3971,SAPHAN SUNG,สะพานสูง,3781,Bangkok,กรุงเทพมหานคร,11.0,11.0,11.0,90.0,100.0,59.0,22.0,72.0,1.0,38.0,80.0,35.0,80.0,60.0,35.0,61.0,baania,2023-08-31
35,20618,ON NUT,อ่อนนุช,3969,SUAN LUANG,สวนหลวง,3781,Bangkok,กรุงเทพมหานคร,80.0,100.0,80.0,100.0,100.0,94.0,100.0,92.0,1.0,77.0,97.0,73.0,100.0,87.0,100.0,90.0,baania,2023-08-31
81,3902,PRAWET,ประเวศ,3901,PRAWET,ประเวศ,3781,Bangkok,กรุงเทพมหานคร,95.0,94.0,95.0,98.0,100.0,97.0,90.0,88.0,3.0,72.0,93.0,58.0,100.0,81.0,87.0,83.0,baania,2023-08-31
126,3381,BANG RAK NOI,บางรักน้อย,3373,MUEANG NONTHABURI,เมืองนนทบุรี,3372,Nonthaburi,นนทบุรี,91.0,98.0,82.0,98.0,100.0,95.0,100.0,100.0,85.0,97.0,100.0,100.0,99.0,100.0,100.0,100.0,baania,2023-08-31
133,3812,DON MUEANG,ดอนเมือง,3811,DON MUEANG,ดอนเมือง,3781,Bangkok,กรุงเทพมหานคร,93.0,97.0,93.0,99.0,99.0,97.0,1.0,90.0,4.0,37.0,99.0,60.0,99.0,87.0,94.0,89.0,baania,2023-08-31
266,20623,BANG NA TAI,บางนาใต้,3877,BANG NA,บางนา,3781,Bangkok,กรุงเทพมหานคร,85.0,96.0,85.0,100.0,99.0,95.0,79.0,93.0,1.0,69.0,99.0,56.0,99.0,91.0,97.0,91.0,baania,2023-08-31
268,3787,KHLONG SAN,คลองสาน,3786,KHLONG SAN,คลองสาน,3781,Bangkok,กรุงเทพมหานคร,97.0,100.0,97.0,97.0,93.0,97.0,100.0,100.0,100.0,100.0,100.0,88.0,100.0,98.0,100.0,98.0,baania,2023-08-31
134,3545,BANG HUA SUEA,บางหัวเสือ,3533,PHRA PRADAENG,พระประแดง,3498,Samut Prakan,สมุทรปราการ,100.0,51.0,100.0,100.0,100.0,95.0,1.0,99.0,0.0,40.0,100.0,96.0,100.0,100.0,100.0,100.0,baania,2023-08-31
275,3930,KHUHA SAWAN,คูหาสวรรค์,3928,PHASI CHAROEN,ภาษีเจริญ,3781,Bangkok,กรุงเทพมหานคร,100.0,100.0,100.0,100.0,100.0,100.0,100.0,92.0,24.0,82.0,100.0,70.0,100.0,80.0,90.0,86.0,baania,2023-08-31
41,3548,SAMRONG TAI,สำโรงใต้,3533,PHRA PRADAENG,พระประแดง,3498,Samut Prakan,สมุทรปราการ,100.0,100.0,80.0,100.0,100.0,98.0,38.0,96.0,0.0,54.0,100.0,100.0,100.0,100.0,100.0,100.0,baania,2023-08-31
68,3989,NONG CHOK,หนองจอก,3988,NONG CHOK,หนองจอก,3781,Bangkok,กรุงเทพมหานคร,87.0,95.0,87.0,100.0,97.0,95.0,1.0,85.0,1.0,34.0,95.0,67.0,100.0,84.0,87.0,86.0,baania,2023-08-31
188,3809,BANG KHO,บางค้อ,3806,CHOM THONG,จอมทอง,3781,Bangkok,กรุงเทพมหานคร,86.0,84.0,86.0,100.0,100.0,94.0,100.0,92.0,65.0,90.0,100.0,70.0,100.0,86.0,85.0,88.0,baania,2023-08-31
317,3934,BANG WA,บางหว้า,3928,PHASI CHAROEN,ภาษีเจริญ,3781,Bangkok,กรุงเทพมหานคร,71.0,95.0,71.0,98.0,98.0,90.0,53.0,92.0,1.0,58.0,98.0,70.0,98.0,89.0,85.0,89.0,baania,2023-08-31
33,3843,BUKKHALO,บุคคโล,3839,THON BURI,ธนบุรี,3781,Bangkok,กรุงเทพมหานคร,100.0,100.0,100.0,100.0,100.0,100.0,100.0,100.0,100.0,100.0,100.0,80.0,100.0,97.0,100.0,97.0,baania,2023-08-31
19,3900,WANG MAI,วังใหม่,3896,PATHUM WAN,ปทุมวัน,3781,Bangkok,กรุงเทพมหานคร,98.0,100.0,98.0,100.0,98.0,99.0,100.0,100.0,100.0,100.0,100.0,90.0,100.0,100.0,100.0,99.0,baania,2023-08-31
325,3532,SISA CHORAKHE YAI,ศีรษะจรเข้ใหญ่,3529,BANG SAO THONG,บางเสาธง,3498,Samut Prakan,สมุทรปราการ,100.0,100.0,93.0,100.0,100.0,99.0,1.0,84.0,0.0,34.0,100.0,100.0,100.0,100.0,100.0,100.0,baania,2023-08-31
18,3407,PHIMONRAT,พิมลราช,3402,BANG BUA THONG,บางบัวทอง,3372,Nonthaburi,นนทบุรี,86.0,97.0,73.0,100.0,98.0,94.0,50.0,96.0,1.0,59.0,100.0,100.0,98.0,100.0,100.0,100.0,baania,2023-08-31
72,3938,SAEN SAEP,แสนแสบ,3936,MIN BURI,มีนบุรี,3781,Bangkok,กรุงเทพมหานคร,81.0,94.0,81.0,98.0,97.0,92.0,1.0,72.0,1.0,29.0,85.0,42.0,98.0,68.0,56.0,70.0,baania,2023-08-31
248,3424,BANG TALAT,บางตลาด,3418,PAK KRET,ปากเกร็ด,3372,Nonthaburi,นนทบุรี,93.0,98.0,84.0,96.0,99.0,95.0,9.0,100.0,15.0,47.0,100.0,100.0,100.0,100.0,100.0,100.0,baania,2023-08-31
280,3395,BANG KHUN KONG,บางขุนกอง,3392,BANG KRUAI,บางกรวย,3372,Nonthaburi,นนทบุรี,99.0,87.0,76.0,99.0,96.0,95.0,1.0,100.0,1.0,41.0,100.0,99.0,99.0,100.0,100.0,100.0,baania,2023-08-31
271,3720,NAKHON CHAI SI,นครชัยศรี,3719,NAKHON CHAI SI,นครชัยศรี,3667,Nakhon Pathom,นครปฐม,21.0,20.0,31.0,100.0,100.0,69.0,0.0,1.0,0.0,0.0,96.0,100.0,82.0,100.0,100.0,97.0,baania,2023-08-31
147,3528,NONG PRUE,หนองปรือ,3522,BANG PHLI,บางพลี,3498,Samut Prakan,สมุทรปราการ,67.0,80.0,47.0,80.0,100.0,76.0,1.0,24.0,0.0,10.0,88.0,100.0,100.0,100.0,100.0,98.0,baania,2023-08-31
141,3506,BANG PRONG,บางโปรง,3499,MUEANG SAMUT PRAKAN,เมืองสมุทรปราการ,3498,Samut Prakan,สมุทรปราการ,100.0,96.0,92.0,100.0,100.0,99.0,6.0,95.0,0.0,40.0,100.0,100.0,100.0,100.0,100.0,100.0,baania,2023-08-31
308,3410,SANO LOI,โสนลอย,3402,BANG BUA THONG,บางบัวทอง,3372,Nonthaburi,นนทบุรี,96.0,100.0,98.0,100.0,100.0,99.0,98.0,100.0,1.0,79.0,100.0,100.0,100.0,100.0,100.0,100.0,baania,2023-08-31
191,3663,BUENG BON,บึงบอน,3659,NONG SUEA,หนองเสือ,3599,Pathum Thani,ปทุมธานี,51.0,51.0,90.0,70.0,100.0,69.0,0.0,38.0,0.0,15.0,100.0,100.0,100.0,96.0,51.0,93.0,baania,2023-08-31
26,3907,KHLONG MAHANAK,คลองมหานาค,3905,POM PRAP SATTRU PHAI,ป้อมปราบศัตรูพ่าย,3781,Bangkok,กรุงเทพมหานคร,100.0,100.0,100.0,100.0,100.0,100.0,100.0,100.0,100.0,100.0,100.0,87.0,100.0,90.0,100.0,94.0,baania,2023-08-31
229,3569,BANG NAM CHUET,บางน้ำจืด,3556,MUEANG SAMUT SAKHON,เมืองสมุทรสาคร,3555,Samut Sakhon,สมุทรสาคร,100.0,100.0,100.0,100.0,100.0,100.0,1.0,84.0,1.0,34.0,70.0,70.0,100.0,70.0,90.0,75.0,baania,2023-08-31
341,3374,TALAT KHWAN,ตลาดขวัญ,3373,MUEANG NONTHABURI,เมืองนนทบุรี,3372,Nonthaburi,นนทบุรี,96.0,98.0,89.0,99.0,100.0,97.0,100.0,100.0,87.0,97.0,100.0,100.0,100.0,100.0,100.0,100.0,baania,2023-08-31
123,3394,BANG KHANUN,บางขนุน,3392,BANG KRUAI,บางกรวย,3372,Nonthaburi,นนทบุรี,77.0,86.0,56.0,100.0,100.0,90.0,1.0,98.0,20.0,43.0,98.0,99.0,91.0,100.0,100.0,99.0,baania,2023-08-31
69,3686,SANAM CHAN,สนามจันทร์,3668,MUEANG NAKHON PATHOM,เมืองนครปฐม,3667,Nakhon Pathom,นครปฐม,83.0,13.0,78.0,99.0,95.0,85.0,0.0,1.0,0.0,0.0,100.0,97.0,98.0,100.0,100.0,99.0,baania,2023-08-31
267,3906,POM PRAP,ป้อมปราบ,3905,POM PRAP SATTRU PHAI,ป้อมปราบศัตรูพ่าย,3781,Bangkok,กรุงเทพมหานคร,100.0,100.0,100.0,100.0,100.0,100.0,100.0,100.0,100.0,100.0,100.0,80.0,100.0,98.0,100.0,97.0,baania,2023-08-31
314,3624,BUENG NAM RAK,บึงน้ำรักษ์,3623,THANYABURI,ธัญบุรี,3599,Pathum Thani,ปทุมธานี,91.0,84.0,87.0,96.0,95.0,93.0,0.0,1.0,0.0,0.0,100.0,100.0,95.0,96.0,97.0,97.0,baania,2023-08-31
316,3618,KHLONG SAM,คลองสาม,3615,KHLONG LUANG,คลองหลวง,3599,Pathum Thani,ปทุมธานี,71.0,52.0,84.0,100.0,97.0,87.0,0.0,97.0,0.0,39.0,100.0,100.0,100.0,99.0,90.0,98.0,baania,2023-08-31
318,3649,KRACHAENG,กระแชง,3647,SAM KHOK,สามโคก,3599,Pathum Thani,ปทุมธานี,100.0,51.0,100.0,100.0,100.0,95.0,0.0,95.0,0.0,38.0,100.0,100.0,100.0,100.0,82.0,98.0,baania,2023-08-31
119,3872,BANG PHAI,บางไผ่,3869,BANG KHAE,บางแค,3781,Bangkok,กรุงเทพมหานคร,73.0,93.0,73.0,100.0,100.0,91.0,1.0,82.0,1.0,34.0,90.0,51.0,96.0,77.0,57.0,77.0,baania,2023-08-31
294,3898,RONG MUEANG,รองเมือง,3896,PATHUM WAN,ปทุมวัน,3781,Bangkok,กรุงเทพมหานคร,80.0,100.0,80.0,100.0,100.0,94.0,100.0,100.0,100.0,100.0,100.0,85.0,100.0,100.0,100.0,99.0,baania,2023-08-31
6,3793,SAI KONG DIN TAI,ทรายกองดินใต้,3791,KHLONG SAM WA,คลองสามวา,3781,Bangkok,กรุงเทพมหานคร,70.0,93.0,70.0,100.0,85.0,89.0,1.0,40.0,1.0,17.0,78.0,31.0,95.0,53.0,30.0,57.0,baania,2023-08-31
327,3422,KHLONG PHRA UDOM,คลองพระอุดม,3418,PAK KRET,ปากเกร็ด,3372,Nonthaburi,นนทบุรี,59.0,85.0,49.0,89.0,85.0,78.0,3.0,78.0,70.0,46.0,95.0,100.0,96.0,100.0,100.0,99.0,baania,2023-08-31
114,3390,RAT NIYOM,ราษฎร์นิยม,3384,SAI NOI,ไทรน้อย,3372,Nonthaburi,นนทบุรี,1.0,60.0,41.0,100.0,70.0,67.0,1.0,1.0,1.0,1.0,8.0,100.0,92.0,100.0,100.0,81.0,baania,2023-08-31
335,3875,BANG SUE,บางซื่อ,3874,BANG SUE,บางซื่อ,3781,Bangkok,กรุงเทพมหานคร,99.0,100.0,99.0,100.0,100.0,100.0,99.0,99.0,96.0,99.0,100.0,83.0,100.0,97.0,91.0,96.0,baania,2023-08-31
196,3802,CHOMPHON,จอมพล,3800,CHATUCHAK,จตุจักร,3781,Bangkok,กรุงเทพมหานคร,97.0,98.0,97.0,100.0,100.0,99.0,100.0,98.0,1.0,79.0,99.0,74.0,100.0,97.0,95.0,95.0,baania,2023-08-31
10,3893,KHLONG KUM,คลองกุ่ม,3892,BUENG KUM,บึงกุ่ม,3781,Bangkok,กรุงเทพมหานคร,91.0,94.0,91.0,97.0,99.0,95.0,1.0,93.0,52.0,48.0,98.0,62.0,100.0,90.0,93.0,90.0,baania,2023-08-31
186,3963,PHLAPPHLA,พลับพลา,3960,WANG THONGLANG,วังทองหลาง,3781,Bangkok,กรุงเทพมหานคร,97.0,100.0,97.0,100.0,100.0,99.0,59.0,98.0,99.0,83.0,100.0,78.0,100.0,95.0,92.0,94.0,baania,2023-08-31
209,3801,CHATUCHAK,จตุจักร,3800,CHATUCHAK,จตุจักร,3781,Bangkok,กรุงเทพมหานคร,86.0,85.0,86.0,96.0,100.0,92.0,98.0,96.0,16.0,81.0,98.0,80.0,100.0,95.0,92.0,94.0,baania,2023-08-31
77,3912,SAM SEN NAI,สามเสนใน,3911,PHAYA THAI,พญาไท,3781,Bangkok,กรุงเทพมหานคร,95.0,99.0,95.0,100.0,99.0,98.0,100.0,100.0,43.0,89.0,100.0,89.0,100.0,99.0,95.0,98.0,baania,2023-08-31
56,3835,SALA THAMMASOP,ศาลาธรรมสพน์,3833,THAWI WATTHANA,ทวีวัฒนา,3781,Bangkok,กรุงเทพมหานคร,58.0,87.0,58.0,99.0,99.0,85.0,1.0,74.0,1.0,30.0,88.0,41.0,94.0,64.0,23.0,66.0,baania,2023-08-31
329,3677,BANG KHAEM,บางแขม,3668,MUEANG NAKHON PATHOM,เมืองนครปฐม,3667,Nakhon Pathom,นครปฐม,100.0,1.0,100.0,100.0,100.0,90.0,0.0,1.0,0.0,0.0,100.0,91.0,100.0,100.0,100.0,99.0,baania,2023-08-31
270,3929,KHLONG KHWANG,คลองขวาง,3928,PHASI CHAROEN,ภาษีเจริญ,3781,Bangkok,กรุงเทพมหานคร,55.0,74.0,55.0,100.0,100.0,84.0,4.0,76.0,1.0,32.0,91.0,53.0,91.0,67.0,61.0,72.0,baania,2023-08-31
336,3553,PAK KHLONG BANG PLA KOT,ปากคลองบางปลากด,3549,PHRA SAMUT CHEDI,พระสมุทรเจดีย์,3498,Samut Prakan,สมุทรปราการ,100.0,97.0,100.0,100.0,100.0,100.0,1.0,100.0,0.0,40.0,100.0,100.0,100.0,100.0,100.0,100.0,baania,2023-08-31
181,3653,THAI KO,ท้ายเกาะ,3647,SAM KHOK,สามโคก,3599,Pathum Thani,ปทุมธานี,80.0,1.0,34.0,60.0,67.0,56.0,0.0,1.0,0.0,0.0,88.0,85.0,70.0,100.0,1.0,83.0,baania,2023-08-31
182,3975,CHAKKRAWAT,จักรวรรดิ,3973,SAMPHANTHAWONG,สัมพันธวงศ์,3781,Bangkok,กรุงเทพมหานคร,100.0,100.0,100.0,100.0,100.0,100.0,100.0,100.0,100.0,100.0,100.0,90.0,100.0,100.0,100.0,99.0,baania,2023-08-31
292,3641,BUENG KHO HAI,บึงคอไห,3638,LAM LUK KA,ลำลูกกา,3599,Pathum Thani,ปทุมธานี,1.0,1.0,60.0,100.0,100.0,66.0,0.0,1.0,0.0,0.0,100.0,100.0,100.0,91.0,1.0,86.0,baania,2023-08-31
194,3780,OM YAI,อ้อมใหญ่,3764,SAM PHRAN,สามพราน,3667,Nakhon Pathom,นครปฐม,67.0,14.0,47.0,93.0,100.0,76.0,0.0,97.0,0.0,39.0,94.0,97.0,100.0,100.0,100.0,99.0,baania,2023-08-31
195,3844,WAT KANLAYA,วัดกัลยาณ์,3839,THON BURI,ธนบุรี,3781,Bangkok,กรุงเทพมหานคร,100.0,100.0,100.0,100.0,100.0,100.0,100.0,100.0,100.0,100.0,100.0,80.0,100.0,100.0,100.0,98.0,baania,2023-08-31
328,3884,BANG YI KHAN,บางยี่ขัน,3881,BANG PHLAT,บางพลัด,3781,Bangkok,กรุงเทพมหานคร,94.0,100.0,94.0,100.0,100.0,98.0,1.0,100.0,100.0,60.0,100.0,76.0,100.0,99.0,100.0,97.0,baania,2023-08-31
258,3648,SAM KHOK,สามโคก,3647,SAM KHOK,สามโคก,3599,Pathum Thani,ปทุมธานี,65.0,80.0,78.0,100.0,100.0,89.0,0.0,56.0,0.0,23.0,100.0,100.0,94.0,95.0,96.0,96.0,baania,2023-08-31
67,3519,BANG PHRIANG,บางเพรียง,3513,BANG BO,บางบ่อ,3498,Samut Prakan,สมุทรปราการ,65.0,68.0,76.0,96.0,99.0,85.0,1.0,38.0,0.0,16.0,84.0,87.0,92.0,99.0,100.0,94.0,baania,2023-08-31
27,3621,KHLONG HOK,คลองหก,3615,KHLONG LUANG,คลองหลวง,3599,Pathum Thani,ปทุมธานี,39.0,19.0,83.0,89.0,100.0,72.0,0.0,51.0,0.0,20.0,100.0,100.0,99.0,85.0,46.0,87.0,baania,2023-08-31
153,3762,MAHASAWAT,มหาสวัสดิ์,3760,PHUTTHAMONTHON,พุทธมณฑล,3667,Nakhon Pathom,นครปฐม,47.0,11.0,67.0,97.0,98.0,75.0,0.0,33.0,0.0,13.0,82.0,70.0,87.0,100.0,100.0,92.0,baania,2023-08-31
183,20620,RAT PHATTHANA,ราษฎร์พัฒนา,3971,SAPHAN SUNG,สะพานสูง,3781,Bangkok,กรุงเทพมหานคร,93.0,100.0,93.0,100.0,100.0,98.0,1.0,87.0,1.0,36.0,100.0,40.0,100.0,73.0,53.0,76.0,baania,2023-08-31
37,3675,NAKHON PATHOM,นครปฐม,3668,MUEANG NAKHON PATHOM,เมืองนครปฐม,3667,Nakhon Pathom,นครปฐม,66.0,14.0,45.0,85.0,71.0,68.0,0.0,1.0,0.0,0.0,78.0,78.0,84.0,85.0,83.0,82.0,baania,2023-08-31
164,3891,SURIYAWONG,สุริยวงศ์,3886,BANG RAK,บางรัก,3781,Bangkok,กรุงเทพมหานคร,97.0,100.0,97.0,100.0,100.0,99.0,100.0,100.0,100.0,100.0,100.0,90.0,100.0,100.0,99.0,99.0,baania,2023-08-31
112,3935,PAK KHLONG PHASI CHAROEN,ปากคลองภาษีเจริญ,3928,PHASI CHAROEN,ภาษีเจริญ,3781,Bangkok,กรุงเทพมหานคร,93.0,98.0,93.0,98.0,100.0,96.0,100.0,92.0,4.0,77.0,99.0,69.0,100.0,81.0,98.0,87.0,baania,2023-08-31
143,3882,BANG PHLAT,บางพลัด,3881,BANG PHLAT,บางพลัด,3781,Bangkok,กรุงเทพมหานคร,90.0,100.0,90.0,100.0,100.0,97.0,7.0,100.0,100.0,63.0,98.0,76.0,100.0,99.0,99.0,96.0,baania,2023-08-31
179,3895,NUAN CHAN,นวลจันทร์,3892,BUENG KUM,บึงกุ่ม,3781,Bangkok,กรุงเทพมหานคร,93.0,97.0,93.0,100.0,100.0,98.0,1.0,97.0,1.0,39.0,99.0,66.0,100.0,93.0,98.0,93.0,baania,2023-08-31
45,3423,THA IT,ท่าอิฐ,3418,PAK KRET,ปากเกร็ด,3372,Nonthaburi,นนทบุรี,74.0,98.0,61.0,100.0,99.0,90.0,90.0,98.0,67.0,89.0,96.0,100.0,97.0,100.0,100.0,99.0,baania,2023-08-31
309,3718,HUAI PHRA,ห้วยพระ,3710,DON TUM,ดอนตูม,3667,Nakhon Pathom,นครปฐม,1.0,20.0,1.0,100.0,100.0,62.0,0.0,1.0,0.0,0.0,18.0,100.0,91.0,100.0,100.0,83.0,baania,2023-08-31
201,3795,SAM WA TAWAN TOK,สามวาตะวันตก,3791,KHLONG SAM WA,คลองสามวา,3781,Bangkok,กรุงเทพมหานคร,74.0,85.0,74.0,96.0,96.0,88.0,1.0,7.0,1.0,3.0,91.0,34.0,96.0,70.0,65.0,73.0,baania,2023-08-31
237,3723,NGIO RAI,งิ้วราย,3719,NAKHON CHAI SI,นครชัยศรี,3667,Nakhon Pathom,นครปฐม,1.0,1.0,1.0,20.0,100.0,20.0,0.0,1.0,0.0,0.0,82.0,91.0,91.0,100.0,100.0,95.0,baania,2023-08-31
240,3601,BANG KADI,บางกะดี,3600,MUEANG PATHUM THANI,เมืองปทุมธานี,3599,Pathum Thani,ปทุมธานี,87.0,89.0,89.0,100.0,100.0,95.0,0.0,99.0,0.0,40.0,100.0,100.0,98.0,99.0,99.0,99.0,baania,2023-08-31
246,3664,BUENG BA,บึงบา,3659,NONG SUEA,หนองเสือ,3599,Pathum Thani,ปทุมธานี,55.0,36.0,45.0,93.0,78.0,73.0,0.0,1.0,0.0,0.0,99.0,98.0,91.0,94.0,88.0,95.0,baania,2023-08-31
99,3852,ARUN AMMARIN,อรุณอมรินทร์,3847,BANGKOK NOI,บางกอกน้อย,3781,Bangkok,กรุงเทพมหานคร,100.0,99.0,100.0,100.0,100.0,100.0,1.0,100.0,88.0,58.0,100.0,70.0,100.0,100.0,91.0,96.0,baania,2023-08-31
168,3693,HUAI CHORAKHE,ห้วยจรเข้,3668,MUEANG NAKHON PATHOM,เมืองนครปฐม,3667,Nakhon Pathom,นครปฐม,56.0,9.0,60.0,100.0,84.0,76.0,0.0,1.0,0.0,0.0,96.0,87.0,91.0,100.0,100.0,97.0,baania,2023-08-31
108,3982,SAI MAI,สายไหม,3981,SAI MAI,สายไหม,3781,Bangkok,กรุงเทพมหานคร,70.0,97.0,70.0,100.0,99.0,90.0,1.0,84.0,1.0,34.0,97.0,50.0,97.0,84.0,80.0,84.0,baania,2023-08-31
234,3505,BANG PU MAI,บางปูใหม่,3499,MUEANG SAMUT PRAKAN,เมืองสมุทรปราการ,3498,Samut Prakan,สมุทรปราการ,95.0,96.0,82.0,98.0,99.0,96.0,1.0,6.0,0.0,3.0,100.0,100.0,97.0,100.0,100.0,100.0,baania,2023-08-31
221,3819,THANON NAKHON CHAISI,ถนนนครไชยศรี,3817,DUSIT,ดุสิต,3781,Bangkok,กรุงเทพมหานคร,96.0,100.0,96.0,100.0,100.0,99.0,84.0,98.0,99.0,93.0,100.0,88.0,100.0,98.0,96.0,97.0,baania,2023-08-31
21,3962,KHLONG CHAOKHUN SING,คลองเจ้าคุณสิงห์,3960,WANG THONGLANG,วังทองหลาง,3781,Bangkok,กรุงเทพมหานคร,92.0,95.0,92.0,100.0,100.0,97.0,1.0,98.0,64.0,52.0,98.0,65.0,100.0,94.0,93.0,92.0,baania,2023-08-31
85,3798,KHAN NA YAO,คันนายาว,3797,KHAN NA YAO,คันนายาว,3781,Bangkok,กรุงเทพมหานคร,92.0,96.0,92.0,96.0,100.0,95.0,1.0,93.0,1.0,38.0,96.0,65.0,99.0,87.0,92.0,88.0,baania,2023-08-31
3,4002,BANG KAPI,บางกะปิ,4000,HUAI KHWANG,ห้วยขวาง,3781,Bangkok,กรุงเทพมหานคร,99.0,100.0,99.0,99.0,100.0,99.0,100.0,97.0,100.0,99.0,100.0,75.0,100.0,94.0,93.0,94.0,baania,2023-08-31
278,3841,TALAT PHLU,ตลาดพลู,3839,THON BURI,ธนบุรี,3781,Bangkok,กรุงเทพมหานคร,95.0,100.0,95.0,100.0,100.0,99.0,100.0,99.0,89.0,97.0,100.0,78.0,100.0,99.0,98.0,97.0,baania,2023-08-31
176,3777,YAI CHA,ยายชา,3764,SAM PHRAN,สามพราน,3667,Nakhon Pathom,นครปฐม,62.0,20.0,68.0,100.0,100.0,81.0,0.0,100.0,0.0,40.0,100.0,100.0,100.0,100.0,100.0,100.0,baania,2023-08-31
250,3689,SAM KHWAI PHUEAK,สามควายเผือก,3668,MUEANG NAKHON PATHOM,เมืองนครปฐม,3667,Nakhon Pathom,นครปฐม,1.0,1.0,1.0,100.0,40.0,54.0,0.0,1.0,0.0,0.0,82.0,91.0,82.0,100.0,100.0,94.0,baania,2023-08-31
75,3639,LAM LUK KA,ลำลูกกา,3638,LAM LUK KA,ลำลูกกา,3599,Pathum Thani,ปทุมธานี,92.0,92.0,88.0,100.0,100.0,96.0,0.0,66.0,0.0,26.0,100.0,100.0,100.0,100.0,99.0,100.0,baania,2023-08-31
169,3848,BANG KHUN NON,บางขุนนนท์,3847,BANGKOK NOI,บางกอกน้อย,3781,Bangkok,กรุงเทพมหานคร,100.0,100.0,100.0,100.0,100.0,100.0,1.0,92.0,83.0,54.0,100.0,85.0,100.0,85.0,95.0,91.0,baania,2023-08-31
331,3398,PLAI BANG,ปลายบาง,3392,BANG KRUAI,บางกรวย,3372,Nonthaburi,นนทบุรี,72.0,89.0,71.0,99.0,99.0,90.0,1.0,97.0,1.0,40.0,94.0,99.0,99.0,100.0,100.0,99.0,baania,2023-08-31
90,3527,RACHA THEWA,ราชาเทวะ,3522,BANG PHLI,บางพลี,3498,Samut Prakan,สมุทรปราการ,79.0,66.0,55.0,83.0,94.0,79.0,35.0,89.0,0.0,49.0,92.0,90.0,80.0,95.0,99.0,93.0,baania,2023-08-31
342,3605,BANG PROK,บางปรอก,3600,MUEANG PATHUM THANI,เมืองปทุมธานี,3599,Pathum Thani,ปทุมธานี,96.0,80.0,87.0,100.0,100.0,96.0,0.0,99.0,0.0,40.0,100.0,100.0,99.0,100.0,98.0,100.0,baania,2023-08-31
338,3813,SANAM BIN,สนามบิน,3811,DON MUEANG,ดอนเมือง,3781,Bangkok,กรุงเทพมหานคร,99.0,100.0,99.0,100.0,100.0,100.0,1.0,92.0,1.0,37.0,100.0,76.0,100.0,81.0,94.0,87.0,baania,2023-08-31
155,3511,PHRAEKSA MAI,แพรกษาใหม่,3499,MUEANG SAMUT PRAKAN,เมืองสมุทรปราการ,3498,Samut Prakan,สมุทรปราการ,84.0,82.0,83.0,97.0,99.0,92.0,1.0,33.0,0.0,14.0,99.0,99.0,98.0,100.0,100.0,99.0,baania,2023-08-31
344,3807,CHOM THONG,จอมทอง,3806,CHOM THONG,จอมทอง,3781,Bangkok,กรุงเทพมหานคร,82.0,98.0,82.0,98.0,99.0,93.0,65.0,90.0,60.0,74.0,99.0,76.0,99.0,86.0,91.0,90.0,baania,2023-08-31
163,3818,DUSIT,ดุสิต,3817,DUSIT,ดุสิต,3781,Bangkok,กรุงเทพมหานคร,90.0,100.0,90.0,100.0,100.0,97.0,72.0,96.0,100.0,87.0,100.0,90.0,100.0,95.0,90.0,96.0,baania,2023-08-31
211,3666,NONG SAM WANG,หนองสามวัง,3659,NONG SUEA,หนองเสือ,3599,Pathum Thani,ปทุมธานี,1.0,1.0,1.0,80.0,1.0,41.0,0.0,1.0,0.0,0.0,100.0,45.0,55.0,91.0,18.0,77.0,baania,2023-08-31
87,20616,PHAYA THAI,พญาไท,3911,PHAYA THAI,พญาไท,3781,Bangkok,กรุงเทพมหานคร,70.0,100.0,70.0,100.0,100.0,91.0,100.0,96.0,75.0,94.0,100.0,90.0,100.0,95.0,100.0,97.0,baania,2023-08-31
310,3837,THUNG KHRU,ทุ่งครุ,3836,THUNG KHRU,ทุ่งครุ,3781,Bangkok,กรุงเทพมหานคร,80.0,78.0,80.0,95.0,95.0,89.0,1.0,88.0,1.0,36.0,95.0,56.0,98.0,87.0,73.0,85.0,baania,2023-08-31
252,3397,BANG SI THONG,บางสีทอง,3392,BANG KRUAI,บางกรวย,3372,Nonthaburi,นนทบุรี,99.0,99.0,99.0,99.0,100.0,99.0,2.0,100.0,95.0,60.0,100.0,100.0,100.0,100.0,100.0,100.0,baania,2023-08-31
97,3523,BANG PHLI YAI,บางพลีใหญ่,3522,BANG PHLI,บางพลี,3498,Samut Prakan,สมุทรปราการ,88.0,83.0,63.0,99.0,100.0,91.0,1.0,94.0,0.0,38.0,99.0,97.0,93.0,100.0,100.0,99.0,baania,2023-08-31
187,3964,SAPHAN SONG,สะพานสอง,3960,WANG THONGLANG,วังทองหลาง,3781,Bangkok,กรุงเทพมหานคร,89.0,100.0,89.0,100.0,100.0,97.0,50.0,96.0,32.0,65.0,100.0,76.0,100.0,95.0,100.0,95.0,baania,2023-08-31
230,3867,WAT PHRAYA KRAI,วัดพระยาไกร,3865,BANG KHO LAEM,บางคอแหลม,3781,Bangkok,กรุงเทพมหานคร,97.0,100.0,97.0,100.0,100.0,99.0,100.0,100.0,100.0,100.0,100.0,81.0,100.0,96.0,100.0,96.0,baania,2023-08-31
71,3429,PAK KRET,ปากเกร็ด,3418,PAK KRET,ปากเกร็ด,3372,Nonthaburi,นนทบุรี,95.0,99.0,97.0,100.0,99.0,98.0,1.0,100.0,92.0,58.0,100.0,100.0,100.0,100.0,100.0,100.0,baania,2023-08-31
236,3521,PRENG,เปร็ง,3513,BANG BO,บางบ่อ,3498,Samut Prakan,สมุทรปราการ,60.0,40.0,100.0,100.0,100.0,86.0,1.0,1.0,0.0,1.0,100.0,100.0,100.0,100.0,100.0,100.0,baania,2023-08-31
215,3642,BUENG KHAM PHROI,บึงคำพร้อย,3638,LAM LUK KA,ลำลูกกา,3599,Pathum Thani,ปทุมธานี,85.0,60.0,90.0,94.0,97.0,89.0,0.0,93.0,0.0,37.0,99.0,100.0,99.0,99.0,91.0,98.0,baania,2023-08-31
145,3840,DAO KHANONG,ดาวคะนอง,3839,THON BURI,ธนบุรี,3781,Bangkok,กรุงเทพมหานคร,100.0,100.0,100.0,100.0,100.0,100.0,100.0,100.0,100.0,100.0,100.0,80.0,100.0,99.0,100.0,97.0,baania,2023-08-31
174,3629,LAM PHAK KUT,ลำผักกูด,3623,THANYABURI,ธัญบุรี,3599,Pathum Thani,ปทุมธานี,93.0,83.0,87.0,100.0,97.0,95.0,0.0,17.0,0.0,7.0,100.0,100.0,100.0,100.0,98.0,100.0,baania,2023-08-31
238,3375,THA SAI,ท่าทราย,3373,MUEANG NONTHABURI,เมืองนนทบุรี,3372,Nonthaburi,นนทบุรี,90.0,96.0,82.0,97.0,97.0,94.0,84.0,100.0,54.0,84.0,100.0,100.0,99.0,100.0,100.0,100.0,baania,2023-08-31
49,3864,ANUSAWARI,อนุสาวรีย์,3862,BANG KHEN,บางเขน,3781,Bangkok,กรุงเทพมหานคร,90.0,99.0,90.0,100.0,100.0,97.0,1.0,99.0,1.0,40.0,99.0,76.0,100.0,98.0,97.0,96.0,baania,2023-08-31
25,3803,CHANTHARAKASEM,จันทรเกษม,3800,CHATUCHAK,จตุจักร,3781,Bangkok,กรุงเทพมหานคร,88.0,96.0,88.0,99.0,100.0,95.0,94.0,97.0,1.0,77.0,99.0,70.0,100.0,93.0,98.0,93.0,baania,2023-08-31
136,3404,BANG BUA THONG,บางบัวทอง,3402,BANG BUA THONG,บางบัวทอง,3372,Nonthaburi,นนทบุรี,79.0,95.0,63.0,97.0,98.0,90.0,28.0,97.0,1.0,50.0,98.0,99.0,95.0,100.0,100.0,99.0,baania,2023-08-31
255,3940,CHONG NONSI,ช่องนนทรี,3939,YAN NAWA,ยานนาวา,3781,Bangkok,กรุงเทพมหานคร,92.0,98.0,92.0,100.0,100.0,98.0,72.0,98.0,17.0,71.0,100.0,78.0,100.0,93.0,100.0,94.0,baania,2023-08-31
80,3790,SOMDET CHAOPHRAYA,สมเด็จเจ้าพระยา,3786,KHLONG SAN,คลองสาน,3781,Bangkok,กรุงเทพมหานคร,100.0,100.0,100.0,100.0,100.0,100.0,100.0,100.0,100.0,100.0,100.0,80.0,100.0,95.0,100.0,96.0,baania,2023-08-31
20,3399,MAHASAWAT,มหาสวัสดิ์,3392,BANG KRUAI,บางกรวย,3372,Nonthaburi,นนทบุรี,65.0,89.0,65.0,95.0,96.0,86.0,1.0,98.0,1.0,40.0,97.0,100.0,93.0,100.0,100.0,98.0,baania,2023-08-31
340,3931,BANG CHAK,บางจาก,3928,PHASI CHAROEN,ภาษีเจริญ,3781,Bangkok,กรุงเทพมหานคร,86.0,94.0,86.0,97.0,100.0,94.0,98.0,90.0,11.0,77.0,97.0,67.0,99.0,81.0,80.0,85.0,baania,2023-08-31
22,3995,LAM TOITING,ลำต้อยติ่ง,3988,NONG CHOK,หนองจอก,3781,Bangkok,กรุงเทพมหานคร,90.0,70.0,90.0,100.0,100.0,94.0,1.0,1.0,1.0,1.0,40.0,25.0,100.0,40.0,60.0,47.0,baania,2023-08-31
29,3405,BANG RAK PHATTHANA,บางรักพัฒนา,3402,BANG BUA THONG,บางบัวทอง,3372,Nonthaburi,นนทบุรี,78.0,91.0,77.0,91.0,95.0,87.0,95.0,97.0,3.0,77.0,99.0,100.0,98.0,100.0,100.0,100.0,baania,2023-08-31
296,3799,RAM INTHRA,รามอินทรา,3797,KHAN NA YAO,คันนายาว,3781,Bangkok,กรุงเทพมหานคร,90.0,94.0,90.0,97.0,99.0,95.0,1.0,94.0,5.0,39.0,99.0,61.0,99.0,90.0,84.0,89.0,baania,2023-08-31
50,3643,BUENG THONG LANG,บึงทองหลาง,3638,LAM LUK KA,ลำลูกกา,3599,Pathum Thani,ปทุมธานี,29.0,24.0,43.0,97.0,100.0,71.0,0.0,1.0,0.0,0.0,100.0,100.0,94.0,66.0,51.0,78.0,baania,2023-08-31
13,3773,BANG KRATHUEK,บางกระทึก,3764,SAM PHRAN,สามพราน,3667,Nakhon Pathom,นครปฐม,52.0,16.0,28.0,82.0,93.0,65.0,0.0,97.0,0.0,39.0,98.0,94.0,94.0,100.0,100.0,98.0,baania,2023-08-31
205,3681,PHRONG MADUEA,โพรงมะเดื่อ,3668,MUEANG NAKHON PATHOM,เมืองนครปฐม,3667,Nakhon Pathom,นครปฐม,60.0,20.0,38.0,90.0,100.0,73.0,0.0,1.0,0.0,0.0,87.0,100.0,93.0,100.0,100.0,97.0,baania,2023-08-31
206,3994,KHOK FAET,โคกแฝด,3988,NONG CHOK,หนองจอก,3781,Bangkok,กรุงเทพมหานคร,95.0,98.0,95.0,100.0,100.0,98.0,1.0,75.0,1.0,31.0,100.0,58.0,100.0,69.0,81.0,78.0,baania,2023-08-31
158,3525,BANG CHALONG,บางโฉลง,3522,BANG PHLI,บางพลี,3498,Samut Prakan,สมุทรปราการ,90.0,81.0,70.0,98.0,99.0,92.0,1.0,91.0,0.0,37.0,99.0,98.0,94.0,100.0,100.0,99.0,baania,2023-08-31
57,3761,KHLONG YONG,คลองโยง,3760,PHUTTHAMONTHON,พุทธมณฑล,3667,Nakhon Pathom,นครปฐม,4.0,11.0,57.0,100.0,100.0,67.0,0.0,1.0,0.0,0.0,54.0,83.0,93.0,100.0,100.0,88.0,baania,2023-08-31
23,3695,KAMPHAENG SAEN,กำแพงแสน,3694,KAMPHAENG SAEN,กำแพงแสน,3667,Nakhon Pathom,นครปฐม,37.0,5.0,68.0,52.0,48.0,45.0,0.0,1.0,0.0,0.0,89.0,93.0,98.0,95.0,100.0,94.0,baania,2023-08-31
60,3941,BANG PHONGPHANG,บางโพงพาง,3939,YAN NAWA,ยานนาวา,3781,Bangkok,กรุงเทพมหานคร,93.0,99.0,93.0,100.0,100.0,98.0,6.0,98.0,15.0,45.0,99.0,66.0,100.0,80.0,100.0,86.0,baania,2023-08-31
28,3376,SAI MA,ไทรม้า,3373,MUEANG NONTHABURI,เมืองนนทบุรี,3372,Nonthaburi,นนทบุรี,82.0,94.0,84.0,96.0,99.0,92.0,98.0,99.0,97.0,98.0,97.0,100.0,99.0,100.0,100.0,99.0,baania,2023-08-31
293,3729,BANG KRABAO,บางกระเบา,3719,NAKHON CHAI SI,นครชัยศรี,3667,Nakhon Pathom,นครปฐม,100.0,20.0,20.0,100.0,100.0,84.0,0.0,1.0,0.0,0.0,100.0,100.0,100.0,100.0,100.0,100.0,baania,2023-08-31
315,3838,BANG MOT,บางมด,3836,THUNG KHRU,ทุ่งครุ,3781,Bangkok,กรุงเทพมหานคร,94.0,100.0,94.0,100.0,100.0,98.0,1.0,91.0,11.0,39.0,97.0,51.0,100.0,83.0,94.0,85.0,baania,2023-08-31
330,3550,NA KLUEA,นาเกลือ,3549,PHRA SAMUT CHEDI,พระสมุทรเจดีย์,3498,Samut Prakan,สมุทรปราการ,80.0,40.0,60.0,100.0,100.0,86.0,1.0,100.0,0.0,40.0,100.0,100.0,100.0,100.0,100.0,100.0,baania,2023-08-31
223,3897,PATHUM WAN,ปทุมวัน,3896,PATHUM WAN,ปทุมวัน,3781,Bangkok,กรุงเทพมหานคร,100.0,100.0,100.0,100.0,100.0,100.0,100.0,100.0,100.0,100.0,100.0,90.0,100.0,100.0,100.0,99.0,baania,2023-08-31
302,3500,THAI BAN,ท้ายบ้าน,3499,MUEANG SAMUT PRAKAN,เมืองสมุทรปราการ,3498,Samut Prakan,สมุทรปราการ,88.0,94.0,79.0,100.0,100.0,95.0,1.0,89.0,0.0,36.0,100.0,100.0,99.0,100.0,100.0,100.0,baania,2023-08-31
170,3685,WANG YEN,วังเย็น,3668,MUEANG NAKHON PATHOM,เมืองนครปฐม,3667,Nakhon Pathom,นครปฐม,1.0,1.0,1.0,60.0,100.0,40.0,0.0,1.0,0.0,0.0,91.0,91.0,73.0,100.0,100.0,95.0,baania,2023-08-31
144,3679,PHRA PATHOM CHEDI,พระปฐมเจดีย์,3668,MUEANG NAKHON PATHOM,เมืองนครปฐม,3667,Nakhon Pathom,นครปฐม,100.0,20.0,1.0,100.0,100.0,82.0,0.0,1.0,0.0,0.0,100.0,100.0,91.0,100.0,100.0,99.0,baania,2023-08-31
184,3425,BANG TANAI,บางตะไนย์,3418,PAK KRET,ปากเกร็ด,3372,Nonthaburi,นนทบุรี,29.0,83.0,55.0,89.0,89.0,73.0,1.0,70.0,84.0,45.0,83.0,100.0,96.0,100.0,100.0,96.0,baania,2023-08-31
173,3430,OM KRET,อ้อมเกร็ด,3418,PAK KRET,ปากเกร็ด,3372,Nonthaburi,นนทบุรี,78.0,78.0,46.0,95.0,91.0,84.0,40.0,97.0,1.0,56.0,99.0,100.0,90.0,100.0,99.0,99.0,baania,2023-08-31
263,3608,BANG LUANG,บางหลวง,3600,MUEANG PATHUM THANI,เมืองปทุมธานี,3599,Pathum Thani,ปทุมธานี,80.0,53.0,75.0,82.0,100.0,80.0,0.0,95.0,0.0,38.0,98.0,100.0,97.0,97.0,90.0,97.0,baania,2023-08-31
241,3816,DIN DAENG,ดินแดง,3815,DIN DAENG,ดินแดง,3781,Bangkok,กรุงเทพมหานคร,99.0,100.0,99.0,100.0,99.0,100.0,100.0,98.0,36.0,86.0,100.0,78.0,100.0,96.0,97.0,96.0,baania,2023-08-31
226,3656,BANG PHO NUEA,บางโพธิ์เหนือ,3647,SAM KHOK,สามโคก,3599,Pathum Thani,ปทุมธานี,51.0,93.0,97.0,100.0,100.0,89.0,0.0,90.0,0.0,36.0,100.0,100.0,100.0,64.0,100.0,82.0,baania,2023-08-31
125,3830,BANG CHUEAK NANG,บางเชือกหนัง,3826,TALING CHAN,ตลิ่งชัน,3781,Bangkok,กรุงเทพมหานคร,60.0,84.0,60.0,100.0,93.0,86.0,53.0,80.0,7.0,55.0,98.0,56.0,98.0,69.0,56.0,75.0,baania,2023-08-31
261,3783,KHLONG TOEI,คลองเตย,3782,KHLONG TOEI,คลองเตย,3781,Bangkok,กรุงเทพมหานคร,100.0,100.0,100.0,100.0,100.0,100.0,100.0,100.0,95.0,99.0,100.0,75.0,100.0,100.0,99.0,97.0,baania,2023-08-31
70,3401,SALA KLANG,ศาลากลาง,3392,BANG KRUAI,บางกรวย,3372,Nonthaburi,นนทบุรี,19.0,45.0,12.0,76.0,56.0,53.0,1.0,76.0,1.0,31.0,61.0,93.0,81.0,96.0,96.0,87.0,baania,2023-08-31
281,3775,BANG TOEI,บางเตย,3764,SAM PHRAN,สามพราน,3667,Nakhon Pathom,นครปฐม,60.0,13.0,24.0,91.0,80.0,69.0,0.0,94.0,0.0,38.0,95.0,96.0,86.0,100.0,100.0,97.0,baania,2023-08-31
116,3408,LAHAN,ละหาร,3402,BANG BUA THONG,บางบัวทอง,3372,Nonthaburi,นนทบุรี,52.0,78.0,59.0,100.0,98.0,84.0,6.0,74.0,1.0,32.0,90.0,98.0,92.0,100.0,100.0,97.0,baania,2023-08-31
332,20626,KHLONG BANG PHRAN,คลองบางพราน,3879,BANG BON,บางบอน,3781,Bangkok,กรุงเทพมหานคร,86.0,99.0,86.0,100.0,100.0,96.0,2.0,97.0,1.0,40.0,99.0,71.0,99.0,93.0,95.0,93.0,baania,2023-08-31
343,3415,BANG YAI,บางใหญ่,3411,BANG YAI,บางใหญ่,3372,Nonthaburi,นนทบุรี,68.0,92.0,73.0,96.0,93.0,87.0,1.0,18.0,1.0,8.0,93.0,99.0,96.0,100.0,100.0,98.0,baania,2023-08-31
118,3810,BANG MOT,บางมด,3806,CHOM THONG,จอมทอง,3781,Bangkok,กรุงเทพมหานคร,95.0,98.0,95.0,99.0,98.0,97.0,7.0,91.0,45.0,48.0,98.0,73.0,100.0,81.0,95.0,87.0,baania,2023-08-31
121,3613,SUAN PHRIK THAI,สวนพริกไทย,3600,MUEANG PATHUM THANI,เมืองปทุมธานี,3599,Pathum Thani,ปทุมธานี,6.0,11.0,1.0,100.0,90.0,61.0,0.0,71.0,0.0,28.0,100.0,100.0,66.0,71.0,68.0,79.0,baania,2023-08-31
9,3966,KHLONG TAN NUEA,คลองตันเหนือ,3965,VADHANA,วัฒนา,3781,Bangkok,กรุงเทพมหานคร,97.0,99.0,97.0,100.0,100.0,99.0,99.0,100.0,100.0,100.0,100.0,77.0,100.0,98.0,99.0,97.0,baania,2023-08-31
233,3771,THA KHAM,ท่าข้าม,3764,SAM PHRAN,สามพราน,3667,Nakhon Pathom,นครปฐม,55.0,15.0,46.0,90.0,100.0,72.0,0.0,98.0,0.0,39.0,98.0,100.0,98.0,100.0,100.0,99.0,baania,2023-08-31
193,3855,WAT ARUN,วัดอรุณ,3853,BANGKOK YAI,บางกอกใหญ่,3781,Bangkok,กรุงเทพมหานคร,100.0,100.0,100.0,100.0,100.0,100.0,97.0,98.0,98.0,98.0,100.0,80.0,100.0,90.0,80.0,91.0,baania,2023-08-31
305,3919,BANG KHUN PHROM,บางขุนพรหม,3915,PHRA NAKHON,พระนคร,3781,Bangkok,กรุงเทพมหานคร,100.0,100.0,100.0,100.0,100.0,100.0,64.0,96.0,100.0,84.0,100.0,90.0,100.0,95.0,100.0,97.0,baania,2023-08-31
295,3414,BANG LEN,บางเลน,3411,BANG YAI,บางใหญ่,3372,Nonthaburi,นนทบุรี,78.0,98.0,96.0,98.0,99.0,94.0,78.0,96.0,2.0,70.0,98.0,100.0,100.0,100.0,100.0,100.0,baania,2023-08-31
227,3680,PHRA PRATHON,พระประโทน,3668,MUEANG NAKHON PATHOM,เมืองนครปฐม,3667,Nakhon Pathom,นครปฐม,1.0,10.0,45.0,70.0,60.0,47.0,0.0,1.0,0.0,0.0,68.0,75.0,75.0,75.0,75.0,74.0,baania,2023-08-31
260,3772,THA TALAT,ท่าตลาด,3764,SAM PHRAN,สามพราน,3667,Nakhon Pathom,นครปฐม,45.0,26.0,62.0,94.0,94.0,74.0,0.0,88.0,0.0,35.0,94.0,94.0,94.0,94.0,94.0,94.0,baania,2023-08-31
5,3547,SAMRONG KLANG,สำโรงกลาง,3533,PHRA PRADAENG,พระประแดง,3498,Samut Prakan,สมุทรปราการ,90.0,100.0,90.0,100.0,100.0,97.0,100.0,100.0,0.0,80.0,100.0,100.0,100.0,100.0,100.0,100.0,baania,2023-08-31
277,3944,THANON PHET BURI,ถนนเพชรบุรี,3942,RATCHATHEWI,ราชเทวี,3781,Bangkok,กรุงเทพมหานคร,100.0,100.0,100.0,100.0,100.0,100.0,100.0,100.0,100.0,100.0,100.0,81.0,100.0,100.0,91.0,97.0,baania,2023-08-31
290,3978,THUNG MAHAMEK,ทุ่งมหาเมฆ,3977,SATHON,สาทร,3781,Bangkok,กรุงเทพมหานคร,99.0,100.0,99.0,100.0,100.0,100.0,100.0,99.0,68.0,93.0,100.0,84.0,100.0,97.0,100.0,97.0,baania,2023-08-31
135,3842,BANG YI RUEA,บางยี่เรือ,3839,THON BURI,ธนบุรี,3781,Bangkok,กรุงเทพมหานคร,100.0,100.0,100.0,100.0,100.0,100.0,100.0,100.0,100.0,100.0,100.0,90.0,100.0,100.0,100.0,99.0,baania,2023-08-31
224,3894,NAWAMIN,นวมินทร์,3892,BUENG KUM,บึงกุ่ม,3781,Bangkok,กรุงเทพมหานคร,97.0,98.0,97.0,99.0,100.0,98.0,1.0,96.0,37.0,46.0,99.0,60.0,100.0,94.0,96.0,92.0,baania,2023-08-31
120,3768,KHLONG MAI,คลองใหม่,3764,SAM PHRAN,สามพราน,3667,Nakhon Pathom,นครปฐม,53.0,20.0,85.0,90.0,95.0,76.0,0.0,1.0,0.0,0.0,77.0,100.0,100.0,100.0,100.0,95.0,baania,2023-08-31
235,3409,LAM PHO,ลำโพ,3402,BANG BUA THONG,บางบัวทอง,3372,Nonthaburi,นนทบุรี,58.0,87.0,95.0,99.0,100.0,89.0,1.0,96.0,1.0,39.0,95.0,100.0,100.0,100.0,100.0,99.0,baania,2023-08-31
269,3526,BANG PLA,บางปลา,3522,BANG PHLI,บางพลี,3498,Samut Prakan,สมุทรปราการ,77.0,76.0,91.0,95.0,100.0,89.0,1.0,28.0,0.0,12.0,94.0,94.0,96.0,98.0,100.0,97.0,baania,2023-08-31
96,3406,BANG RAK YAI,บางรักใหญ่,3402,BANG BUA THONG,บางบัวทอง,3372,Nonthaburi,นนทบุรี,80.0,100.0,87.0,93.0,100.0,91.0,98.0,98.0,23.0,83.0,97.0,100.0,99.0,99.0,100.0,99.0,baania,2023-08-31
192,3866,BANG KHO LAEM,บางคอแหลม,3865,BANG KHO LAEM,บางคอแหลม,3781,Bangkok,กรุงเทพมหานคร,100.0,100.0,100.0,100.0,100.0,100.0,77.0,96.0,100.0,90.0,100.0,94.0,100.0,95.0,99.0,97.0,baania,2023-08-31
286,3808,BANG KHUN THIAN,บางขุนเทียน,3806,CHOM THONG,จอมทอง,3781,Bangkok,กรุงเทพมหานคร,81.0,97.0,81.0,100.0,100.0,94.0,74.0,96.0,25.0,73.0,100.0,71.0,100.0,93.0,94.0,93.0,baania,2023-08-31
95,3417,SAO THONG HIN,เสาธงหิน,3411,BANG YAI,บางใหญ่,3372,Nonthaburi,นนทบุรี,76.0,86.0,77.0,94.0,95.0,88.0,98.0,98.0,1.0,78.0,98.0,99.0,97.0,100.0,100.0,99.0,baania,2023-08-31
273,3778,RAI KHING,ไร่ขิง,3764,SAM PHRAN,สามพราน,3667,Nakhon Pathom,นครปฐม,56.0,16.0,36.0,94.0,100.0,73.0,0.0,93.0,0.0,37.0,97.0,94.0,93.0,100.0,100.0,98.0,baania,2023-08-31
66,3603,BANG KHU WAT,บางคูวัด,3600,MUEANG PATHUM THANI,เมืองปทุมธานี,3599,Pathum Thani,ปทุมธานี,54.0,30.0,39.0,92.0,89.0,72.0,0.0,89.0,0.0,36.0,100.0,99.0,89.0,94.0,68.0,93.0,baania,2023-08-31
73,3508,BANG MUEANG MAI,บางเมืองใหม่,3499,MUEANG SAMUT PRAKAN,เมืองสมุทรปราการ,3498,Samut Prakan,สมุทรปราการ,92.0,93.0,98.0,99.0,99.0,97.0,47.0,100.0,0.0,59.0,100.0,100.0,100.0,100.0,100.0,100.0,baania,2023-08-31
146,3876,WONG SAWANG,วงศ์สว่าง,3874,BANG SUE,บางซื่อ,3781,Bangkok,กรุงเทพมหานคร,93.0,97.0,93.0,100.0,98.0,97.0,97.0,97.0,84.0,94.0,99.0,73.0,100.0,93.0,96.0,93.0,baania,2023-08-31
117,3540,BANG CHAK,บางจาก,3533,PHRA PRADAENG,พระประแดง,3498,Samut Prakan,สมุทรปราการ,66.0,100.0,71.0,100.0,100.0,90.0,1.0,100.0,0.0,40.0,100.0,100.0,99.0,100.0,100.0,100.0,baania,2023-08-31
264,3922,WANG BURAPHA PHIROM,วังบูรพาภิรมย์,3915,PHRA NAKHON,พระนคร,3781,Bangkok,กรุงเทพมหานคร,80.0,100.0,80.0,100.0,100.0,94.0,100.0,100.0,100.0,100.0,100.0,80.0,100.0,100.0,100.0,98.0,baania,2023-08-31
74,3646,LAM SAI,ลำไทร,3638,LAM LUK KA,ลำลูกกา,3599,Pathum Thani,ปทุมธานี,54.0,54.0,67.0,100.0,100.0,83.0,0.0,1.0,0.0,0.0,100.0,100.0,88.0,88.0,76.0,90.0,baania,2023-08-31
321,3961,WANG THONGLANG,วังทองหลาง,3960,WANG THONGLANG,วังทองหลาง,3781,Bangkok,กรุงเทพมหานคร,98.0,97.0,98.0,100.0,100.0,99.0,71.0,96.0,56.0,78.0,99.0,78.0,100.0,91.0,98.0,93.0,baania,2023-08-31
203,3544,BANG YA PHRAEK,บางหญ้าแพรก,3533,PHRA PRADAENG,พระประแดง,3498,Samut Prakan,สมุทรปราการ,100.0,93.0,80.0,100.0,100.0,97.0,1.0,100.0,0.0,40.0,100.0,100.0,100.0,100.0,100.0,100.0,baania,2023-08-31
225,3871,BANG KHAE NUEA,บางแคเหนือ,3869,BANG KHAE,บางแค,3781,Bangkok,กรุงเทพมหานคร,61.0,91.0,61.0,92.0,96.0,83.0,1.0,90.0,1.0,37.0,94.0,64.0,93.0,88.0,86.0,87.0,baania,2023-08-31
247,3420,KHLONG KLUEA,คลองเกลือ,3418,PAK KRET,ปากเกร็ด,3372,Nonthaburi,นนทบุรี,99.0,98.0,85.0,100.0,100.0,98.0,1.0,100.0,15.0,44.0,100.0,100.0,100.0,100.0,100.0,100.0,baania,2023-08-31
279,3770,SONG KHANONG,ทรงคนอง,3764,SAM PHRAN,สามพราน,3667,Nakhon Pathom,นครปฐม,1.0,20.0,60.0,100.0,100.0,68.0,0.0,86.0,0.0,34.0,73.0,100.0,100.0,100.0,100.0,95.0,baania,2023-08-31
105,3546,SAMRONG,สำโรง,3533,PHRA PRADAENG,พระประแดง,3498,Samut Prakan,สมุทรปราการ,96.0,100.0,96.0,100.0,100.0,99.0,99.0,100.0,0.0,80.0,100.0,100.0,100.0,100.0,100.0,100.0,baania,2023-08-31
94,3745,BANG LEN,บางเลน,3744,BANG LEN,บางเลน,3667,Nakhon Pathom,นครปฐม,1.0,20.0,60.0,100.0,100.0,68.0,0.0,1.0,0.0,0.0,64.0,100.0,100.0,100.0,100.0,93.0,baania,2023-08-31
