row_number,subdistrict_id,subdistrict_name_en,subdistrict_name_th,district_id,district_name_en,district_name_th,province_id,province_name_en,province_name_th,eating_daytime,eating_daytime_price,eating_daytime_quality,eating_daytime_variety,eating_nighttime,eating_nighttime_price,eating_nighttime_quality,eating_nighttime_variety,source,day
52,3937,MIN BURI,มีนบุรี,3936,MIN BURI,มีนบุรี,3781,Bangkok,กรุงเทพมหานคร,54.0,84.0,25.0,67.0,54.0,79.0,19.0,64.0,baania,2023-08-31
525,1182,SAN NA MENG,สันนาเม็ง,1175,SAN SAI,สันทราย,1005,Chiang Mai,เชียงใหม่,43.0,40.0,47.0,40.0,61.0,49.0,65.0,64.0,baania,2023-08-31
453,3438,THA PRADU,ท่าประดู่,3432,MUEANG RAYONG,เมืองระยอง,3431,Rayong,ระยอง,65.0,52.0,60.0,100.0,69.0,37.0,48.0,100.0,baania,2023-08-31
412,3940,CHONG NONSI,ช่องนนทรี,3939,YAN NAWA,ยานนาวา,3781,Bangkok,กรุงเทพมหานคร,71.0,67.0,65.0,92.0,76.0,57.0,69.0,91.0,baania,2023-08-31
190,3390,RAT NIYOM,ราษฎร์นิยม,3384,SAI NOI,ไทรน้อย,3372,Nonthaburi,นนทบุรี,53.0,56.0,75.0,0.0,30.0,57.0,54.0,0.0,baania,2023-08-31
238,3506,BANG PRONG,บางโปรง,3499,MUEANG SAMUT PRAKAN,เมืองสมุทรปราการ,3498,Samut Prakan,สมุทรปราการ,77.0,94.0,84.0,32.0,57.0,77.0,77.0,33.0,baania,2023-08-31
395,3831,BANG PHROM,บางพรม,3826,TALING CHAN,ตลิ่งชัน,3781,Bangkok,กรุงเทพมหานคร,66.0,84.0,50.0,70.0,65.0,82.0,43.0,70.0,baania,2023-08-31
527,4632,NONG RI,หนองรี,4617,MUEANG CHON BURI,เมืองชลบุรี,4616,Chon Buri,ชลบุรี,28.0,37.0,24.0,23.0,21.0,13.0,21.0,26.0,baania,2023-08-31
363,4628,SAMET,เสม็ด,4617,MUEANG CHON BURI,เมืองชลบุรี,4616,Chon Buri,ชลบุรี,68.0,67.0,56.0,97.0,69.0,41.0,54.0,94.0,baania,2023-08-31
373,3443,PAK NAM,ปากน้ำ,3432,MUEANG RAYONG,เมืองระยอง,3431,Rayong,ระยอง,62.0,55.0,56.0,90.0,74.0,51.0,55.0,100.0,baania,2023-08-31
226,4630,NONG KHANG KHOK,หนองข้างคอก,4617,MUEANG CHON BURI,เมืองชลบุรี,4616,Chon Buri,ชลบุรี,23.0,25.0,24.0,15.0,29.0,9.0,27.0,42.0,baania,2023-08-31
23,3487,PLUAK DAENG,ปลวกแดง,3486,PLUAK DAENG,ปลวกแดง,3431,Rayong,ระยอง,44.0,55.0,31.0,52.0,41.0,50.0,24.0,46.0,baania,2023-08-31
62,4618,KHLONG TAMRU,คลองตำหรุ,4617,MUEANG CHON BURI,เมืองชลบุรี,4616,Chon Buri,ชลบุรี,58.0,70.0,50.0,56.0,45.0,32.0,36.0,58.0,baania,2023-08-31
94,3835,SALA THAMMASOP,ศาลาธรรมสพน์,3833,THAWI WATTHANA,ทวีวัฒนา,3781,Bangkok,กรุงเทพมหานคร,67.0,79.0,63.0,56.0,63.0,71.0,59.0,62.0,baania,2023-08-31
184,3627,PRACHA THIPAT,ประชาธิปัตย์,3623,THANYABURI,ธัญบุรี,3599,Pathum Thani,ปทุมธานี,51.0,47.0,40.0,84.0,56.0,43.0,22.0,85.0,baania,2023-08-31
145,3476,CHAK BOK,ชากบก,3474,BAN KHAI,บ้านค่าย,3431,Rayong,ระยอง,44.0,42.0,53.0,27.0,38.0,54.0,55.0,17.0,baania,2023-08-31
281,3777,YAI CHA,ยายชา,3764,SAM PHRAN,สามพราน,3667,Nakhon Pathom,นครปฐม,62.0,63.0,57.0,70.0,69.0,63.0,60.0,77.0,baania,2023-08-31
476,3617,KHLONG SONG,คลองสอง,3615,KHLONG LUANG,คลองหลวง,3599,Pathum Thani,ปทุมธานี,45.0,46.0,33.0,73.0,53.0,39.0,32.0,75.0,baania,2023-08-31
482,3832,BANG RAMAT,บางระมาด,3826,TALING CHAN,ตลิ่งชัน,3781,Bangkok,กรุงเทพมหานคร,67.0,81.0,55.0,71.0,68.0,77.0,50.0,74.0,baania,2023-08-31
424,1221,NONG KHWAI,หนองควาย,1213,HANG DONG,หางดง,1005,Chiang Mai,เชียงใหม่,57.0,43.0,64.0,67.0,56.0,42.0,66.0,58.0,baania,2023-08-31
29,4631,NONG MAI DAENG,หนองไม้แดง,4617,MUEANG CHON BURI,เมืองชลบุรี,4616,Chon Buri,ชลบุรี,71.0,84.0,68.0,53.0,57.0,51.0,50.0,65.0,baania,2023-08-31
65,3633,KHU KHWANG,คูขวาง,3630,LAT LUM KAEO,ลาดหลุมแก้ว,3599,Pathum Thani,ปทุมธานี,41.0,44.0,42.0,32.0,43.0,53.0,33.0,44.0,baania,2023-08-31
170,3779,HOM KRET,หอมเกร็ด,3764,SAM PHRAN,สามพราน,3667,Nakhon Pathom,นครปฐม,60.0,58.0,58.0,68.0,65.0,61.0,59.0,70.0,baania,2023-08-31
229,3470,NIKHOM PHATTHANA,นิคมพัฒนา,3469,NIKHOM PHATTHANA,นิคมพัฒนา,3431,Rayong,ระยอง,31.0,31.0,25.0,42.0,28.0,31.0,17.0,34.0,baania,2023-08-31
317,4699,THUNG SUKHLA,ทุ่งสุขลา,4696,SI RACHA,ศรีราชา,4616,Chon Buri,ชลบุรี,61.0,67.0,50.0,76.0,56.0,40.0,45.0,73.0,baania,2023-08-31
221,3578,DON KAI DI,ดอนไก่ดี,3575,KRATHUM BAEN,กระทุ่มแบน,3555,Samut Sakhon,สมุทรสาคร,45.0,65.0,30.0,44.0,44.0,59.0,32.0,44.0,baania,2023-08-31
68,3378,BANG KRANG,บางกร่าง,3373,MUEANG NONTHABURI,เมืองนนทบุรี,3372,Nonthaburi,นนทบุรี,71.0,77.0,64.0,77.0,65.0,76.0,32.0,81.0,baania,2023-08-31
54,3945,THUNG PHAYA THAI,ทุ่งพญาไท,3942,RATCHATHEWI,ราชเทวี,3781,Bangkok,กรุงเทพมหานคร,69.0,63.0,62.0,97.0,79.0,61.0,66.0,98.0,baania,2023-08-31
321,3910,WAT SOMMANAT,วัดโสมนัส,3905,POM PRAP SATTRU PHAI,ป้อมปราบศัตรูพ่าย,3781,Bangkok,กรุงเทพมหานคร,68.0,77.0,60.0,68.0,73.0,64.0,62.0,84.0,baania,2023-08-31
361,3680,PHRA PRATHON,พระประโทน,3668,MUEANG NAKHON PATHOM,เมืองนครปฐม,3667,Nakhon Pathom,นครปฐม,64.0,86.0,43.0,75.0,44.0,62.0,33.0,42.0,baania,2023-08-31
127,3639,LAM LUK KA,ลำลูกกา,3638,LAM LUK KA,ลำลูกกา,3599,Pathum Thani,ปทุมธานี,40.0,53.0,26.0,52.0,46.0,49.0,14.0,65.0,baania,2023-08-31
255,3427,BANG PHUT,บางพูด,3418,PAK KRET,ปากเกร็ด,3372,Nonthaburi,นนทบุรี,63.0,73.0,59.0,51.0,61.0,76.0,64.0,51.0,baania,2023-08-31
37,3445,MAPTAPHUT,มาบตาพุด,3432,MUEANG RAYONG,เมืองระยอง,3431,Rayong,ระยอง,46.0,44.0,36.0,69.0,44.0,34.0,23.0,64.0,baania,2023-08-31
282,3386,KHLONG KHWANG,คลองขวาง,3384,SAI NOI,ไทรน้อย,3372,Nonthaburi,นนทบุรี,48.0,78.0,33.0,27.0,35.0,67.0,36.0,16.0,baania,2023-08-31
393,3968,PHRA KHANONG NUEA,พระโขนงเหนือ,3965,VADHANA,วัฒนา,3781,Bangkok,กรุงเทพมหานคร,73.0,71.0,63.0,99.0,81.0,71.0,63.0,99.0,baania,2023-08-31
347,3440,NAM KHOK,น้ำคอก,3432,MUEANG RAYONG,เมืองระยอง,3431,Rayong,ระยอง,45.0,50.0,33.0,65.0,37.0,22.0,22.0,55.0,baania,2023-08-31
120,3686,SANAM CHAN,สนามจันทร์,3668,MUEANG NAKHON PATHOM,เมืองนครปฐม,3667,Nakhon Pathom,นครปฐม,71.0,79.0,65.0,69.0,73.0,70.0,59.0,83.0,baania,2023-08-31
388,3412,BANG MUANG,บางม่วง,3411,BANG YAI,บางใหญ่,3372,Nonthaburi,นนทบุรี,66.0,81.0,51.0,72.0,61.0,75.0,35.0,71.0,baania,2023-08-31
67,1020,NONG PA KHRANG,หนองป่าครั่ง,1006,MUEANG CHIANG MAI,เมืองเชียงใหม่,1005,Chiang Mai,เชียงใหม่,69.0,58.0,67.0,91.0,72.0,46.0,67.0,89.0,baania,2023-08-31
27,1067,SAN PU LOEI,สันปูเลย,1054,DOI SAKET,ดอยสะเก็ด,1005,Chiang Mai,เชียงใหม่,47.0,37.0,53.0,49.0,57.0,32.0,67.0,63.0,baania,2023-08-31
74,3509,PAK NAM,ปากน้ำ,3499,MUEANG SAMUT PRAKAN,เมืองสมุทรปราการ,3498,Samut Prakan,สมุทรปราการ,70.0,84.0,55.0,79.0,65.0,72.0,57.0,67.0,baania,2023-08-31
119,3989,NONG CHOK,หนองจอก,3988,NONG CHOK,หนองจอก,3781,Bangkok,กรุงเทพมหานคร,55.0,86.0,34.0,49.0,49.0,84.0,18.0,50.0,baania,2023-08-31
28,4703,SURASAK,สุรศักดิ์,4696,SI RACHA,ศรีราชา,4616,Chon Buri,ชลบุรี,57.0,43.0,55.0,83.0,57.0,23.0,53.0,79.0,baania,2023-08-31
239,3645,LAT SAWAI,ลาดสวาย,3638,LAM LUK KA,ลำลูกกา,3599,Pathum Thani,ปทุมธานี,46.0,51.0,24.0,88.0,54.0,42.0,11.0,88.0,baania,2023-08-31
469,3799,RAM INTHRA,รามอินทรา,3797,KHAN NA YAO,คันนายาว,3781,Bangkok,กรุงเทพมหานคร,65.0,83.0,45.0,78.0,65.0,80.0,39.0,73.0,baania,2023-08-31
187,3442,BAN LAENG,บ้านแลง,3432,MUEANG RAYONG,เมืองระยอง,3431,Rayong,ระยอง,55.0,70.0,54.0,32.0,41.0,40.0,38.0,45.0,baania,2023-08-31
213,1017,SI PHUM,ศรีภูมิ,1006,MUEANG CHIANG MAI,เมืองเชียงใหม่,1005,Chiang Mai,เชียงใหม่,67.0,56.0,61.0,100.0,77.0,48.0,70.0,98.0,baania,2023-08-31
524,3875,BANG SUE,บางซื่อ,3874,BANG SUE,บางซื่อ,3781,Bangkok,กรุงเทพมหานคร,68.0,86.0,51.0,71.0,72.0,81.0,57.0,78.0,baania,2023-08-31
414,3970,SUAN LUANG,สวนหลวง,3969,SUAN LUANG,สวนหลวง,3781,Bangkok,กรุงเทพมหานคร,67.0,78.0,50.0,87.0,72.0,73.0,49.0,87.0,baania,2023-08-31
262,4709,PHLU TA LUANG,พลูตาหลวง,4705,SATTAHIP,สัตหีบ,4616,Chon Buri,ชลบุรี,49.0,53.0,49.0,44.0,46.0,35.0,48.0,50.0,baania,2023-08-31
278,4677,KUT NGONG,กุฎโง้ง,4675,PHANAT NIKHOM,พนัสนิคม,4616,Chon Buri,ชลบุรี,61.0,66.0,60.0,53.0,49.0,45.0,56.0,47.0,baania,2023-08-31
58,2633,PA KHLOK,ป่าคลอก,2630,THALANG,ถลาง,2616,Phuket,ภูเก็ต,42.0,51.0,40.0,33.0,37.0,44.0,29.0,37.0,baania,2023-08-31
511,3532,SISA CHORAKHE YAI,ศีรษะจรเข้ใหญ่,3529,BANG SAO THONG,บางเสาธง,3498,Samut Prakan,สมุทรปราการ,55.0,71.0,47.0,45.0,51.0,59.0,28.0,62.0,baania,2023-08-31
176,3546,SAMRONG,สำโรง,3533,PHRA PRADAENG,พระประแดง,3498,Samut Prakan,สมุทรปราการ,63.0,78.0,54.0,56.0,61.0,61.0,31.0,81.0,baania,2023-08-31
341,3674,THAMMASALA,ธรรมศาลา,3668,MUEANG NAKHON PATHOM,เมืองนครปฐม,3667,Nakhon Pathom,นครปฐม,58.0,88.0,33.0,61.0,64.0,86.0,31.0,75.0,baania,2023-08-31
472,3959,CHORAKHE BUA,จรเข้บัว,3957,LAT PHRAO,ลาดพร้าว,3781,Bangkok,กรุงเทพมหานคร,68.0,81.0,54.0,79.0,68.0,75.0,49.0,76.0,baania,2023-08-31
249,3888,MAHA PHRUETTHARAM,มหาพฤฒาราม,3886,BANG RAK,บางรัก,3781,Bangkok,กรุงเทพมหานคร,73.0,66.0,67.0,98.0,81.0,64.0,69.0,98.0,baania,2023-08-31
313,3780,OM YAI,อ้อมใหญ่,3764,SAM PHRAN,สามพราน,3667,Nakhon Pathom,นครปฐม,60.0,67.0,53.0,65.0,63.0,66.0,52.0,70.0,baania,2023-08-31
289,4656,KHLONG KIO,คลองกิ่ว,4654,BAN BUENG,บ้านบึง,4616,Chon Buri,ชลบุรี,46.0,17.0,79.0,22.0,40.0,23.0,65.0,33.0,baania,2023-08-31
252,3762,MAHASAWAT,มหาสวัสดิ์,3760,PHUTTHAMONTHON,พุทธมณฑล,3667,Nakhon Pathom,นครปฐม,62.0,60.0,59.0,71.0,67.0,65.0,60.0,74.0,baania,2023-08-31
386,1208,YANG NOENG,ยางเนิ้ง,1200,SARAPHI,สารภี,1005,Chiang Mai,เชียงใหม่,41.0,46.0,39.0,36.0,47.0,28.0,55.0,52.0,baania,2023-08-31
368,3867,WAT PHRAYA KRAI,วัดพระยาไกร,3865,BANG KHO LAEM,บางคอแหลม,3781,Bangkok,กรุงเทพมหานคร,65.0,67.0,56.0,84.0,75.0,63.0,56.0,95.0,baania,2023-08-31
505,3961,WANG THONGLANG,วังทองหลาง,3960,WANG THONGLANG,วังทองหลาง,3781,Bangkok,กรุงเทพมหานคร,65.0,74.0,50.0,82.0,69.0,74.0,47.0,81.0,baania,2023-08-31
360,1065,LUANG NUEA,ลวงเหนือ,1054,DOI SAKET,ดอยสะเก็ด,1005,Chiang Mai,เชียงใหม่,34.0,31.0,35.0,39.0,37.0,12.0,56.0,39.0,baania,2023-08-31
128,3788,KHLONG TON SAI,คลองต้นไทร,3786,KHLONG SAN,คลองสาน,3781,Bangkok,กรุงเทพมหานคร,69.0,69.0,62.0,86.0,75.0,68.0,61.0,87.0,baania,2023-08-31
31,1055,CHOENG DOI,เชิงดอย,1054,DOI SAKET,ดอยสะเก็ด,1005,Chiang Mai,เชียงใหม่,36.0,49.0,32.0,24.0,23.0,31.0,35.0,10.0,baania,2023-08-31
470,1008,CHANG PHUEAK,ช้างเผือก,1006,MUEANG CHIANG MAI,เมืองเชียงใหม่,1005,Chiang Mai,เชียงใหม่,61.0,48.0,60.0,84.0,70.0,43.0,71.0,84.0,baania,2023-08-31
232,1059,PA PONG,ป่าป้อง,1054,DOI SAKET,ดอยสะเก็ด,1005,Chiang Mai,เชียงใหม่,42.0,64.0,30.0,29.0,31.0,61.0,39.0,9.0,baania,2023-08-31
113,1203,CHAI SATHAN,ไชยสถาน,1200,SARAPHI,สารภี,1005,Chiang Mai,เชียงใหม่,50.0,26.0,58.0,72.0,61.0,15.0,75.0,77.0,baania,2023-08-31
342,3642,BUENG KHAM PHROI,บึงคำพร้อย,3638,LAM LUK KA,ลำลูกกา,3599,Pathum Thani,ปทุมธานี,43.0,50.0,22.0,77.0,51.0,45.0,8.0,84.0,baania,2023-08-31
429,3526,BANG PLA,บางปลา,3522,BANG PHLI,บางพลี,3498,Samut Prakan,สมุทรปราการ,65.0,79.0,55.0,59.0,60.0,72.0,56.0,56.0,baania,2023-08-31
315,3802,CHOMPHON,จอมพล,3800,CHATUCHAK,จตุจักร,3781,Bangkok,กรุงเทพมหานคร,67.0,74.0,51.0,90.0,72.0,79.0,48.0,84.0,baania,2023-08-31
346,3827,TALING CHAN,ตลิ่งชัน,3826,TALING CHAN,ตลิ่งชัน,3781,Bangkok,กรุงเทพมหานคร,76.0,80.0,74.0,75.0,74.0,78.0,65.0,77.0,baania,2023-08-31
294,4625,BAN SUAN,บ้านสวน,4617,MUEANG CHON BURI,เมืองชลบุรี,4616,Chon Buri,ชลบุรี,66.0,75.0,57.0,69.0,56.0,35.0,48.0,72.0,baania,2023-08-31
46,3803,CHANTHARAKASEM,จันทรเกษม,3800,CHATUCHAK,จตุจักร,3781,Bangkok,กรุงเทพมหานคร,64.0,79.0,46.0,78.0,67.0,76.0,44.0,76.0,baania,2023-08-31
276,3943,THANON PHAYA THAI,ถนนพญาไท,3942,RATCHATHEWI,ราชเทวี,3781,Bangkok,กรุงเทพมหานคร,70.0,66.0,62.0,94.0,79.0,61.0,66.0,98.0,baania,2023-08-31
53,3435,CHOENG NOEN,เชิงเนิน,3432,MUEANG RAYONG,เมืองระยอง,3431,Rayong,ระยอง,65.0,64.0,53.0,93.0,71.0,52.0,53.0,94.0,baania,2023-08-31
193,4671,NONG KAKHA,หนองกะขะ,4663,PHAN THONG,พานทอง,4616,Chon Buri,ชลบุรี,51.0,56.0,50.0,43.0,42.0,35.0,42.0,47.0,baania,2023-08-31
237,4648,TAKHIAN TIA,ตะเคียนเตี้ย,4645,BANG LAMUNG,บางละมุง,4616,Chon Buri,ชลบุรี,40.0,46.0,36.0,37.0,37.0,22.0,37.0,44.0,baania,2023-08-31
204,3652,CHIANG RAK YAI,เชียงรากใหญ่,3647,SAM KHOK,สามโคก,3599,Pathum Thani,ปทุมธานี,41.0,28.0,38.0,71.0,47.0,31.0,33.0,64.0,baania,2023-08-31
75,3604,BANG DUEA,บางเดื่อ,3600,MUEANG PATHUM THANI,เมืองปทุมธานี,3599,Pathum Thani,ปทุมธานี,53.0,68.0,42.0,52.0,38.0,48.0,18.0,47.0,baania,2023-08-31
254,3511,PHRAEKSA MAI,แพรกษาใหม่,3499,MUEANG SAMUT PRAKAN,เมืองสมุทรปราการ,3498,Samut Prakan,สมุทรปราการ,51.0,69.0,42.0,39.0,42.0,62.0,38.0,33.0,baania,2023-08-31
35,3447,HUAI PONG,ห้วยโป่ง,3432,MUEANG RAYONG,เมืองระยอง,3431,Rayong,ระยอง,64.0,83.0,49.0,64.0,65.0,69.0,40.0,79.0,baania,2023-08-31
439,4693,NA PHRATHAT,หน้าพระธาตุ,4675,PHANAT NIKHOM,พนัสนิคม,4616,Chon Buri,ชลบุรี,43.0,45.0,46.0,34.0,36.0,31.0,45.0,33.0,baania,2023-08-31
434,3778,RAI KHING,ไร่ขิง,3764,SAM PHRAN,สามพราน,3667,Nakhon Pathom,นครปฐม,57.0,63.0,47.0,70.0,63.0,63.0,41.0,78.0,baania,2023-08-31
336,3801,CHATUCHAK,จตุจักร,3800,CHATUCHAK,จตุจักร,3781,Bangkok,กรุงเทพมหานคร,68.0,81.0,53.0,78.0,71.0,83.0,49.0,79.0,baania,2023-08-31
539,3415,BANG YAI,บางใหญ่,3411,BANG YAI,บางใหญ่,3372,Nonthaburi,นนทบุรี,47.0,73.0,21.0,56.0,57.0,72.0,27.0,67.0,baania,2023-08-31
510,1211,NONG PHUENG,หนองผึ้ง,1200,SARAPHI,สารภี,1005,Chiang Mai,เชียงใหม่,45.0,34.0,48.0,58.0,54.0,14.0,66.0,68.0,baania,2023-08-31
257,3525,BANG CHALONG,บางโฉลง,3522,BANG PHLI,บางพลี,3498,Samut Prakan,สมุทรปราการ,65.0,78.0,58.0,57.0,58.0,62.0,56.0,58.0,baania,2023-08-31
97,3502,THEPHARAK,เทพารักษ์,3499,MUEANG SAMUT PRAKAN,เมืองสมุทรปราการ,3498,Samut Prakan,สมุทรปราการ,68.0,80.0,55.0,78.0,68.0,72.0,53.0,76.0,baania,2023-08-31
160,1016,WAT KET,วัดเกต,1006,MUEANG CHIANG MAI,เมืองเชียงใหม่,1005,Chiang Mai,เชียงใหม่,66.0,57.0,62.0,92.0,73.0,46.0,72.0,90.0,baania,2023-08-31
345,3984,O NGOEN,ออเงิน,3981,SAI MAI,สายไหม,3781,Bangkok,กรุงเทพมหานคร,57.0,84.0,33.0,61.0,57.0,82.0,24.0,65.0,baania,2023-08-31
432,3720,NAKHON CHAI SI,นครชัยศรี,3719,NAKHON CHAI SI,นครชัยศรี,3667,Nakhon Pathom,นครปฐม,69.0,69.0,70.0,68.0,70.0,71.0,74.0,67.0,baania,2023-08-31
45,1185,NONG CHOM,หนองจ๊อม,1175,SAN SAI,สันทราย,1005,Chiang Mai,เชียงใหม่,61.0,48.0,68.0,72.0,65.0,37.0,72.0,75.0,baania,2023-08-31
520,20626,KHLONG BANG PHRAN,คลองบางพราน,3879,BANG BON,บางบอน,3781,Bangkok,กรุงเทพมหานคร,67.0,87.0,51.0,67.0,64.0,83.0,45.0,65.0,baania,2023-08-31
104,3953,KHLONG SONG TON NUN,คลองสองต้นนุ่น,3950,LAT KRABANG,ลาดกระบัง,3781,Bangkok,กรุงเทพมหานคร,56.0,85.0,28.0,67.0,56.0,80.0,22.0,66.0,baania,2023-08-31
489,4629,SAEN SUK,แสนสุข,4617,MUEANG CHON BURI,เมืองชลบุรี,4616,Chon Buri,ชลบุรี,68.0,64.0,60.0,95.0,70.0,41.0,59.0,93.0,baania,2023-08-31
471,1184,SAN PHRANET,สันพระเนตร,1175,SAN SAI,สันทราย,1005,Chiang Mai,เชียงใหม่,63.0,40.0,72.0,79.0,65.0,25.0,79.0,78.0,baania,2023-08-31
380,1167,SAI MUN,ทรายมูล,1164,SAN KAMPHAENG,สันกำแพง,1005,Chiang Mai,เชียงใหม่,45.0,52.0,48.0,27.0,38.0,35.0,45.0,36.0,baania,2023-08-31
268,4674,NA PRADU,หน้าประดู่,4663,PHAN THONG,พานทอง,4616,Chon Buri,ชลบุรี,37.0,43.0,36.0,30.0,41.0,31.0,36.0,49.0,baania,2023-08-31
189,3564,THA SAI,ท่าทราย,3556,MUEANG SAMUT SAKHON,เมืองสมุทรสาคร,3555,Samut Sakhon,สมุทรสาคร,40.0,60.0,26.0,38.0,33.0,43.0,23.0,34.0,baania,2023-08-31
367,3634,KHU BANG LUANG,คูบางหลวง,3630,LAT LUM KAEO,ลาดหลุมแก้ว,3599,Pathum Thani,ปทุมธานี,45.0,50.0,41.0,43.0,40.0,30.0,32.0,51.0,baania,2023-08-31
422,3495,CHUM SAENG,ชุมแสง,3493,WANG CHAN,วังจันทร์,3431,Rayong,ระยอง,29.0,20.0,37.0,27.0,23.0,17.0,31.0,21.0,baania,2023-08-31
445,3395,BANG KHUN KONG,บางขุนกอง,3392,BANG KRUAI,บางกรวย,3372,Nonthaburi,นนทบุรี,60.0,74.0,40.0,79.0,61.0,75.0,19.0,82.0,baania,2023-08-31
126,3646,LAM SAI,ลำไทร,3638,LAM LUK KA,ลำลูกกา,3599,Pathum Thani,ปทุมธานี,22.0,34.0,11.0,25.0,25.0,42.0,5.0,29.0,baania,2023-08-31
16,2624,RAWAI,ราไวย์,2617,MUEANG PHUKET,เมืองภูเก็ต,2616,Phuket,ภูเก็ต,52.0,73.0,36.0,52.0,48.0,67.0,34.0,48.0,baania,2023-08-31
201,1176,PA PHAI,ป่าไผ่,1175,SAN SAI,สันทราย,1005,Chiang Mai,เชียงใหม่,48.0,44.0,51.0,46.0,50.0,54.0,57.0,44.0,baania,2023-08-31
498,3934,BANG WA,บางหว้า,3928,PHASI CHAROEN,ภาษีเจริญ,3781,Bangkok,กรุงเทพมหานคร,65.0,87.0,47.0,66.0,64.0,83.0,45.0,65.0,baania,2023-08-31
265,3891,SURIYAWONG,สุริยวงศ์,3886,BANG RAK,บางรัก,3781,Bangkok,กรุงเทพมหานคร,70.0,63.0,63.0,99.0,80.0,56.0,69.0,100.0,baania,2023-08-31
441,3944,THANON PHET BURI,ถนนเพชรบุรี,3942,RATCHATHEWI,ราชเทวี,3781,Bangkok,กรุงเทพมหานคร,70.0,58.0,67.0,96.0,78.0,56.0,70.0,96.0,baania,2023-08-31
537,2621,TALAT NUEA,ตลาดเหนือ,2617,MUEANG PHUKET,เมืองภูเก็ต,2616,Phuket,ภูเก็ต,67.0,62.0,57.0,99.0,75.0,56.0,58.0,97.0,baania,2023-08-31
10,3793,SAI KONG DIN TAI,ทรายกองดินใต้,3791,KHLONG SAM WA,คลองสามวา,3781,Bangkok,กรุงเทพมหานคร,50.0,72.0,32.0,50.0,49.0,65.0,22.0,57.0,baania,2023-08-31
7,3547,SAMRONG KLANG,สำโรงกลาง,3533,PHRA PRADAENG,พระประแดง,3498,Samut Prakan,สมุทรปราการ,64.0,79.0,47.0,77.0,63.0,71.0,27.0,82.0,baania,2023-08-31
271,3848,BANG KHUN NON,บางขุนนนท์,3847,BANGKOK NOI,บางกอกน้อย,3781,Bangkok,กรุงเทพมหานคร,72.0,89.0,56.0,79.0,66.0,79.0,49.0,70.0,baania,2023-08-31
11,1009,CHANG MOI,ช้างม่อย,1006,MUEANG CHIANG MAI,เมืองเชียงใหม่,1005,Chiang Mai,เชียงใหม่,67.0,53.0,65.0,96.0,77.0,43.0,72.0,98.0,baania,2023-08-31
14,3966,KHLONG TAN NUEA,คลองตันเหนือ,3965,VADHANA,วัฒนา,3781,Bangkok,กรุงเทพมหานคร,73.0,56.0,76.0,96.0,79.0,56.0,74.0,96.0,baania,2023-08-31
114,3439,NA TA KHWAN,นาตาขวัญ,3432,MUEANG RAYONG,เมืองระยอง,3431,Rayong,ระยอง,14.0,14.0,14.0,14.0,29.0,20.0,21.0,38.0,baania,2023-08-31
47,3907,KHLONG MAHANAK,คลองมหานาค,3905,POM PRAP SATTRU PHAI,ป้อมปราบศัตรูพ่าย,3781,Bangkok,กรุงเทพมหานคร,72.0,70.0,69.0,82.0,74.0,58.0,69.0,86.0,baania,2023-08-31
316,3620,KHLONG HA,คลองห้า,3615,KHLONG LUANG,คลองหลวง,3599,Pathum Thani,ปทุมธานี,41.0,57.0,26.0,45.0,43.0,40.0,26.0,56.0,baania,2023-08-31
79,3471,PHANA NIKHOM,พนานิคม,3469,NIKHOM PHATTHANA,นิคมพัฒนา,3431,Rayong,ระยอง,23.0,42.0,4.0,30.0,24.0,40.0,8.0,26.0,baania,2023-08-31
405,1187,NONG YAENG,หนองแหย่ง,1175,SAN SAI,สันทราย,1005,Chiang Mai,เชียงใหม่,24.0,28.0,23.0,18.0,5.0,4.0,3.0,7.0,baania,2023-08-31
118,3579,TALAT KRATHUM BAEN,ตลาดกระทุ่มแบน,3575,KRATHUM BAEN,กระทุ่มแบน,3555,Samut Sakhon,สมุทรสาคร,59.0,82.0,43.0,54.0,46.0,64.0,36.0,42.0,baania,2023-08-31
218,3954,KHLONG SAM PRAWET,คลองสามประเวศ,3950,LAT KRABANG,ลาดกระบัง,3781,Bangkok,กรุงเทพมหานคร,60.0,85.0,39.0,60.0,56.0,80.0,25.0,63.0,baania,2023-08-31
231,3507,BANG MUEANG,บางเมือง,3499,MUEANG SAMUT PRAKAN,เมืองสมุทรปราการ,3498,Samut Prakan,สมุทรปราการ,67.0,78.0,58.0,67.0,61.0,65.0,57.0,62.0,baania,2023-08-31
377,3505,BANG PU MAI,บางปูใหม่,3499,MUEANG SAMUT PRAKAN,เมืองสมุทรปราการ,3498,Samut Prakan,สมุทรปราการ,54.0,66.0,57.0,28.0,42.0,55.0,60.0,23.0,baania,2023-08-31
301,3809,BANG KHO,บางค้อ,3806,CHOM THONG,จอมทอง,3781,Bangkok,กรุงเทพมหานคร,67.0,86.0,54.0,63.0,63.0,80.0,49.0,62.0,baania,2023-08-31
292,2635,SI SUNTHON,ศรีสุนทร,2630,THALANG,ถลาง,2616,Phuket,ภูเก็ต,54.0,64.0,49.0,49.0,44.0,46.0,34.0,50.0,baania,2023-08-31
17,3602,BANG KHAYAENG,บางขะแยง,3600,MUEANG PATHUM THANI,เมืองปทุมธานี,3599,Pathum Thani,ปทุมธานี,58.0,74.0,40.0,69.0,54.0,65.0,35.0,60.0,baania,2023-08-31
60,20618,ON NUT,อ่อนนุช,3969,SUAN LUANG,สวนหลวง,3781,Bangkok,กรุงเทพมหานคร,64.0,78.0,45.0,84.0,73.0,72.0,50.0,89.0,baania,2023-08-31
274,3455,THANG KWIAN,ทางเกวียน,3448,KLAENG,แกลง,3431,Rayong,ระยอง,48.0,45.0,43.0,66.0,46.0,41.0,40.0,52.0,baania,2023-08-31
129,3912,SAM SEN NAI,สามเสนใน,3911,PHAYA THAI,พญาไท,3781,Bangkok,กรุงเทพมหานคร,74.0,74.0,65.0,94.0,78.0,75.0,61.0,91.0,baania,2023-08-31
25,1171,SAN KLANG,สันกลาง,1164,SAN KAMPHAENG,สันกำแพง,1005,Chiang Mai,เชียงใหม่,56.0,40.0,65.0,65.0,61.0,28.0,77.0,69.0,baania,2023-08-31
123,3484,PHLA,พลา,3482,BAN CHANG,บ้านฉาง,3431,Rayong,ระยอง,52.0,48.0,43.0,80.0,49.0,43.0,43.0,57.0,baania,2023-08-31
215,3979,THUNG WAT DON,ทุ่งวัดดอน,3977,SATHON,สาทร,3781,Bangkok,กรุงเทพมหานคร,70.0,70.0,59.0,96.0,78.0,65.0,61.0,97.0,baania,2023-08-31
244,3876,WONG SAWANG,วงศ์สว่าง,3874,BANG SUE,บางซื่อ,3781,Bangkok,กรุงเทพมหานคร,69.0,86.0,56.0,66.0,69.0,84.0,58.0,69.0,baania,2023-08-31
214,3850,BAN CHANG LO,บ้านช่างหล่อ,3847,BANGKOK NOI,บางกอกน้อย,3781,Bangkok,กรุงเทพมหานคร,70.0,87.0,54.0,74.0,64.0,81.0,50.0,65.0,baania,2023-08-31
69,3631,LAT LUM KAEO,ลาดหลุมแก้ว,3630,LAT LUM KAEO,ลาดหลุมแก้ว,3599,Pathum Thani,ปทุมธานี,28.0,30.0,30.0,22.0,35.0,22.0,29.0,45.0,baania,2023-08-31
185,3935,PAK KHLONG PHASI CHAROEN,ปากคลองภาษีเจริญ,3928,PHASI CHAROEN,ภาษีเจริญ,3781,Bangkok,กรุงเทพมหานคร,65.0,79.0,48.0,79.0,68.0,81.0,44.0,76.0,baania,2023-08-31
233,3890,SI LOM,สีลม,3886,BANG RAK,บางรัก,3781,Bangkok,กรุงเทพมหานคร,70.0,63.0,62.0,99.0,79.0,57.0,68.0,99.0,baania,2023-08-31
263,3382,BANG SI MUEANG,บางศรีเมือง,3373,MUEANG NONTHABURI,เมืองนนทบุรี,3372,Nonthaburi,นนทบุรี,66.0,83.0,50.0,71.0,63.0,80.0,19.0,83.0,baania,2023-08-31
194,3540,BANG CHAK,บางจาก,3533,PHRA PRADAENG,พระประแดง,3498,Samut Prakan,สมุทรปราการ,49.0,72.0,27.0,60.0,48.0,62.0,20.0,59.0,baania,2023-08-31
142,3669,DON YAI HOM,ดอนยายหอม,3668,MUEANG NAKHON PATHOM,เมืองนครปฐม,3667,Nakhon Pathom,นครปฐม,51.0,67.0,27.0,77.0,52.0,62.0,26.0,63.0,baania,2023-08-31
73,4661,NONG PHAI KAEO,หนองไผ่แก้ว,4654,BAN BUENG,บ้านบึง,4616,Chon Buri,ชลบุรี,18.0,12.0,25.0,14.0,35.0,10.0,65.0,29.0,baania,2023-08-31
173,3426,BANG PHLAP,บางพลับ,3418,PAK KRET,ปากเกร็ด,3372,Nonthaburi,นนทบุรี,67.0,70.0,63.0,69.0,72.0,63.0,72.0,77.0,baania,2023-08-31
72,3554,LAEM FA PHA,แหลมฟ้าผ่า,3549,PHRA SAMUT CHEDI,พระสมุทรเจดีย์,3498,Samut Prakan,สมุทรปราการ,58.0,63.0,58.0,50.0,55.0,56.0,56.0,54.0,baania,2023-08-31
283,3606,BANG PHUT,บางพูด,3600,MUEANG PATHUM THANI,เมืองปทุมธานี,3599,Pathum Thani,ปทุมธานี,9.0,12.0,9.0,3.0,20.0,24.0,15.0,21.0,baania,2023-08-31
541,4655,BAN BUENG,บ้านบึง,4654,BAN BUENG,บ้านบึง,4616,Chon Buri,ชลบุรี,52.0,58.0,51.0,45.0,39.0,22.0,45.0,45.0,baania,2023-08-31
116,3603,BANG KHU WAT,บางคูวัด,3600,MUEANG PATHUM THANI,เมืองปทุมธานี,3599,Pathum Thani,ปทุมธานี,57.0,68.0,47.0,61.0,44.0,46.0,35.0,48.0,baania,2023-08-31
192,3408,LAHAN,ละหาร,3402,BANG BUA THONG,บางบัวทอง,3372,Nonthaburi,นนทบุรี,60.0,80.0,48.0,54.0,64.0,73.0,58.0,63.0,baania,2023-08-31
34,3551,NAI KHLONG BANG PLA KOT,ในคลองบางปลากด,3549,PHRA SAMUT CHEDI,พระสมุทรเจดีย์,3498,Samut Prakan,สมุทรปราการ,51.0,71.0,31.0,59.0,50.0,64.0,28.0,57.0,baania,2023-08-31
308,3663,BUENG BON,บึงบอน,3659,NONG SUEA,หนองเสือ,3599,Pathum Thani,ปทุมธานี,37.0,46.0,25.0,47.0,41.0,52.0,21.0,49.0,baania,2023-08-31
109,3479,NONG TAPHAN,หนองตะพาน,3474,BAN KHAI,บ้านค่าย,3431,Rayong,ระยอง,44.0,45.0,45.0,40.0,44.0,40.0,40.0,48.0,baania,2023-08-31
66,2618,KARON,กะรน,2617,MUEANG PHUKET,เมืองภูเก็ต,2616,Phuket,ภูเก็ต,38.0,57.0,20.0,46.0,42.0,53.0,12.0,55.0,baania,2023-08-31
153,3597,LAK SAM,หลักสาม,3586,BAN PHAEO,บ้านแพ้ว,3555,Samut Sakhon,สมุทรสาคร,48.0,70.0,39.0,30.0,36.0,63.0,29.0,26.0,baania,2023-08-31
428,3787,KHLONG SAN,คลองสาน,3786,KHLONG SAN,คลองสาน,3781,Bangkok,กรุงเทพมหานคร,65.0,56.0,60.0,90.0,74.0,59.0,62.0,90.0,baania,2023-08-31
519,3398,PLAI BANG,ปลายบาง,3392,BANG KRUAI,บางกรวย,3372,Nonthaburi,นนทบุรี,53.0,83.0,22.0,72.0,60.0,76.0,19.0,80.0,baania,2023-08-31
480,3885,BANG O,บางอ้อ,3881,BANG PHLAT,บางพลัด,3781,Bangkok,กรุงเทพมหานคร,66.0,88.0,50.0,63.0,70.0,81.0,51.0,75.0,baania,2023-08-31
474,4633,HUAI KAPI,ห้วยกะปิ,4617,MUEANG CHON BURI,เมืองชลบุรี,4616,Chon Buri,ชลบุรี,65.0,67.0,59.0,75.0,56.0,36.0,50.0,70.0,baania,2023-08-31
150,4622,BANG PLA SOI,บางปลาสร้อย,4617,MUEANG CHON BURI,เมืองชลบุรี,4616,Chon Buri,ชลบุรี,70.0,70.0,58.0,96.0,65.0,44.0,52.0,85.0,baania,2023-08-31
154,4660,NONG BON DAENG,หนองบอนแดง,4654,BAN BUENG,บ้านบึง,4616,Chon Buri,ชลบุรี,38.0,42.0,39.0,29.0,31.0,19.0,37.0,34.0,baania,2023-08-31
464,4658,NONG CHAK,หนองชาก,4654,BAN BUENG,บ้านบึง,4616,Chon Buri,ชลบุรี,54.0,45.0,69.0,39.0,39.0,17.0,57.0,40.0,baania,2023-08-31
459,3637,NA MAI,หน้าไม้,3630,LAT LUM KAEO,ลาดหลุมแก้ว,3599,Pathum Thani,ปทุมธานี,29.0,38.0,24.0,25.0,32.0,24.0,25.0,42.0,baania,2023-08-31
382,1066,SA-NGA BAN,สง่าบ้าน,1054,DOI SAKET,ดอยสะเก็ด,1005,Chiang Mai,เชียงใหม่,45.0,64.0,37.0,28.0,22.0,36.0,21.0,14.0,baania,2023-08-31
43,3695,KAMPHAENG SAEN,กำแพงแสน,3694,KAMPHAENG SAEN,กำแพงแสน,3667,Nakhon Pathom,นครปฐม,57.0,69.0,41.0,70.0,64.0,78.0,47.0,67.0,baania,2023-08-31
343,3568,BANG THORAT,บางโทรัด,3556,MUEANG SAMUT SAKHON,เมืองสมุทรสาคร,3555,Samut Sakhon,สมุทรสาคร,56.0,76.0,35.0,70.0,49.0,60.0,29.0,57.0,baania,2023-08-31
2,4001,HUAI KHWANG,ห้วยขวาง,4000,HUAI KHWANG,ห้วยขวาง,3781,Bangkok,กรุงเทพมหานคร,66.0,72.0,50.0,92.0,75.0,68.0,54.0,94.0,baania,2023-08-31
200,1068,SAMRAN RAT,สำราญราษฎร์,1054,DOI SAKET,ดอยสะเก็ด,1005,Chiang Mai,เชียงใหม่,31.0,20.0,36.0,39.0,41.0,14.0,55.0,46.0,baania,2023-08-31
141,3436,TAPHONG,ตะพง,3432,MUEANG RAYONG,เมืองระยอง,3431,Rayong,ระยอง,41.0,34.0,43.0,48.0,36.0,24.0,28.0,48.0,baania,2023-08-31
197,3872,BANG PHAI,บางไผ่,3869,BANG KHAE,บางแค,3781,Bangkok,กรุงเทพมหานคร,60.0,82.0,46.0,51.0,56.0,73.0,44.0,55.0,baania,2023-08-31
407,3397,BANG SI THONG,บางสีทอง,3392,BANG KRUAI,บางกรวย,3372,Nonthaburi,นนทบุรี,58.0,83.0,30.0,75.0,61.0,77.0,11.0,84.0,baania,2023-08-31
325,1132,MUEANG KAEO,เหมืองแก้ว,1121,MAE RIM,แม่ริม,1005,Chiang Mai,เชียงใหม่,43.0,34.0,49.0,47.0,48.0,36.0,56.0,50.0,baania,2023-08-31
423,3922,WANG BURAPHA PHIROM,วังบูรพาภิรมย์,3915,PHRA NAKHON,พระนคร,3781,Bangkok,กรุงเทพมหานคร,66.0,74.0,61.0,64.0,68.0,71.0,61.0,72.0,baania,2023-08-31
362,4700,BO WIN,บ่อวิน,4696,SI RACHA,ศรีราชา,4616,Chon Buri,ชลบุรี,41.0,39.0,29.0,73.0,48.0,26.0,32.0,71.0,baania,2023-08-31
490,3837,THUNG KHRU,ทุ่งครุ,3836,THUNG KHRU,ทุ่งครุ,3781,Bangkok,กรุงเทพมหานคร,62.0,85.0,43.0,63.0,61.0,87.0,39.0,61.0,baania,2023-08-31
217,3765,SAM PHRAN,สามพราน,3764,SAM PHRAN,สามพราน,3667,Nakhon Pathom,นครปฐม,71.0,84.0,67.0,58.0,75.0,81.0,71.0,74.0,baania,2023-08-31
502,4708,BANG SARE,บางเสร่,4705,SATTAHIP,สัตหีบ,4616,Chon Buri,ชลบุรี,38.0,27.0,39.0,54.0,43.0,15.0,46.0,56.0,baania,2023-08-31
458,3857,KHLONG CHAN,คลองจั่น,3856,BANG KAPI,บางกะปิ,3781,Bangkok,กรุงเทพมหานคร,66.0,81.0,46.0,83.0,68.0,77.0,42.0,81.0,baania,2023-08-31
385,4706,SATTAHIP,สัตหีบ,4705,SATTAHIP,สัตหีบ,4616,Chon Buri,ชลบุรี,46.0,43.0,44.0,59.0,46.0,27.0,47.0,56.0,baania,2023-08-31
300,3964,SAPHAN SONG,สะพานสอง,3960,WANG THONGLANG,วังทองหลาง,3781,Bangkok,กรุงเทพมหานคร,67.0,70.0,56.0,85.0,69.0,70.0,50.0,81.0,baania,2023-08-31
372,1022,HAI YA,หายยา,1006,MUEANG CHIANG MAI,เมืองเชียงใหม่,1005,Chiang Mai,เชียงใหม่,68.0,52.0,66.0,99.0,74.0,44.0,64.0,96.0,baania,2023-08-31
251,3785,PHRA KHANONG,พระโขนง,3782,KHLONG TOEI,คลองเตย,3781,Bangkok,กรุงเทพมหานคร,71.0,72.0,59.0,97.0,79.0,68.0,62.0,95.0,baania,2023-08-31
398,3664,BUENG BA,บึงบา,3659,NONG SUEA,หนองเสือ,3599,Pathum Thani,ปทุมธานี,46.0,34.0,73.0,6.0,19.0,5.0,31.0,19.0,baania,2023-08-31
148,3932,BANG DUAN,บางด้วน,3928,PHASI CHAROEN,ภาษีเจริญ,3781,Bangkok,กรุงเทพมหานคร,64.0,86.0,46.0,67.0,60.0,82.0,43.0,60.0,baania,2023-08-31
402,3949,BANG PAKOK,บางปะกอก,3947,RAT BURANA,ราษฎร์บูรณะ,3781,Bangkok,กรุงเทพมหานคร,61.0,83.0,47.0,55.0,59.0,74.0,48.0,58.0,baania,2023-08-31
172,3999,THUNG SONG HONG,ทุ่งสองห้อง,3997,LAK SI,หลักสี่,3781,Bangkok,กรุงเทพมหานคร,66.0,84.0,51.0,67.0,66.0,81.0,50.0,69.0,baania,2023-08-31
415,3648,SAM KHOK,สามโคก,3647,SAM KHOK,สามโคก,3599,Pathum Thani,ปทุมธานี,45.0,30.0,48.0,63.0,44.0,22.0,39.0,60.0,baania,2023-08-31
448,3614,LAK HOK,หลักหก,3600,MUEANG PATHUM THANI,เมืองปทุมธานี,3599,Pathum Thani,ปทุมธานี,67.0,76.0,52.0,85.0,63.0,65.0,40.0,79.0,baania,2023-08-31
356,3871,BANG KHAE NUEA,บางแคเหนือ,3869,BANG KHAE,บางแค,3781,Bangkok,กรุงเทพมหานคร,63.0,84.0,48.0,59.0,58.0,79.0,44.0,56.0,baania,2023-08-31
322,3858,HUA MAK,หัวหมาก,3856,BANG KAPI,บางกะปิ,3781,Bangkok,กรุงเทพมหานคร,67.0,80.0,48.0,88.0,70.0,76.0,44.0,84.0,baania,2023-08-31
222,4685,BAN SOET,บ้านเซิด,4675,PHANAT NIKHOM,พนัสนิคม,4616,Chon Buri,ชลบุรี,44.0,44.0,45.0,40.0,37.0,32.0,46.0,34.0,baania,2023-08-31
365,3441,NOEN PHRA,เนินพระ,3432,MUEANG RAYONG,เมืองระยอง,3431,Rayong,ระยอง,63.0,67.0,52.0,79.0,58.0,45.0,42.0,75.0,baania,2023-08-31
88,3998,TALAT BANG KHEN,ตลาดบางเขน,3997,LAK SI,หลักสี่,3781,Bangkok,กรุงเทพมหานคร,61.0,85.0,41.0,64.0,61.0,82.0,39.0,64.0,baania,2023-08-31
195,4719,THA BUNMI,ท่าบุญมี,4717,KO CHAN,เกาะจันทร์,4616,Chon Buri,ชลบุรี,35.0,38.0,37.0,27.0,28.0,31.0,30.0,25.0,baania,2023-08-31
83,3643,BUENG THONG LANG,บึงทองหลาง,3638,LAM LUK KA,ลำลูกกา,3599,Pathum Thani,ปทุมธานี,35.0,50.0,26.0,27.0,34.0,44.0,14.0,41.0,baania,2023-08-31
171,4680,THUNG KHWANG,ทุ่งขวาง,4675,PHANAT NIKHOM,พนัสนิคม,4616,Chon Buri,ชลบุรี,31.0,47.0,24.0,19.0,34.0,31.0,40.0,32.0,baania,2023-08-31
389,3601,BANG KADI,บางกะดี,3600,MUEANG PATHUM THANI,เมืองปทุมธานี,3599,Pathum Thani,ปทุมธานี,70.0,87.0,69.0,41.0,42.0,58.0,21.0,47.0,baania,2023-08-31
161,3417,SAO THONG HIN,เสาธงหิน,3411,BANG YAI,บางใหญ่,3372,Nonthaburi,นนทบุรี,68.0,75.0,66.0,61.0,62.0,80.0,54.0,58.0,baania,2023-08-31
312,4635,ANG SILA,อ่างศิลา,4617,MUEANG CHON BURI,เมืองชลบุรี,4616,Chon Buri,ชลบุรี,63.0,58.0,55.0,90.0,65.0,33.0,55.0,90.0,baania,2023-08-31
82,3864,ANUSAWARI,อนุสาวรีย์,3862,BANG KHEN,บางเขน,3781,Bangkok,กรุงเทพมหานคร,62.0,85.0,40.0,69.0,61.0,81.0,35.0,67.0,baania,2023-08-31
417,3772,THA TALAT,ท่าตลาด,3764,SAM PHRAN,สามพราน,3667,Nakhon Pathom,นครปฐม,70.0,73.0,64.0,79.0,76.0,71.0,67.0,85.0,baania,2023-08-31
454,3972,SAPHAN SUNG,สะพานสูง,3971,SAPHAN SUNG,สะพานสูง,3781,Bangkok,กรุงเทพมหานคร,58.0,78.0,35.0,74.0,62.0,74.0,29.0,76.0,baania,2023-08-31
277,3430,OM KRET,อ้อมเกร็ด,3418,PAK KRET,ปากเกร็ด,3372,Nonthaburi,นนทบุรี,74.0,75.0,70.0,78.0,76.0,68.0,78.0,78.0,baania,2023-08-31
38,3900,WANG MAI,วังใหม่,3896,PATHUM WAN,ปทุมวัน,3781,Bangkok,กรุงเทพมหานคร,73.0,61.0,71.0,99.0,81.0,61.0,72.0,99.0,baania,2023-08-31
270,3693,HUAI CHORAKHE,ห้วยจรเข้,3668,MUEANG NAKHON PATHOM,เมืองนครปฐม,3667,Nakhon Pathom,นครปฐม,64.0,69.0,51.0,84.0,56.0,59.0,54.0,55.0,baania,2023-08-31
330,3994,KHOK FAET,โคกแฝด,3988,NONG CHOK,หนองจอก,3781,Bangkok,กรุงเทพมหานคร,54.0,85.0,33.0,48.0,52.0,81.0,24.0,54.0,baania,2023-08-31
174,1010,THA SALA,ท่าศาลา,1006,MUEANG CHIANG MAI,เมืองเชียงใหม่,1005,Chiang Mai,เชียงใหม่,58.0,48.0,58.0,76.0,64.0,34.0,67.0,78.0,baania,2023-08-31
483,3520,BAN RAKAT,บ้านระกาศ,3513,BANG BO,บางบ่อ,3498,Samut Prakan,สมุทรปราการ,65.0,82.0,51.0,66.0,55.0,57.0,44.0,60.0,baania,2023-08-31
366,3569,BANG NAM CHUET,บางน้ำจืด,3556,MUEANG SAMUT SAKHON,เมืองสมุทรสาคร,3555,Samut Sakhon,สมุทรสาคร,46.0,66.0,31.0,46.0,38.0,52.0,21.0,43.0,baania,2023-08-31
9,4620,NA PA,นาป่า,4617,MUEANG CHON BURI,เมืองชลบุรี,4616,Chon Buri,ชลบุรี,58.0,70.0,51.0,53.0,45.0,42.0,40.0,49.0,baania,2023-08-31
340,3946,MAKKASAN,มักกะสัน,3942,RATCHATHEWI,ราชเทวี,3781,Bangkok,กรุงเทพมหานคร,68.0,64.0,59.0,96.0,78.0,62.0,63.0,97.0,baania,2023-08-31
400,3424,BANG TALAT,บางตลาด,3418,PAK KRET,ปากเกร็ด,3372,Nonthaburi,นนทบุรี,73.0,73.0,67.0,88.0,76.0,76.0,60.0,86.0,baania,2023-08-31
493,3814,SI KAN,สีกัน,3811,DON MUEANG,ดอนเมือง,3781,Bangkok,กรุงเทพมหานคร,65.0,88.0,46.0,67.0,64.0,84.0,42.0,68.0,baania,2023-08-31
152,3993,KHU FUNG NUEA,คู้ฝั่งเหนือ,3988,NONG CHOK,หนองจอก,3781,Bangkok,กรุงเทพมหานคร,53.0,74.0,45.0,36.0,44.0,61.0,32.0,42.0,baania,2023-08-31
210,1177,MUEANG LEN,เมืองเล็น,1175,SAN SAI,สันทราย,1005,Chiang Mai,เชียงใหม่,10.0,18.0,0.0,21.0,16.0,17.0,11.0,19.0,baania,2023-08-31
410,4624,BAN PUEK,บ้านปึก,4617,MUEANG CHON BURI,เมืองชลบุรี,4616,Chon Buri,ชลบุรี,69.0,67.0,56.0,99.0,67.0,40.0,53.0,91.0,baania,2023-08-31
44,3421,KHLONG KHOI,คลองข่อย,3418,PAK KRET,ปากเกร็ด,3372,Nonthaburi,นนทบุรี,63.0,64.0,62.0,63.0,62.0,56.0,67.0,62.0,baania,2023-08-31
371,3488,TA SIT,ตาสิทธิ์,3486,PLUAK DAENG,ปลวกแดง,3431,Rayong,ระยอง,47.0,56.0,33.0,63.0,41.0,50.0,24.0,47.0,baania,2023-08-31
335,3776,BAN MAI,บ้านใหม่,3764,SAM PHRAN,สามพราน,3667,Nakhon Pathom,นครปฐม,56.0,62.0,50.0,60.0,58.0,62.0,48.0,62.0,baania,2023-08-31
50,1013,PHRA SING,พระสิงห์,1006,MUEANG CHIANG MAI,เมืองเชียงใหม่,1005,Chiang Mai,เชียงใหม่,67.0,56.0,60.0,100.0,69.0,46.0,67.0,84.0,baania,2023-08-31
320,3823,WACHIRA PHAYABAN,วชิรพยาบาล,3817,DUSIT,ดุสิต,3781,Bangkok,กรุงเทพมหานคร,67.0,82.0,54.0,68.0,69.0,74.0,55.0,75.0,baania,2023-08-31
531,3931,BANG CHAK,บางจาก,3928,PHASI CHAROEN,ภาษีเจริญ,3781,Bangkok,กรุงเทพมหานคร,65.0,81.0,48.0,75.0,60.0,82.0,44.0,57.0,baania,2023-08-31
533,2619,KO KAEO,เกาะแก้ว,2617,MUEANG PHUKET,เมืองภูเก็ต,2616,Phuket,ภูเก็ต,51.0,73.0,42.0,34.0,40.0,58.0,40.0,30.0,baania,2023-08-31
387,4704,NONG KHAM,หนองขาม,4645,BANG LAMUNG,บางละมุง,4616,Chon Buri,ชลบุรี,61.0,52.0,56.0,87.0,63.0,31.0,60.0,82.0,baania,2023-08-31
497,3618,KHLONG SAM,คลองสาม,3615,KHLONG LUANG,คลองหลวง,3599,Pathum Thani,ปทุมธานี,51.0,48.0,41.0,81.0,59.0,40.0,38.0,83.0,baania,2023-08-31
135,3860,THA KHAM,ท่าข้าม,3859,BANG KHUN THIAN,บางขุนเทียน,3781,Bangkok,กรุงเทพมหานคร,60.0,78.0,49.0,56.0,57.0,72.0,43.0,57.0,baania,2023-08-31
178,3611,BAN CHANG,บ้านฉาง,3600,MUEANG PATHUM THANI,เมืองปทุมธานี,3599,Pathum Thani,ปทุมธานี,72.0,83.0,71.0,57.0,62.0,66.0,62.0,60.0,baania,2023-08-31
298,3622,KHLONG CHET,คลองเจ็ด,3615,KHLONG LUANG,คลองหลวง,3599,Pathum Thani,ปทุมธานี,42.0,64.0,26.0,40.0,42.0,57.0,27.0,44.0,baania,2023-08-31
303,3863,THA RAENG,ท่าแร้ง,3862,BANG KHEN,บางเขน,3781,Bangkok,กรุงเทพมหานคร,60.0,84.0,37.0,69.0,60.0,81.0,33.0,67.0,baania,2023-08-31
296,3444,PHE,เพ,3432,MUEANG RAYONG,เมืองระยอง,3431,Rayong,ระยอง,40.0,40.0,30.0,62.0,41.0,26.0,36.0,53.0,baania,2023-08-31
156,2628,KATHU,กะทู้,2626,KATHU,กะทู้,2616,Phuket,ภูเก็ต,53.0,56.0,36.0,86.0,66.0,50.0,43.0,90.0,baania,2023-08-31
452,3804,LAT YAO,ลาดยาว,3800,CHATUCHAK,จตุจักร,3781,Bangkok,กรุงเทพมหานคร,68.0,82.0,52.0,77.0,69.0,81.0,49.0,77.0,baania,2023-08-31
491,3904,NONG BON,หนองบอน,3901,PRAWET,ประเวศ,3781,Bangkok,กรุงเทพมหานคร,65.0,78.0,48.0,77.0,67.0,72.0,50.0,76.0,baania,2023-08-31
394,3573,PHANTHAI NORASING,พันท้ายนรสิงห์,3556,MUEANG SAMUT SAKHON,เมืองสมุทรสาคร,3555,Samut Sakhon,สมุทรสาคร,60.0,83.0,38.0,69.0,50.0,61.0,32.0,57.0,baania,2023-08-31
406,1183,SAN PA PAO,สันป่าเปา,1175,SAN SAI,สันทราย,1005,Chiang Mai,เชียงใหม่,20.0,26.0,16.0,21.0,20.0,28.0,24.0,13.0,baania,2023-08-31
70,3548,SAMRONG TAI,สำโรงใต้,3533,PHRA PRADAENG,พระประแดง,3498,Samut Prakan,สมุทรปราการ,56.0,84.0,30.0,63.0,57.0,69.0,29.0,69.0,baania,2023-08-31
430,1186,NONG HAN,หนองหาร,1175,SAN SAI,สันทราย,1005,Chiang Mai,เชียงใหม่,61.0,55.0,65.0,62.0,69.0,61.0,71.0,72.0,baania,2023-08-31
247,3956,LAM PLA THIO,ลำปลาทิว,3950,LAT KRABANG,ลาดกระบัง,3781,Bangkok,กรุงเทพมหานคร,51.0,86.0,27.0,43.0,45.0,81.0,18.0,43.0,baania,2023-08-31
196,3810,BANG MOT,บางมด,3806,CHOM THONG,จอมทอง,3781,Bangkok,กรุงเทพมหานคร,72.0,85.0,67.0,63.0,66.0,79.0,56.0,64.0,baania,2023-08-31
179,3982,SAI MAI,สายไหม,3981,SAI MAI,สายไหม,3781,Bangkok,กรุงเทพมหานคร,61.0,86.0,38.0,67.0,60.0,82.0,33.0,67.0,baania,2023-08-31
266,3552,BAN KHLONG SUAN,บ้านคลองสวน,3549,PHRA SAMUT CHEDI,พระสมุทรเจดีย์,3498,Samut Prakan,สมุทรปราการ,46.0,74.0,17.0,64.0,46.0,66.0,13.0,57.0,baania,2023-08-31
350,4704,NONG KHAM,หนองขาม,4696,SI RACHA,ศรีราชา,4616,Chon Buri,ชลบุรี,52.0,43.0,50.0,72.0,54.0,25.0,51.0,73.0,baania,2023-08-31
305,3531,SISA CHORAKHE NOI,ศีรษะจรเข้น้อย,3529,BANG SAO THONG,บางเสาธง,3498,Samut Prakan,สมุทรปราการ,45.0,75.0,14.0,60.0,44.0,62.0,6.0,59.0,baania,2023-08-31
99,3941,BANG PHONGPHANG,บางโพงพาง,3939,YAN NAWA,ยานนาวา,3781,Bangkok,กรุงเทพมหานคร,71.0,73.0,64.0,82.0,73.0,62.0,65.0,85.0,baania,2023-08-31
390,3816,DIN DAENG,ดินแดง,3815,DIN DAENG,ดินแดง,3781,Bangkok,กรุงเทพมหานคร,65.0,76.0,48.0,87.0,73.0,73.0,51.0,87.0,baania,2023-08-31
140,3798,KHAN NA YAO,คันนายาว,3797,KHAN NA YAO,คันนายาว,3781,Bangkok,กรุงเทพมหานคร,65.0,81.0,48.0,74.0,64.0,77.0,41.0,73.0,baania,2023-08-31
337,3542,BANG PHUENG,บางพึ่ง,3533,PHRA PRADAENG,พระประแดง,3498,Samut Prakan,สมุทรปราการ,58.0,78.0,30.0,84.0,60.0,58.0,29.0,82.0,baania,2023-08-31
42,4619,DON HUA LO,ดอนหัวฬ่อ,4617,MUEANG CHON BURI,เมืองชลบุรี,4616,Chon Buri,ชลบุรี,61.0,70.0,50.0,69.0,54.0,48.0,36.0,70.0,baania,2023-08-31
49,3376,SAI MA,ไทรม้า,3373,MUEANG NONTHABURI,เมืองนนทบุรี,3372,Nonthaburi,นนทบุรี,68.0,73.0,64.0,68.0,62.0,63.0,68.0,57.0,baania,2023-08-31
144,4653,HUAI YAI,ห้วยใหญ่,4645,BANG LAMUNG,บางละมุง,4616,Chon Buri,ชลบุรี,46.0,34.0,49.0,58.0,47.0,9.0,46.0,70.0,baania,2023-08-31
328,1011,PA DAET,ป่าแดด,1006,MUEANG CHIANG MAI,เมืองเชียงใหม่,1005,Chiang Mai,เชียงใหม่,59.0,48.0,59.0,78.0,64.0,46.0,66.0,73.0,baania,2023-08-31
165,3852,ARUN AMMARIN,อรุณอมรินทร์,3847,BANGKOK NOI,บางกอกน้อย,3781,Bangkok,กรุงเทพมหานคร,70.0,86.0,56.0,76.0,69.0,81.0,51.0,73.0,baania,2023-08-31
134,3948,RAT BURANA,ราษฎร์บูรณะ,3947,RAT BURANA,ราษฎร์บูรณะ,3781,Bangkok,กรุงเทพมหานคร,64.0,81.0,51.0,65.0,61.0,72.0,50.0,62.0,baania,2023-08-31
93,3503,BANG DUAN,บางด้วน,3499,MUEANG SAMUT PRAKAN,เมืองสมุทรปราการ,3498,Samut Prakan,สมุทรปราการ,79.0,93.0,93.0,21.0,62.0,76.0,69.0,49.0,baania,2023-08-31
177,3967,KHLONG TOEI NUEA,คลองเตยเหนือ,3965,VADHANA,วัฒนา,3781,Bangkok,กรุงเทพมหานคร,70.0,57.0,67.0,98.0,79.0,57.0,68.0,98.0,baania,2023-08-31
463,3416,BAN MAI,บ้านใหม่,3411,BANG YAI,บางใหญ่,3372,Nonthaburi,นนทบุรี,46.0,69.0,33.0,34.0,60.0,75.0,47.0,61.0,baania,2023-08-31
416,3870,BANG KHAE,บางแค,3869,BANG KHAE,บางแค,3781,Bangkok,กรุงเทพมหานคร,62.0,83.0,47.0,58.0,60.0,81.0,44.0,60.0,baania,2023-08-31
112,1199,SAN KLANG,สันกลาง,1188,SAN PA TONG,สันป่าตอง,1005,Chiang Mai,เชียงใหม่,25.0,32.0,17.0,30.0,33.0,47.0,38.0,22.0,baania,2023-08-31
323,3795,SAM WA TAWAN TOK,สามวาตะวันตก,3791,KHLONG SAM WA,คลองสามวา,3781,Bangkok,กรุงเทพมหานคร,54.0,84.0,29.0,57.0,53.0,81.0,21.0,59.0,baania,2023-08-31
267,3400,WAT CHALO,วัดชลอ,3392,BANG KRUAI,บางกรวย,3372,Nonthaburi,นนทบุรี,53.0,85.0,17.0,76.0,57.0,73.0,9.0,80.0,baania,2023-08-31
425,3861,SAMAE DAM,แสมดำ,3859,BANG KHUN THIAN,บางขุนเทียน,3781,Bangkok,กรุงเทพมหานคร,59.0,82.0,40.0,61.0,56.0,76.0,35.0,58.0,baania,2023-08-31
516,3570,BANG YA PHRAEK,บางหญ้าแพรก,3556,MUEANG SAMUT SAKHON,เมืองสมุทรสาคร,3555,Samut Sakhon,สมุทรสาคร,53.0,67.0,53.0,29.0,37.0,44.0,43.0,28.0,baania,2023-08-31
169,3396,BANG KHU WIANG,บางคูเวียง,3392,BANG KRUAI,บางกรวย,3372,Nonthaburi,นนทบุรี,65.0,86.0,42.0,78.0,60.0,74.0,21.0,77.0,baania,2023-08-31
535,4673,NONG HONG,หนองหงษ์,4663,PHAN THONG,พานทอง,4616,Chon Buri,ชลบุรี,43.0,47.0,47.0,27.0,33.0,23.0,40.0,35.0,baania,2023-08-31
521,1166,TON PAO,ต้นเปา,1164,SAN KAMPHAENG,สันกำแพง,1005,Chiang Mai,เชียงใหม่,44.0,36.0,47.0,50.0,47.0,22.0,61.0,52.0,baania,2023-08-31
107,4670,MAP PONG,มาบโป่ง,4663,PHAN THONG,พานทอง,4616,Chon Buri,ชลบุรี,41.0,43.0,43.0,34.0,37.0,30.0,42.0,37.0,baania,2023-08-31
32,1165,CHAE CHANG,แช่ช้าง,1164,SAN KAMPHAENG,สันกำแพง,1005,Chiang Mai,เชียงใหม่,34.0,38.0,35.0,26.0,32.0,32.0,49.0,19.0,baania,2023-08-31
438,3930,KHUHA SAWAN,คูหาสวรรค์,3928,PHASI CHAROEN,ภาษีเจริญ,3781,Bangkok,กรุงเทพมหานคร,59.0,80.0,52.0,38.0,54.0,70.0,42.0,53.0,baania,2023-08-31
175,2629,PA TONG,ป่าตอง,2626,KATHU,กะทู้,2616,Phuket,ภูเก็ต,39.0,55.0,19.0,59.0,46.0,43.0,17.0,67.0,baania,2023-08-31
494,3624,BUENG NAM RAK,บึงน้ำรักษ์,3623,THANYABURI,ธัญบุรี,3599,Pathum Thani,ปทุมธานี,42.0,55.0,31.0,40.0,31.0,38.0,22.0,32.0,baania,2023-08-31
216,3450,KRAM,กร่ำ,3448,KLAENG,แกลง,3431,Rayong,ระยอง,43.0,20.0,64.0,37.0,33.0,24.0,52.0,25.0,baania,2023-08-31
536,4681,NA MATUM,นามะตูม,4675,PHANAT NIKHOM,พนัสนิคม,4616,Chon Buri,ชลบุรี,46.0,49.0,46.0,40.0,38.0,35.0,45.0,34.0,baania,2023-08-31
419,3783,KHLONG TOEI,คลองเตย,3782,KHLONG TOEI,คลองเตย,3781,Bangkok,กรุงเทพมหานคร,71.0,56.0,70.0,98.0,79.0,54.0,72.0,97.0,baania,2023-08-31
131,3678,BAN YANG,บ้านยาง,3668,MUEANG NAKHON PATHOM,เมืองนครปฐม,3667,Nakhon Pathom,นครปฐม,0.0,0.0,0.0,0.0,18.0,39.0,22.0,3.0,baania,2023-08-31
485,3512,SAMRONG NUEA,สำโรงเหนือ,3499,MUEANG SAMUT PRAKAN,เมืองสมุทรปราการ,3498,Samut Prakan,สมุทรปราการ,68.0,79.0,54.0,81.0,67.0,74.0,40.0,81.0,baania,2023-08-31
487,3410,SANO LOI,โสนลอย,3402,BANG BUA THONG,บางบัวทอง,3372,Nonthaburi,นนทบุรี,78.0,86.0,69.0,85.0,77.0,80.0,73.0,77.0,baania,2023-08-31
332,2627,KAMALA,กมลา,2626,KATHU,กะทู้,2616,Phuket,ภูเก็ต,33.0,28.0,31.0,48.0,36.0,28.0,17.0,53.0,baania,2023-08-31
202,3613,SUAN PHRIK THAI,สวนพริกไทย,3600,MUEANG PATHUM THANI,เมืองปทุมธานี,3599,Pathum Thani,ปทุมธานี,38.0,60.0,24.0,29.0,39.0,50.0,27.0,41.0,baania,2023-08-31
495,3485,SAMNAK THON,สำนักท้อน,3482,BAN CHANG,บ้านฉาง,3431,Rayong,ระยอง,44.0,44.0,39.0,59.0,46.0,40.0,42.0,52.0,baania,2023-08-31
207,1062,MAE KHUE,แม่คือ,1054,DOI SAKET,ดอยสะเก็ด,1005,Chiang Mai,เชียงใหม่,31.0,36.0,23.0,38.0,36.0,22.0,52.0,34.0,baania,2023-08-31
297,3425,BANG TANAI,บางตะไนย์,3418,PAK KRET,ปากเกร็ด,3372,Nonthaburi,นนทบุรี,63.0,55.0,65.0,68.0,70.0,57.0,67.0,79.0,baania,2023-08-31
318,3591,YOK KRABAT,ยกกระบัตร,3586,BAN PHAEO,บ้านแพ้ว,3555,Samut Sakhon,สมุทรสาคร,41.0,58.0,35.0,25.0,34.0,57.0,34.0,21.0,baania,2023-08-31
532,1201,KHUA MUNG,ขัวมุง,1200,SARAPHI,สารภี,1005,Chiang Mai,เชียงใหม่,22.0,22.0,21.0,25.0,36.0,58.0,19.0,35.0,baania,2023-08-31
526,3553,PAK KHLONG BANG PLA KOT,ปากคลองบางปลากด,3549,PHRA SAMUT CHEDI,พระสมุทรเจดีย์,3498,Samut Prakan,สมุทรปราการ,68.0,84.0,58.0,64.0,62.0,67.0,57.0,61.0,baania,2023-08-31
151,3527,RACHA THEWA,ราชาเทวะ,3522,BANG PHLI,บางพลี,3498,Samut Prakan,สมุทรปราการ,55.0,73.0,30.0,79.0,55.0,61.0,23.0,72.0,baania,2023-08-31
378,3409,LAM PHO,ลำโพ,3402,BANG BUA THONG,บางบัวทอง,3372,Nonthaburi,นนทบุรี,60.0,72.0,53.0,53.0,60.0,62.0,61.0,58.0,baania,2023-08-31
413,3766,KRATHUM LOM,กระทุ่มล้ม,3764,SAM PHRAN,สามพราน,3667,Nakhon Pathom,นครปฐม,51.0,64.0,27.0,84.0,62.0,64.0,25.0,86.0,baania,2023-08-31
163,3523,BANG PHLI YAI,บางพลีใหญ่,3522,BANG PHLI,บางพลี,3498,Samut Prakan,สมุทรปราการ,66.0,74.0,55.0,75.0,63.0,63.0,54.0,70.0,baania,2023-08-31
85,4686,RAI LAK THONG,ไร่หลักทอง,4675,PHANAT NIKHOM,พนัสนิคม,4616,Chon Buri,ชลบุรี,44.0,45.0,46.0,38.0,36.0,33.0,45.0,31.0,baania,2023-08-31
484,3919,BANG KHUN PHROM,บางขุนพรหม,3915,PHRA NAKHON,พระนคร,3781,Bangkok,กรุงเทพมหานคร,70.0,79.0,63.0,70.0,72.0,68.0,60.0,82.0,baania,2023-08-31
461,3978,THUNG MAHAMEK,ทุ่งมหาเมฆ,3977,SATHON,สาทร,3781,Bangkok,กรุงเทพมหานคร,69.0,63.0,60.0,98.0,78.0,54.0,68.0,97.0,baania,2023-08-31
447,3775,BANG TOEI,บางเตย,3764,SAM PHRAN,สามพราน,3667,Nakhon Pathom,นครปฐม,73.0,72.0,66.0,93.0,77.0,70.0,60.0,92.0,baania,2023-08-31
155,3983,KHLONG THANON,คลองถนน,3981,SAI MAI,สายไหม,3781,Bangkok,กรุงเทพมหานคร,57.0,84.0,33.0,65.0,59.0,82.0,29.0,66.0,baania,2023-08-31
191,3789,BANG LAMPHU LANG,บางลำภูล่าง,3786,KHLONG SAN,คลองสาน,3781,Bangkok,กรุงเทพมหานคร,68.0,72.0,59.0,80.0,70.0,71.0,59.0,78.0,baania,2023-08-31
518,3472,MAKHAM KHU,มะขามคู่,3469,NIKHOM PHATTHANA,นิคมพัฒนา,3431,Rayong,ระยอง,30.0,53.0,9.0,38.0,28.0,44.0,9.0,31.0,baania,2023-08-31
319,1206,THA WANG TAN,ท่าวังตาล,1200,SARAPHI,สารภี,1005,Chiang Mai,เชียงใหม่,43.0,19.0,52.0,67.0,56.0,8.0,71.0,72.0,baania,2023-08-31
8,2636,SAKHU,สาคู,2630,THALANG,ถลาง,2616,Phuket,ภูเก็ต,36.0,43.0,27.0,43.0,29.0,29.0,15.0,37.0,baania,2023-08-31
125,3508,BANG MUEANG MAI,บางเมืองใหม่,3499,MUEANG SAMUT PRAKAN,เมืองสมุทรปราการ,3498,Samut Prakan,สมุทรปราการ,71.0,87.0,55.0,79.0,67.0,74.0,53.0,72.0,baania,2023-08-31
420,3996,LAM PHAK CHI,ลำผักชี,3988,NONG CHOK,หนองจอก,3781,Bangkok,กรุงเทพมหานคร,46.0,77.0,24.0,40.0,42.0,72.0,11.0,46.0,baania,2023-08-31
6,3854,WAT THA PHRA,วัดท่าพระ,3853,BANGKOK YAI,บางกอกใหญ่,3781,Bangkok,กรุงเทพมหานคร,63.0,84.0,48.0,64.0,62.0,81.0,43.0,64.0,baania,2023-08-31
13,3640,KHU KHOT,คูคต,3638,LAM LUK KA,ลำลูกกา,3599,Pathum Thani,ปทุมธานี,47.0,52.0,24.0,90.0,54.0,43.0,11.0,88.0,baania,2023-08-31
440,3774,BANG CHANG,บางช้าง,3764,SAM PHRAN,สามพราน,3667,Nakhon Pathom,นครปฐม,50.0,58.0,43.0,48.0,55.0,61.0,52.0,53.0,baania,2023-08-31
26,20624,BANG BON NUEA,บางบอนเหนือ,3879,BANG BON,บางบอน,3781,Bangkok,กรุงเทพมหานคร,55.0,85.0,37.0,43.0,49.0,81.0,26.0,46.0,baania,2023-08-31
168,3610,BAN KLANG,บ้านกลาง,3600,MUEANG PATHUM THANI,เมืองปทุมธานี,3599,Pathum Thani,ปทุมธานี,61.0,76.0,52.0,58.0,46.0,51.0,31.0,54.0,baania,2023-08-31
374,3391,NONG PHRAO NGAI,หนองเพรางาย,3384,SAI NOI,ไทรน้อย,3372,Nonthaburi,นนทบุรี,53.0,88.0,40.0,21.0,46.0,68.0,37.0,39.0,baania,2023-08-31
333,4690,NONG KHAYAT,หนองขยาด,4675,PHANAT NIKHOM,พนัสนิคม,4616,Chon Buri,ชลบุรี,43.0,45.0,44.0,39.0,37.0,32.0,45.0,34.0,baania,2023-08-31
280,3539,BANG KHRU,บางครุ,3533,PHRA PRADAENG,พระประแดง,3498,Samut Prakan,สมุทรปราการ,58.0,82.0,35.0,66.0,51.0,64.0,22.0,62.0,baania,2023-08-31
230,3413,BANG MAE NANG,บางแม่นาง,3411,BANG YAI,บางใหญ่,3372,Nonthaburi,นนทบุรี,67.0,84.0,51.0,71.0,66.0,85.0,50.0,67.0,baania,2023-08-31
272,3685,WANG YEN,วังเย็น,3668,MUEANG NAKHON PATHOM,เมืองนครปฐม,3667,Nakhon Pathom,นครปฐม,18.0,19.0,25.0,2.0,24.0,29.0,29.0,19.0,baania,2023-08-31
64,4697,SI RACHA,ศรีราชา,4696,SI RACHA,ศรีราชา,4616,Chon Buri,ชลบุรี,65.0,59.0,58.0,93.0,65.0,32.0,57.0,88.0,baania,2023-08-31
241,3679,PHRA PATHOM CHEDI,พระปฐมเจดีย์,3668,MUEANG NAKHON PATHOM,เมืองนครปฐม,3667,Nakhon Pathom,นครปฐม,91.0,95.0,88.0,90.0,30.0,34.0,28.0,29.0,baania,2023-08-31
224,3491,LAHAN,ละหาร,3486,PLUAK DAENG,ปลวกแดง,3431,Rayong,ระยอง,28.0,75.0,0.0,9.0,22.0,45.0,14.0,14.0,baania,2023-08-31
307,4651,NONG PRUE,หนองปรือ,4645,BANG LAMUNG,บางละมุง,4616,Chon Buri,ชลบุรี,63.0,61.0,57.0,82.0,60.0,31.0,48.0,84.0,baania,2023-08-31
256,3990,KRATHUM RAI,กระทุ่มราย,3988,NONG CHOK,หนองจอก,3781,Bangkok,กรุงเทพมหานคร,50.0,87.0,25.0,45.0,47.0,86.0,11.0,49.0,baania,2023-08-31
103,4698,KHAO KHAN SONG,เขาคันทรง,4696,SI RACHA,ศรีราชา,4616,Chon Buri,ชลบุรี,40.0,55.0,27.0,41.0,41.0,38.0,27.0,52.0,baania,2023-08-31
499,3649,KRACHAENG,กระแชง,3647,SAM KHOK,สามโคก,3599,Pathum Thani,ปทุมธานี,53.0,39.0,61.0,60.0,44.0,25.0,34.0,61.0,baania,2023-08-31
162,3406,BANG RAK YAI,บางรักใหญ่,3402,BANG BUA THONG,บางบัวทอง,3372,Nonthaburi,นนทบุรี,72.0,86.0,69.0,55.0,64.0,80.0,63.0,55.0,baania,2023-08-31
514,3884,BANG YI KHAN,บางยี่ขัน,3881,BANG PHLAT,บางพลัด,3781,Bangkok,กรุงเทพมหานคร,69.0,82.0,57.0,73.0,65.0,77.0,54.0,66.0,baania,2023-08-31
159,3745,BANG LEN,บางเลน,3744,BANG LEN,บางเลน,3667,Nakhon Pathom,นครปฐม,28.0,29.0,32.0,15.0,28.0,41.0,39.0,14.0,baania,2023-08-31
542,1169,MAE PU KHA,แม่ปูคา,1164,SAN KAMPHAENG,สันกำแพง,1005,Chiang Mai,เชียงใหม่,42.0,51.0,32.0,47.0,40.0,33.0,48.0,39.0,baania,2023-08-31
71,4634,MUEANG,เหมือง,4617,MUEANG CHON BURI,เมืองชลบุรี,4616,Chon Buri,ชลบุรี,60.0,63.0,47.0,82.0,60.0,35.0,48.0,82.0,baania,2023-08-31
136,4650,PONG,โป่ง,4645,BANG LAMUNG,บางละมุง,4616,Chon Buri,ชลบุรี,43.0,47.0,37.0,49.0,50.0,24.0,39.0,73.0,baania,2023-08-31
36,3407,PHIMONRAT,พิมลราช,3402,BANG BUA THONG,บางบัวทอง,3372,Nonthaburi,นนทบุรี,65.0,92.0,47.0,59.0,68.0,82.0,58.0,67.0,baania,2023-08-31
166,3483,BAN CHANG,บ้านฉาง,3482,BAN CHANG,บ้านฉาง,3431,Rayong,ระยอง,47.0,43.0,39.0,72.0,46.0,41.0,40.0,52.0,baania,2023-08-31
504,3873,LAK SONG,หลักสอง,3869,BANG KHAE,บางแค,3781,Bangkok,กรุงเทพมหานคร,58.0,84.0,39.0,55.0,55.0,78.0,37.0,54.0,baania,2023-08-31
19,3580,THA MAI,ท่าไม้,3575,KRATHUM BAEN,กระทุ่มแบน,3555,Samut Sakhon,สมุทรสาคร,57.0,76.0,40.0,63.0,58.0,70.0,30.0,69.0,baania,2023-08-31
105,3489,MAP YANG PHON,มาบยางพร,3486,PLUAK DAENG,ปลวกแดง,3431,Rayong,ระยอง,44.0,46.0,31.0,70.0,51.0,44.0,28.0,71.0,baania,2023-08-31
435,3473,MAP KHA,มาบข่า,3469,NIKHOM PHATTHANA,นิคมพัฒนา,3431,Rayong,ระยอง,31.0,30.0,28.0,39.0,34.0,32.0,22.0,42.0,baania,2023-08-31
384,3375,THA SAI,ท่าทราย,3373,MUEANG NONTHABURI,เมืองนนทบุรี,3372,Nonthaburi,นนทบุรี,70.0,76.0,62.0,77.0,72.0,81.0,60.0,75.0,baania,2023-08-31
56,3843,BUKKHALO,บุคคโล,3839,THON BURI,ธนบุรี,3781,Bangkok,กรุงเทพมหานคร,66.0,80.0,49.0,80.0,68.0,80.0,46.0,75.0,baania,2023-08-31
275,20621,THAP CHANG,ทับช้าง,3971,SAPHAN SUNG,สะพานสูง,3781,Bangkok,กรุงเทพมหานคร,47.0,68.0,26.0,55.0,57.0,68.0,26.0,71.0,baania,2023-08-31
408,1223,HANG DONG,หางดง,1213,HANG DONG,หางดง,1005,Chiang Mai,เชียงใหม่,42.0,47.0,31.0,60.0,49.0,50.0,48.0,49.0,baania,2023-08-31
15,3893,KHLONG KUM,คลองกุ่ม,3892,BUENG KUM,บึงกุ่ม,3781,Bangkok,กรุงเทพมหานคร,65.0,83.0,45.0,79.0,67.0,78.0,41.0,78.0,baania,2023-08-31
89,3796,SAM WA TAWAN OK,สามวาตะวันออก,3791,KHLONG SAM WA,คลองสามวา,3781,Bangkok,กรุงเทพมหานคร,43.0,81.0,21.0,28.0,41.0,78.0,18.0,37.0,baania,2023-08-31
212,4669,BAN KAO,บ้านเก่า,4663,PHAN THONG,พานทอง,4616,Chon Buri,ชลบุรี,50.0,53.0,41.0,64.0,46.0,28.0,36.0,63.0,baania,2023-08-31
1,3383,SUAN YAI,สวนใหญ่,3373,MUEANG NONTHABURI,เมืองนนทบุรี,3372,Nonthaburi,นนทบุรี,66.0,69.0,60.0,74.0,65.0,73.0,62.0,63.0,baania,2023-08-31
450,3628,RANGSIT,รังสิต,3623,THANYABURI,ธัญบุรี,3599,Pathum Thani,ปทุมธานี,46.0,51.0,35.0,62.0,50.0,42.0,28.0,69.0,baania,2023-08-31
431,3929,KHLONG KHWANG,คลองขวาง,3928,PHASI CHAROEN,ภาษีเจริญ,3781,Bangkok,กรุงเทพมหานคร,64.0,81.0,52.0,59.0,63.0,76.0,49.0,65.0,baania,2023-08-31
55,3632,KHLONG PHRA UDOM,คลองพระอุดม,3630,LAT LUM KAEO,ลาดหลุมแก้ว,3599,Pathum Thani,ปทุมธานี,36.0,31.0,32.0,53.0,42.0,14.0,32.0,65.0,baania,2023-08-31
501,4652,NONG PLA LAI,หนองปลาไหล,4645,BANG LAMUNG,บางละมุง,4616,Chon Buri,ชลบุรี,57.0,73.0,51.0,42.0,48.0,45.0,44.0,52.0,baania,2023-08-31
20,1224,HAN KAEO,หารแก้ว,1213,HANG DONG,หางดง,1005,Chiang Mai,เชียงใหม่,21.0,35.0,2.0,38.0,31.0,48.0,31.0,22.0,baania,2023-08-31
492,20615,PHRA HANONG TAI,พระโขนงใต้,3913,PHRA KHANONG,พระโขนง,3781,Bangkok,กรุงเทพมหานคร,67.0,83.0,47.0,86.0,75.0,78.0,48.0,91.0,baania,2023-08-31
353,3671,THANON KHAT,ถนนขาด,3668,MUEANG NAKHON PATHOM,เมืองนครปฐม,3667,Nakhon Pathom,นครปฐม,49.0,85.0,27.0,37.0,31.0,43.0,24.0,29.0,baania,2023-08-31
102,3626,BUENG SANAN,บึงสนั่น,3623,THANYABURI,ธัญบุรี,3599,Pathum Thani,ปทุมธานี,40.0,54.0,31.0,39.0,35.0,41.0,23.0,39.0,baania,2023-08-31
426,20623,BANG NA TAI,บางนาใต้,3877,BANG NA,บางนา,3781,Bangkok,กรุงเทพมหานคร,69.0,80.0,59.0,71.0,70.0,77.0,55.0,75.0,baania,2023-08-31
220,3812,DON MUEANG,ดอนเมือง,3811,DON MUEANG,ดอนเมือง,3781,Bangkok,กรุงเทพมหานคร,61.0,86.0,39.0,69.0,63.0,82.0,39.0,68.0,baania,2023-08-31
538,3605,BANG PROK,บางปรอก,3600,MUEANG PATHUM THANI,เมืองปทุมธานี,3599,Pathum Thani,ปทุมธานี,70.0,78.0,66.0,68.0,62.0,58.0,53.0,71.0,baania,2023-08-31
87,3454,CHAK PHONG,ชากพง,3448,KLAENG,แกลง,3431,Rayong,ระยอง,46.0,47.0,44.0,47.0,41.0,41.0,45.0,39.0,baania,2023-08-31
124,3938,SAEN SAEP,แสนแสบ,3936,MIN BURI,มีนบุรี,3781,Bangkok,กรุงเทพมหานคร,51.0,73.0,31.0,57.0,51.0,64.0,23.0,62.0,baania,2023-08-31
338,3666,NONG SAM WANG,หนองสามวัง,3659,NONG SUEA,หนองเสือ,3599,Pathum Thani,ปทุมธานี,14.0,37.0,0.0,6.0,48.0,78.0,69.0,17.0,baania,2023-08-31
351,3721,KHUN KAEO,ขุนแก้ว,3719,NAKHON CHAI SI,นครชัยศรี,3667,Nakhon Pathom,นครปฐม,60.0,61.0,55.0,68.0,65.0,65.0,61.0,67.0,baania,2023-08-31
203,1181,SAN SAI LUANG,สันทรายหลวง,1175,SAN SAI,สันทราย,1005,Chiang Mai,เชียงใหม่,45.0,36.0,48.0,53.0,62.0,49.0,64.0,68.0,baania,2023-08-31
234,3619,KHLONG SI,คลองสี่,3615,KHLONG LUANG,คลองหลวง,3599,Pathum Thani,ปทุมธานี,42.0,37.0,37.0,66.0,50.0,34.0,36.0,69.0,baania,2023-08-31
513,3422,KHLONG PHRA UDOM,คลองพระอุดม,3418,PAK KRET,ปากเกร็ด,3372,Nonthaburi,นนทบุรี,71.0,70.0,74.0,66.0,73.0,60.0,73.0,80.0,baania,2023-08-31
3,3456,THUNG KHWAI KIN,ทุ่งควายกิน,3448,KLAENG,แกลง,3431,Rayong,ระยอง,40.0,15.0,51.0,58.0,29.0,12.0,39.0,33.0,baania,2023-08-31
98,3933,BANG WAEK,บางแวก,3928,PHASI CHAROEN,ภาษีเจริญ,3781,Bangkok,กรุงเทพมหานคร,66.0,86.0,51.0,68.0,63.0,82.0,47.0,63.0,baania,2023-08-31
95,3761,KHLONG YONG,คลองโยง,3760,PHUTTHAMONTHON,พุทธมณฑล,3667,Nakhon Pathom,นครปฐม,53.0,63.0,43.0,56.0,62.0,62.0,51.0,69.0,baania,2023-08-31
273,4657,MAP PHAI,มาบไผ่,4654,BAN BUENG,บ้านบึง,4616,Chon Buri,ชลบุรี,38.0,40.0,38.0,34.0,33.0,19.0,37.0,38.0,baania,2023-08-31
503,3561,CHAI MONGKHON,ชัยมงคล,3556,MUEANG SAMUT SAKHON,เมืองสมุทรสาคร,3555,Samut Sakhon,สมุทรสาคร,9.0,23.0,0.0,2.0,19.0,33.0,25.0,8.0,baania,2023-08-31
290,3975,CHAKKRAWAT,จักรวรรดิ,3973,SAMPHANTHAWONG,สัมพันธวงศ์,3781,Bangkok,กรุงเทพมหานคร,61.0,73.0,53.0,60.0,61.0,68.0,54.0,62.0,baania,2023-08-31
349,20627,KHLONG BANG BON,คลองบางบอน,3879,BANG BON,บางบอน,3781,Bangkok,กรุงเทพมหานคร,63.0,82.0,45.0,69.0,60.0,80.0,38.0,63.0,baania,2023-08-31
208,3830,BANG CHUEAK NANG,บางเชือกหนัง,3826,TALING CHAN,ตลิ่งชัน,3781,Bangkok,กรุงเทพมหานคร,66.0,83.0,53.0,63.0,62.0,76.0,49.0,64.0,baania,2023-08-31
451,1168,BUAK KHANG,บวกค้าง,1164,SAN KAMPHAENG,สันกำแพง,1005,Chiang Mai,เชียงใหม่,48.0,59.0,50.0,24.0,33.0,36.0,46.0,23.0,baania,2023-08-31
515,3677,BANG KHAEM,บางแขม,3668,MUEANG NAKHON PATHOM,เมืองนครปฐม,3667,Nakhon Pathom,นครปฐม,62.0,84.0,46.0,61.0,43.0,59.0,32.0,41.0,baania,2023-08-31
80,3834,THAWI WATTHANA,ทวีวัฒนา,3833,THAWI WATTHANA,ทวีวัฒนา,3781,Bangkok,กรุงเทพมหานคร,62.0,77.0,55.0,52.0,58.0,73.0,50.0,55.0,baania,2023-08-31
106,3955,THAP YAO,ทับยาว,3950,LAT KRABANG,ลาดกระบัง,3781,Bangkok,กรุงเทพมหานคร,53.0,81.0,36.0,43.0,49.0,79.0,29.0,45.0,baania,2023-08-31
61,3829,CHIMPHLI,ฉิมพลี,3826,TALING CHAN,ตลิ่งชัน,3781,Bangkok,กรุงเทพมหานคร,73.0,84.0,65.0,72.0,70.0,77.0,60.0,73.0,baania,2023-08-31
475,4672,NONG TAMLUENG,หนองตำลึง,4663,PHAN THONG,พานทอง,4616,Chon Buri,ชลบุรี,44.0,52.0,36.0,50.0,43.0,32.0,36.0,54.0,baania,2023-08-31
235,3446,SAMNAK THONG,สำนักทอง,3432,MUEANG RAYONG,เมืองระยอง,3431,Rayong,ระยอง,70.0,90.0,50.0,78.0,49.0,52.0,30.0,60.0,baania,2023-08-31
86,1215,NAM PHRAE,น้ำแพร่,1213,HANG DONG,หางดง,1005,Chiang Mai,เชียงใหม่,31.0,31.0,22.0,48.0,41.0,39.0,40.0,42.0,baania,2023-08-31
293,4649,NA KLUEA,นาเกลือ,4645,BANG LAMUNG,บางละมุง,4616,Chon Buri,ชลบุรี,63.0,49.0,58.0,96.0,68.0,29.0,57.0,96.0,baania,2023-08-31
457,3577,KHAE RAI,แคราย,3575,KRATHUM BAEN,กระทุ่มแบน,3555,Samut Sakhon,สมุทรสาคร,42.0,67.0,10.0,70.0,52.0,63.0,7.0,75.0,baania,2023-08-31
227,3434,KLAENG,แกลง,3432,MUEANG RAYONG,เมืองระยอง,3431,Rayong,ระยอง,51.0,43.0,53.0,61.0,41.0,35.0,32.0,51.0,baania,2023-08-31
198,3583,SUAN LUANG,สวนหลวง,3575,KRATHUM BAEN,กระทุ่มแบน,3555,Samut Sakhon,สมุทรสาคร,51.0,76.0,17.0,82.0,56.0,67.0,12.0,80.0,baania,2023-08-31
264,3818,DUSIT,ดุสิต,3817,DUSIT,ดุสิต,3781,Bangkok,กรุงเทพมหานคร,70.0,84.0,57.0,77.0,73.0,72.0,61.0,80.0,baania,2023-08-31
478,4659,NONG SAMSAK,หนองซ้ำซาก,4654,BAN BUENG,บ้านบึง,4616,Chon Buri,ชลบุรี,26.0,35.0,21.0,22.0,21.0,17.0,25.0,21.0,baania,2023-08-31
30,3530,BANG SAO THONG,บางเสาธง,3529,BANG SAO THONG,บางเสาธง,3498,Samut Prakan,สมุทรปราการ,60.0,67.0,50.0,68.0,57.0,58.0,48.0,62.0,baania,2023-08-31
284,3895,NUAN CHAN,นวลจันทร์,3892,BUENG KUM,บึงกุ่ม,3781,Bangkok,กรุงเทพมหานคร,65.0,83.0,44.0,80.0,66.0,76.0,40.0,77.0,baania,2023-08-31
188,1218,SOP MAE KHA,สบแม่ข่า,1213,HANG DONG,หางดง,1005,Chiang Mai,เชียงใหม่,46.0,31.0,48.0,68.0,59.0,22.0,65.0,76.0,baania,2023-08-31
39,3399,MAHASAWAT,มหาสวัสดิ์,3392,BANG KRUAI,บางกรวย,3372,Nonthaburi,นนทบุรี,52.0,79.0,19.0,80.0,55.0,74.0,6.0,77.0,baania,2023-08-31
401,1018,SAN PHISUEA,สันผีเสื้อ,1006,MUEANG CHIANG MAI,เมืองเชียงใหม่,1005,Chiang Mai,เชียงใหม่,64.0,58.0,70.0,63.0,60.0,46.0,69.0,63.0,baania,2023-08-31
78,3828,KHLONG CHAK PHRA,คลองชักพระ,3826,TALING CHAN,ตลิ่งชัน,3781,Bangkok,กรุงเทพมหานคร,60.0,71.0,47.0,71.0,61.0,71.0,43.0,67.0,baania,2023-08-31
418,2622,TALAT YAI,ตลาดใหญ่,2617,MUEANG PHUKET,เมืองภูเก็ต,2616,Phuket,ภูเก็ต,66.0,65.0,57.0,90.0,72.0,55.0,56.0,92.0,baania,2023-08-31
245,2631,CHOENG THALE,เชิงทะเล,2630,THALANG,ถลาง,2616,Phuket,ภูเก็ต,52.0,67.0,44.0,43.0,37.0,37.0,27.0,44.0,baania,2023-08-31
181,4003,SAM SEN NOK,สามเสนนอก,4000,HUAI KHWANG,ห้วยขวาง,3781,Bangkok,กรุงเทพมหานคร,61.0,77.0,44.0,72.0,66.0,73.0,45.0,76.0,baania,2023-08-31
209,3381,BANG RAK NOI,บางรักน้อย,3373,MUEANG NONTHABURI,เมืองนนทบุรี,3372,Nonthaburi,นนทบุรี,68.0,76.0,59.0,74.0,65.0,68.0,62.0,66.0,baania,2023-08-31
81,3566,NA DI,นาดี,3556,MUEANG SAMUT SAKHON,เมืองสมุทรสาคร,3555,Samut Sakhon,สมุทรสาคร,52.0,71.0,39.0,49.0,42.0,57.0,26.0,44.0,baania,2023-08-31
110,3726,THA TAMNAK,ท่าตำหนัก,3719,NAKHON CHAI SI,นครชัยศรี,3667,Nakhon Pathom,นครปฐม,65.0,68.0,56.0,76.0,64.0,71.0,64.0,61.0,baania,2023-08-31
354,3897,PATHUM WAN,ปทุมวัน,3896,PATHUM WAN,ปทุมวัน,3781,Bangkok,กรุงเทพมหานคร,74.0,67.0,69.0,100.0,80.0,63.0,69.0,98.0,baania,2023-08-31
211,3868,BANG KHLO,บางโคล่,3865,BANG KHO LAEM,บางคอแหลม,3781,Bangkok,กรุงเทพมหานคร,66.0,70.0,56.0,82.0,70.0,61.0,58.0,84.0,baania,2023-08-31
528,3514,BANG BO,บางบ่อ,3513,BANG BO,บางบ่อ,3498,Samut Prakan,สมุทรปราการ,61.0,68.0,51.0,69.0,57.0,57.0,47.0,63.0,baania,2023-08-31
381,1012,PA TAN,ป่าตัน,1006,MUEANG CHIANG MAI,เมืองเชียงใหม่,1005,Chiang Mai,เชียงใหม่,60.0,49.0,60.0,78.0,63.0,34.0,70.0,76.0,baania,2023-08-31
311,3855,WAT ARUN,วัดอรุณ,3853,BANGKOK YAI,บางกอกใหญ่,3781,Bangkok,กรุงเทพมหานคร,58.0,73.0,46.0,59.0,60.0,82.0,43.0,58.0,baania,2023-08-31
228,3404,BANG BUA THONG,บางบัวทอง,3402,BANG BUA THONG,บางบัวทอง,3372,Nonthaburi,นนทบุรี,65.0,85.0,51.0,63.0,67.0,79.0,60.0,65.0,baania,2023-08-31
291,20620,RAT PHATTHANA,ราษฎร์พัฒนา,3971,SAPHAN SUNG,สะพานสูง,3781,Bangkok,กรุงเทพมหานคร,60.0,86.0,31.0,78.0,62.0,81.0,24.0,76.0,baania,2023-08-31
456,3808,BANG KHUN THIAN,บางขุนเทียน,3806,CHOM THONG,จอมทอง,3781,Bangkok,กรุงเทพมหานคร,67.0,86.0,56.0,60.0,64.0,78.0,51.0,65.0,baania,2023-08-31
92,4627,SAMNAK BOK,สำนักบก,4617,MUEANG CHON BURI,เมืองชลบุรี,4616,Chon Buri,ชลบุรี,21.0,23.0,20.0,22.0,26.0,19.0,24.0,31.0,baania,2023-08-31
309,3866,BANG KHO LAEM,บางคอแหลม,3865,BANG KHO LAEM,บางคอแหลม,3781,Bangkok,กรุงเทพมหานคร,65.0,78.0,53.0,69.0,69.0,65.0,55.0,81.0,baania,2023-08-31
436,3387,THAWI WATTHANA,ทวีวัฒนา,3384,SAI NOI,ไทรน้อย,3372,Nonthaburi,นนทบุรี,39.0,68.0,23.0,21.0,45.0,67.0,36.0,38.0,baania,2023-08-31
22,3773,BANG KRATHUEK,บางกระทึก,3764,SAM PHRAN,สามพราน,3667,Nakhon Pathom,นครปฐม,62.0,61.0,52.0,85.0,69.0,65.0,47.0,87.0,baania,2023-08-31
379,3521,PRENG,เปร็ง,3513,BANG BO,บางบ่อ,3498,Samut Prakan,สมุทรปราการ,25.0,65.0,0.0,13.0,22.0,54.0,0.0,18.0,baania,2023-08-31
258,3740,SISA THONG,ศรีษะทอง,3719,NAKHON CHAI SI,นครชัยศรี,3667,Nakhon Pathom,นครปฐม,67.0,75.0,60.0,68.0,54.0,62.0,61.0,45.0,baania,2023-08-31
383,3723,NGIO RAI,งิ้วราย,3719,NAKHON CHAI SI,นครชัยศรี,3667,Nakhon Pathom,นครปฐม,70.0,69.0,71.0,71.0,72.0,75.0,73.0,71.0,baania,2023-08-31
186,3735,LAN TAK FA,ลานตากฟ้า,3719,NAKHON CHAI SI,นครชัยศรี,3667,Nakhon Pathom,นครปฐม,56.0,49.0,60.0,61.0,60.0,61.0,65.0,55.0,baania,2023-08-31
486,20625,BANG BON TAI,บางบอนใต้,3879,BANG BON,บางบอน,3781,Bangkok,กรุงเทพมหานคร,56.0,83.0,37.0,50.0,51.0,76.0,30.0,51.0,baania,2023-08-31
236,2623,RATSADA,รัษฎา,2617,MUEANG PHUKET,เมืองภูเก็ต,2616,Phuket,ภูเก็ต,63.0,71.0,61.0,53.0,56.0,54.0,49.0,61.0,baania,2023-08-31
352,3819,THANON NAKHON CHAISI,ถนนนครไชยศรี,3817,DUSIT,ดุสิต,3781,Bangkok,กรุงเทพมหานคร,70.0,82.0,58.0,73.0,70.0,74.0,57.0,76.0,baania,2023-08-31
327,3676,BO PHLAP,บ่อพลับ,3668,MUEANG NAKHON PATHOM,เมืองนครปฐม,3667,Nakhon Pathom,นครปฐม,62.0,77.0,45.0,75.0,64.0,76.0,39.0,73.0,baania,2023-08-31
358,3481,NONG LALOK,หนองละลอก,3474,BAN KHAI,บ้านค่าย,3431,Rayong,ระยอง,42.0,39.0,42.0,47.0,35.0,42.0,30.0,35.0,baania,2023-08-31
41,3995,LAM TOITING,ลำต้อยติ่ง,3988,NONG CHOK,หนองจอก,3781,Bangkok,กรุงเทพมหานคร,61.0,95.0,54.0,19.0,47.0,100.0,40.0,23.0,baania,2023-08-31
411,3914,BANG CHAK,บางจาก,3913,PHRA KHANONG,พระโขนง,3781,Bangkok,กรุงเทพมหานคร,66.0,82.0,48.0,80.0,72.0,76.0,47.0,86.0,baania,2023-08-31
370,1204,DON KAEO,ดอนแก้ว,1200,SARAPHI,สารภี,1005,Chiang Mai,เชียงใหม่,25.0,38.0,17.0,20.0,37.0,49.0,20.0,41.0,baania,2023-08-31
206,3515,KHLONG DAN,คลองด่าน,3513,BANG BO,บางบ่อ,3498,Samut Prakan,สมุทรปราการ,44.0,53.0,52.0,11.0,33.0,55.0,53.0,8.0,baania,2023-08-31
182,3437,THAP MA,ทับมา,3432,MUEANG RAYONG,เมืองระยอง,3431,Rayong,ระยอง,55.0,58.0,44.0,76.0,57.0,48.0,39.0,73.0,baania,2023-08-31
444,1180,SAN SAI NOI,สันทรายน้อย,1175,SAN SAI,สันทราย,1005,Chiang Mai,เชียงใหม่,61.0,43.0,67.0,78.0,66.0,27.0,78.0,79.0,baania,2023-08-31
96,4662,NONG I RUN,หนองอิรุณ,4654,BAN BUENG,บ้านบึง,4616,Chon Buri,ชลบุรี,39.0,21.0,59.0,23.0,33.0,6.0,61.0,31.0,baania,2023-08-31
164,3899,LUMPHINI,ลุมพินี,3896,PATHUM WAN,ปทุมวัน,3781,Bangkok,กรุงเทพมหานคร,67.0,44.0,70.0,99.0,77.0,46.0,73.0,98.0,baania,2023-08-31
488,3718,HUAI PHRA,ห้วยพระ,3710,DON TUM,ดอนตูม,3667,Nakhon Pathom,นครปฐม,22.0,50.0,4.0,12.0,30.0,68.0,4.0,25.0,baania,2023-08-31
467,3898,RONG MUEANG,รองเมือง,3896,PATHUM WAN,ปทุมวัน,3781,Bangkok,กรุงเทพมหานคร,72.0,64.0,67.0,98.0,80.0,62.0,70.0,97.0,baania,2023-08-31
138,1007,CHANG KHLAN,ช้างคลาน,1006,MUEANG CHIANG MAI,เมืองเชียงใหม่,1005,Chiang Mai,เชียงใหม่,64.0,48.0,62.0,97.0,73.0,41.0,70.0,92.0,baania,2023-08-31
306,1210,SARAPHI,สารภี,1200,SARAPHI,สารภี,1005,Chiang Mai,เชียงใหม่,38.0,54.0,33.0,19.0,35.0,61.0,45.0,14.0,baania,2023-08-31
223,3545,BANG HUA SUEA,บางหัวเสือ,3533,PHRA PRADAENG,พระประแดง,3498,Samut Prakan,สมุทรปราการ,67.0,89.0,58.0,49.0,47.0,53.0,24.0,59.0,baania,2023-08-31
530,3987,NONG KHANG PHLU,หนองค้างพลู,3985,NONG KHAEM,หนองแขม,3781,Bangkok,กรุงเทพมหานคร,60.0,90.0,36.0,62.0,58.0,85.0,31.0,61.0,baania,2023-08-31
302,1014,FA HAM,ฟ้าฮ่าม,1006,MUEANG CHIANG MAI,เมืองเชียงใหม่,1005,Chiang Mai,เชียงใหม่,68.0,58.0,64.0,93.0,75.0,49.0,71.0,92.0,baania,2023-08-31
479,3887,BANG RAK,บางรัก,3886,BANG RAK,บางรัก,3781,Bangkok,กรุงเทพมหานคร,68.0,60.0,62.0,96.0,76.0,52.0,65.0,97.0,baania,2023-08-31
137,3951,LAT KRABANG,ลาดกระบัง,3950,LAT KRABANG,ลาดกระบัง,3781,Bangkok,กรุงเทพมหานคร,65.0,83.0,46.0,76.0,64.0,82.0,40.0,71.0,baania,2023-08-31
397,3625,BUENG YI THO,บึงยี่โถ,3623,THANYABURI,ธัญบุรี,3599,Pathum Thani,ปทุมธานี,51.0,46.0,41.0,83.0,57.0,41.0,29.0,85.0,baania,2023-08-31
449,3560,KHOK KHAM,โคกขาม,3556,MUEANG SAMUT SAKHON,เมืองสมุทรสาคร,3555,Samut Sakhon,สมุทรสาคร,52.0,61.0,46.0,50.0,50.0,56.0,41.0,53.0,baania,2023-08-31
90,4667,BANG NANG,บางนาง,4663,PHAN THONG,พานทอง,4616,Chon Buri,ชลบุรี,43.0,43.0,33.0,65.0,48.0,26.0,36.0,68.0,baania,2023-08-31
250,3683,LAM PHAYA,ลำพยา,3668,MUEANG NAKHON PATHOM,เมืองนครปฐม,3667,Nakhon Pathom,นครปฐม,71.0,74.0,69.0,74.0,65.0,60.0,60.0,71.0,baania,2023-08-31
509,3692,NONG PAK LONG,หนองปากโลง,3668,MUEANG NAKHON PATHOM,เมืองนครปฐม,3667,Nakhon Pathom,นครปฐม,58.0,73.0,42.0,68.0,57.0,62.0,56.0,54.0,baania,2023-08-31
121,3401,SALA KLANG,ศาลากลาง,3392,BANG KRUAI,บางกรวย,3372,Nonthaburi,นนทบุรี,50.0,78.0,19.0,69.0,55.0,70.0,15.0,73.0,baania,2023-08-31
496,3838,BANG MOT,บางมด,3836,THUNG KHRU,ทุ่งครุ,3781,Bangkok,กรุงเทพมหานคร,65.0,88.0,51.0,55.0,58.0,79.0,44.0,55.0,baania,2023-08-31
253,3845,SAMRE,สำเหร่,3839,THON BURI,ธนบุรี,3781,Bangkok,กรุงเทพมหานคร,64.0,66.0,57.0,75.0,67.0,68.0,58.0,73.0,baania,2023-08-31
115,3576,KHLONG MADUEA,คลองมะเดื่อ,3575,KRATHUM BAEN,กระทุ่มแบน,3555,Samut Sakhon,สมุทรสาคร,53.0,75.0,34.0,58.0,50.0,63.0,26.0,59.0,baania,2023-08-31
512,20622,BANG NA NUEA,บางนาเหนือ,3877,BANG NA,บางนา,3781,Bangkok,กรุงเทพมหานคร,68.0,81.0,52.0,81.0,72.0,77.0,51.0,83.0,baania,2023-08-31
286,3377,BANG KRASO,บางกระสอ,3373,MUEANG NONTHABURI,เมืองนนทบุรี,3372,Nonthaburi,นนทบุรี,70.0,69.0,67.0,79.0,72.0,75.0,69.0,72.0,baania,2023-08-31
299,3963,PHLAPPHLA,พลับพลา,3960,WANG THONGLANG,วังทองหลาง,3781,Bangkok,กรุงเทพมหานคร,66.0,80.0,45.0,90.0,71.0,76.0,44.0,86.0,baania,2023-08-31
473,3976,TALAT NOI,ตลาดน้อย,3973,SAMPHANTHAWONG,สัมพันธวงศ์,3781,Bangkok,กรุงเทพมหานคร,63.0,53.0,62.0,85.0,71.0,56.0,63.0,85.0,baania,2023-08-31
146,2625,WICHIT,วิชิต,2617,MUEANG PHUKET,เมืองภูเก็ต,2616,Phuket,ภูเก็ต,57.0,60.0,49.0,72.0,61.0,54.0,49.0,72.0,baania,2023-08-31
465,3641,BUENG KHO HAI,บึงคอไห,3638,LAM LUK KA,ลำลูกกา,3599,Pathum Thani,ปทุมธานี,29.0,38.0,24.0,27.0,25.0,31.0,19.0,26.0,baania,2023-08-31
409,3504,BANG PU,บางปู,3499,MUEANG SAMUT PRAKAN,เมืองสมุทรปราการ,3498,Samut Prakan,สมุทรปราการ,48.0,65.0,51.0,15.0,21.0,15.0,52.0,3.0,baania,2023-08-31
4,1217,BAN WAEN,บ้านแหวน,1213,HANG DONG,หางดง,1005,Chiang Mai,เชียงใหม่,50.0,48.0,48.0,60.0,54.0,39.0,56.0,61.0,baania,2023-08-31
421,3608,BANG LUANG,บางหลวง,3600,MUEANG PATHUM THANI,เมืองปทุมธานี,3599,Pathum Thani,ปทุมธานี,52.0,64.0,35.0,71.0,42.0,39.0,30.0,50.0,baania,2023-08-31
167,4702,BUENG,บึง,4696,SI RACHA,ศรีราชา,4616,Chon Buri,ชลบุรี,46.0,51.0,38.0,55.0,51.0,25.0,45.0,69.0,baania,2023-08-31
391,1220,NONG KAEO,หนองแก๋ว,1213,HANG DONG,หางดง,1005,Chiang Mai,เชียงใหม่,44.0,50.0,37.0,48.0,52.0,52.0,51.0,53.0,baania,2023-08-31
375,3986,NONG KHAEM,หนองแขม,3985,NONG KHAEM,หนองแขม,3781,Bangkok,กรุงเทพมหานคร,58.0,90.0,33.0,58.0,57.0,85.0,30.0,59.0,baania,2023-08-31
158,4642,BO THONG,บ่อทอง,4638,BO THONG,บ่อทอง,4616,Chon Buri,ชลบุรี,55.0,73.0,59.0,14.0,40.0,70.0,54.0,13.0,baania,2023-08-31
219,3952,KHUM THONG,ขุมทอง,3950,LAT KRABANG,ลาดกระบัง,3781,Bangkok,กรุงเทพมหานคร,35.0,81.0,11.0,9.0,20.0,80.0,1.0,0.0,baania,2023-08-31
376,3771,THA KHAM,ท่าข้าม,3764,SAM PHRAN,สามพราน,3667,Nakhon Pathom,นครปฐม,55.0,60.0,48.0,62.0,63.0,65.0,50.0,69.0,baania,2023-08-31
304,2620,CHALONG,ฉลอง,2617,MUEANG PHUKET,เมืองภูเก็ต,2616,Phuket,ภูเก็ต,55.0,65.0,44.0,63.0,56.0,64.0,43.0,60.0,baania,2023-08-31
269,3805,SENA NIKHOM,เสนานิคม,3800,CHATUCHAK,จตุจักร,3781,Bangkok,กรุงเทพมหานคร,66.0,84.0,47.0,76.0,69.0,78.0,47.0,78.0,baania,2023-08-31
288,3653,THAI KO,ท้ายเกาะ,3647,SAM KHOK,สามโคก,3599,Pathum Thani,ปทุมธานี,21.0,0.0,36.0,23.0,27.0,0.0,38.0,35.0,baania,2023-08-31
396,3567,BANG KRACHAO,บางกระเจ้า,3556,MUEANG SAMUT SAKHON,เมืองสมุทรสาคร,3555,Samut Sakhon,สมุทรสาคร,65.0,83.0,58.0,51.0,58.0,73.0,49.0,57.0,baania,2023-08-31
76,3423,THA IT,ท่าอิฐ,3418,PAK KRET,ปากเกร็ด,3372,Nonthaburi,นนทบุรี,70.0,71.0,67.0,77.0,73.0,63.0,74.0,78.0,baania,2023-08-31
355,3894,NAWAMIN,นวมินทร์,3892,BUENG KUM,บึงกุ่ม,3781,Bangkok,กรุงเทพมหานคร,65.0,82.0,46.0,77.0,65.0,75.0,42.0,75.0,baania,2023-08-31
180,3585,OM NOI,อ้อมน้อย,3575,KRATHUM BAEN,กระทุ่มแบน,3555,Samut Sakhon,สมุทรสาคร,50.0,70.0,21.0,79.0,59.0,67.0,18.0,82.0,baania,2023-08-31
205,3394,BANG KHANUN,บางขนุน,3392,BANG KRUAI,บางกรวย,3372,Nonthaburi,นนทบุรี,53.0,77.0,25.0,73.0,56.0,76.0,9.0,77.0,baania,2023-08-31
122,3429,PAK KRET,ปากเกร็ด,3418,PAK KRET,ปากเกร็ด,3372,Nonthaburi,นนทบุรี,71.0,74.0,65.0,80.0,71.0,68.0,68.0,76.0,baania,2023-08-31
149,3388,SAI NOI,ไทรน้อย,3384,SAI NOI,ไทรน้อย,3372,Nonthaburi,นนทบุรี,46.0,82.0,25.0,30.0,43.0,68.0,38.0,32.0,baania,2023-08-31
84,3501,THAI BAN MAI,ท้ายบ้านใหม่,3499,MUEANG SAMUT PRAKAN,เมืองสมุทรปราการ,3498,Samut Prakan,สมุทรปราการ,68.0,82.0,55.0,69.0,63.0,68.0,56.0,65.0,baania,2023-08-31
77,3524,BANG KAEO,บางแก้ว,3522,BANG PHLI,บางพลี,3498,Samut Prakan,สมุทรปราการ,63.0,76.0,44.0,82.0,62.0,64.0,37.0,77.0,baania,2023-08-31
344,4707,NA CHOM THIAN,นาจอมเทียน,4705,SATTAHIP,สัตหีบ,4616,Chon Buri,ชลบุรี,60.0,49.0,58.0,83.0,62.0,26.0,57.0,85.0,baania,2023-08-31
446,4687,WAT BOT,วัดโบสถ์,4675,PHANAT NIKHOM,พนัสนิคม,4616,Chon Buri,ชลบุรี,67.0,72.0,74.0,41.0,35.0,30.0,45.0,32.0,baania,2023-08-31
455,1019,SUTHEP,สุเทพ,1006,MUEANG CHIANG MAI,เมืองเชียงใหม่,1005,Chiang Mai,เชียงใหม่,68.0,56.0,68.0,91.0,75.0,47.0,74.0,91.0,baania,2023-08-31
399,3420,KHLONG KLUEA,คลองเกลือ,3418,PAK KRET,ปากเกร็ด,3372,Nonthaburi,นนทบุรี,77.0,71.0,75.0,91.0,82.0,74.0,69.0,96.0,baania,2023-08-31
130,3792,SAI KONG DIN,ทรายกองดิน,3791,KHLONG SAM WA,คลองสามวา,3781,Bangkok,กรุงเทพมหานคร,51.0,84.0,21.0,59.0,48.0,75.0,13.0,57.0,baania,2023-08-31
403,3689,SAM KHWAI PHUEAK,สามควายเผือก,3668,MUEANG NAKHON PATHOM,เมืองนครปฐม,3667,Nakhon Pathom,นครปฐม,14.0,25.0,11.0,2.0,20.0,40.0,17.0,11.0,baania,2023-08-31
63,3675,NAKHON PATHOM,นครปฐม,3668,MUEANG NAKHON PATHOM,เมืองนครปฐม,3667,Nakhon Pathom,นครปฐม,71.0,76.0,71.0,65.0,44.0,45.0,39.0,46.0,baania,2023-08-31
5,4002,BANG KAPI,บางกะปิ,4000,HUAI KHWANG,ห้วยขวาง,3781,Bangkok,กรุงเทพมหานคร,72.0,68.0,66.0,93.0,76.0,60.0,65.0,92.0,baania,2023-08-31
404,3705,SA SI MUM,สระสี่มุม,3694,KAMPHAENG SAEN,กำแพงแสน,3667,Nakhon Pathom,นครปฐม,62.0,82.0,44.0,71.0,69.0,88.0,47.0,73.0,baania,2023-08-31
522,3510,PHRAEKSA,แพรกษา,3499,MUEANG SAMUT PRAKAN,เมืองสมุทรปราการ,3498,Samut Prakan,สมุทรปราการ,60.0,83.0,46.0,50.0,48.0,72.0,47.0,35.0,baania,2023-08-31
147,3477,TA KHAN,ตาขัน,3474,BAN KHAI,บ้านค่าย,3431,Rayong,ระยอง,46.0,36.0,41.0,75.0,59.0,39.0,44.0,80.0,baania,2023-08-31
287,3572,BAN BO,บ้านบ่อ,3556,MUEANG SAMUT SAKHON,เมืองสมุทรสาคร,3555,Samut Sakhon,สมุทรสาคร,52.0,45.0,58.0,53.0,52.0,67.0,31.0,57.0,baania,2023-08-31
183,3612,BAN MAI,บ้านใหม่,3600,MUEANG PATHUM THANI,เมืองปทุมธานี,3599,Pathum Thani,ปทุมธานี,55.0,69.0,41.0,63.0,55.0,54.0,37.0,66.0,baania,2023-08-31
117,3519,BANG PHRIANG,บางเพรียง,3513,BANG BO,บางบ่อ,3498,Samut Prakan,สมุทรปราการ,54.0,65.0,48.0,48.0,51.0,55.0,48.0,52.0,baania,2023-08-31
143,20616,PHAYA THAI,พญาไท,3911,PHAYA THAI,พญาไท,3781,Bangkok,กรุงเทพมหานคร,76.0,72.0,70.0,96.0,82.0,73.0,69.0,96.0,baania,2023-08-31
242,3840,DAO KHANONG,ดาวคะนอง,3839,THON BURI,ธนบุรี,3781,Bangkok,กรุงเทพมหานคร,66.0,81.0,50.0,76.0,71.0,79.0,51.0,79.0,baania,2023-08-31
334,3636,RAHAENG,ระแหง,3630,LAT LUM KAEO,ลาดหลุมแก้ว,3599,Pathum Thani,ปทุมธานี,38.0,35.0,48.0,22.0,34.0,19.0,32.0,43.0,baania,2023-08-31
523,3883,BANG BAMRU,บางบำหรุ,3881,BANG PHLAT,บางพลัด,3781,Bangkok,กรุงเทพมหานคร,72.0,86.0,58.0,77.0,66.0,81.0,52.0,68.0,baania,2023-08-31
157,3380,BANG PHAI,บางไผ่,3373,MUEANG NONTHABURI,เมืองนนทบุรี,3372,Nonthaburi,นนทบุรี,55.0,79.0,28.0,74.0,58.0,71.0,11.0,83.0,baania,2023-08-31
462,1212,NONG FAEK,หนองแฝก,1200,SARAPHI,สารภี,1005,Chiang Mai,เชียงใหม่,35.0,47.0,30.0,27.0,38.0,56.0,29.0,33.0,baania,2023-08-31
339,3763,SALA YA,ศาลายา,3760,PHUTTHAMONTHON,พุทธมณฑล,3667,Nakhon Pathom,นครปฐม,69.0,74.0,56.0,92.0,75.0,72.0,55.0,91.0,baania,2023-08-31
199,3768,KHLONG MAI,คลองใหม่,3764,SAM PHRAN,สามพราน,3667,Nakhon Pathom,นครปฐม,54.0,61.0,48.0,55.0,58.0,63.0,55.0,57.0,baania,2023-08-31
225,3842,BANG YI RUEA,บางยี่เรือ,3839,THON BURI,ธนบุรี,3781,Bangkok,กรุงเทพมหานคร,65.0,80.0,49.0,72.0,72.0,76.0,51.0,83.0,baania,2023-08-31
443,3770,SONG KHANONG,ทรงคนอง,3764,SAM PHRAN,สามพราน,3667,Nakhon Pathom,นครปฐม,54.0,53.0,52.0,59.0,65.0,62.0,57.0,72.0,baania,2023-08-31
279,3629,LAM PHAK KUT,ลำผักกูด,3623,THANYABURI,ธัญบุรี,3599,Pathum Thani,ปทุมธานี,52.0,67.0,38.0,58.0,47.0,59.0,25.0,56.0,baania,2023-08-31
529,3813,SANAM BIN,สนามบิน,3811,DON MUEANG,ดอนเมือง,3781,Bangkok,กรุงเทพมหานคร,67.0,82.0,53.0,71.0,64.0,76.0,49.0,67.0,baania,2023-08-31
348,3658,BAN PATHUM,บ้านปทุม,3647,SAM KHOK,สามโคก,3599,Pathum Thani,ปทุมธานี,38.0,19.0,43.0,62.0,48.0,35.0,34.0,64.0,baania,2023-08-31
460,3958,LAT PHRAO,ลาดพร้าว,3957,LAT PHRAO,ลาดพร้าว,3781,Bangkok,กรุงเทพมหานคร,68.0,78.0,53.0,83.0,68.0,72.0,48.0,78.0,baania,2023-08-31
324,3616,KHLONG NUENG,คลองหนึ่ง,3615,KHLONG LUANG,คลองหลวง,3599,Pathum Thani,ปทุมธานี,51.0,51.0,39.0,77.0,55.0,44.0,34.0,74.0,baania,2023-08-31
101,3449,KRASAE BON,กระแสบน,3448,KLAENG,แกลง,3431,Rayong,ระยอง,32.0,27.0,35.0,35.0,33.0,30.0,28.0,38.0,baania,2023-08-31
466,3729,BANG KRABAO,บางกระเบา,3719,NAKHON CHAI SI,นครชัยศรี,3667,Nakhon Pathom,นครปฐม,74.0,80.0,75.0,62.0,54.0,61.0,63.0,44.0,baania,2023-08-31
51,3405,BANG RAK PHATTHANA,บางรักพัฒนา,3402,BANG BUA THONG,บางบัวทอง,3372,Nonthaburi,นนทบุรี,73.0,85.0,60.0,79.0,73.0,80.0,66.0,72.0,baania,2023-08-31
260,3849,BANG KHUN SI,บางขุนศรี,3847,BANGKOK NOI,บางกอกน้อย,3781,Bangkok,กรุงเทพมหานคร,68.0,86.0,50.0,75.0,65.0,79.0,47.0,68.0,baania,2023-08-31
295,1123,DON KAEO,ดอนแก้ว,1121,MAE RIM,แม่ริม,1005,Chiang Mai,เชียงใหม่,37.0,21.0,42.0,55.0,55.0,22.0,65.0,67.0,baania,2023-08-31
108,3980,YAN NAWA,ยานนาวา,3977,SATHON,สาทร,3781,Bangkok,กรุงเทพมหานคร,70.0,68.0,60.0,96.0,79.0,62.0,64.0,99.0,baania,2023-08-31
24,4701,BANG PHRA,บางพระ,4696,SI RACHA,ศรีราชา,4616,Chon Buri,ชลบุรี,51.0,37.0,53.0,70.0,56.0,21.0,53.0,77.0,baania,2023-08-31
517,3550,NA KLUEA,นาเกลือ,3549,PHRA SAMUT CHEDI,พระสมุทรเจดีย์,3498,Samut Prakan,สมุทรปราการ,44.0,65.0,19.0,61.0,42.0,63.0,10.0,53.0,baania,2023-08-31
246,3528,NONG PRUE,หนองปรือ,3522,BANG PHLI,บางพลี,3498,Samut Prakan,สมุทรปราการ,45.0,64.0,27.0,51.0,46.0,56.0,23.0,56.0,baania,2023-08-31
310,3490,MAENAM KHU,แม่น้ำคู้,3486,PLUAK DAENG,ปลวกแดง,3431,Rayong,ระยอง,47.0,62.0,45.0,26.0,33.0,48.0,23.0,31.0,baania,2023-08-31
326,3544,BANG YA PHRAEK,บางหญ้าแพรก,3533,PHRA PRADAENG,พระประแดง,3498,Samut Prakan,สมุทรปราการ,52.0,72.0,29.0,72.0,56.0,60.0,24.0,75.0,baania,2023-08-31
259,3379,BANG KHEN,บางเขน,3373,MUEANG NONTHABURI,เมืองนนทบุรี,3372,Nonthaburi,นนทบุรี,64.0,79.0,46.0,78.0,66.0,85.0,34.0,77.0,baania,2023-08-31
364,2634,MAI KHAO,ไม้ขาว,2630,THALANG,ถลาง,2616,Phuket,ภูเก็ต,29.0,35.0,24.0,33.0,28.0,28.0,21.0,32.0,baania,2023-08-31
285,1015,MAE HIA,แม่เหียะ,1006,MUEANG CHIANG MAI,เมืองเชียงใหม่,1005,Chiang Mai,เชียงใหม่,66.0,58.0,68.0,72.0,64.0,48.0,68.0,70.0,baania,2023-08-31
437,3475,BAN KHAI,บ้านค่าย,3474,BAN KHAI,บ้านค่าย,3431,Rayong,ระยอง,43.0,39.0,53.0,26.0,36.0,49.0,53.0,18.0,baania,2023-08-31
111,3571,BAN KO,บ้านเกาะ,3556,MUEANG SAMUT SAKHON,เมืองสมุทรสาคร,3555,Samut Sakhon,สมุทรสาคร,34.0,61.0,17.0,24.0,13.0,20.0,11.0,10.0,baania,2023-08-31
100,1219,SAN PHAK WAN,สันผักหวาน,1213,HANG DONG,หางดง,1005,Chiang Mai,เชียงใหม่,49.0,38.0,51.0,60.0,53.0,30.0,59.0,62.0,baania,2023-08-31
133,3902,PRAWET,ประเวศ,3901,PRAWET,ประเวศ,3781,Bangkok,กรุงเทพมหานคร,61.0,81.0,41.0,73.0,62.0,76.0,38.0,71.0,baania,2023-08-31
507,3903,DOKMAI,ดอกไม้,3901,PRAWET,ประเวศ,3781,Bangkok,กรุงเทพมหานคร,63.0,81.0,48.0,65.0,64.0,73.0,52.0,67.0,baania,2023-08-31
500,3794,BANG CHAN,บางชัน,3791,KHLONG SAM WA,คลองสามวา,3781,Bangkok,กรุงเทพมหานคร,58.0,85.0,35.0,61.0,56.0,81.0,27.0,61.0,baania,2023-08-31
534,3374,TALAT KHWAN,ตลาดขวัญ,3373,MUEANG NONTHABURI,เมืองนนทบุรี,3372,Nonthaburi,นนทบุรี,68.0,75.0,57.0,78.0,68.0,80.0,56.0,70.0,baania,2023-08-31
433,3393,BANG KRUAI,บางกรวย,3392,BANG KRUAI,บางกรวย,3372,Nonthaburi,นนทบุรี,50.0,84.0,10.0,82.0,58.0,68.0,6.0,87.0,baania,2023-08-31
357,3562,THA CHIN,ท่าจีน,3556,MUEANG SAMUT SAKHON,เมืองสมุทรสาคร,3555,Samut Sakhon,สมุทรสาคร,58.0,63.0,50.0,68.0,59.0,48.0,53.0,69.0,baania,2023-08-31
243,4664,PHAN THONG,พานทอง,4663,PHAN THONG,พานทอง,4616,Chon Buri,ชลบุรี,46.0,51.0,46.0,40.0,42.0,34.0,42.0,47.0,baania,2023-08-31
132,3790,SOMDET CHAOPHRAYA,สมเด็จเจ้าพระยา,3786,KHLONG SAN,คลองสาน,3781,Bangkok,กรุงเทพมหานคร,65.0,76.0,51.0,77.0,67.0,74.0,49.0,74.0,baania,2023-08-31
314,3844,WAT KANLAYA,วัดกัลยาณ์,3839,THON BURI,ธนบุรี,3781,Bangkok,กรุงเทพมหานคร,58.0,78.0,41.0,63.0,71.0,75.0,46.0,86.0,baania,2023-08-31
248,3784,KHLONG TAN,คลองตัน,3782,KHLONG TOEI,คลองเตย,3781,Bangkok,กรุงเทพมหานคร,71.0,51.0,75.0,98.0,78.0,51.0,75.0,96.0,baania,2023-08-31
59,3559,KHOK KRABUE,คอกกระบือ,3556,MUEANG SAMUT SAKHON,เมืองสมุทรสาคร,3555,Samut Sakhon,สมุทรสาคร,58.0,80.0,48.0,40.0,31.0,51.0,9.0,35.0,baania,2023-08-31
427,3906,POM PRAP,ป้อมปราบ,3905,POM PRAP SATTRU PHAI,ป้อมปราบศัตรูพ่าย,3781,Bangkok,กรุงเทพมหานคร,66.0,68.0,64.0,70.0,69.0,62.0,63.0,76.0,baania,2023-08-31
359,3656,BANG PHO NUEA,บางโพธิ์เหนือ,3647,SAM KHOK,สามโคก,3599,Pathum Thani,ปทุมธานี,56.0,48.0,56.0,67.0,48.0,32.0,39.0,63.0,baania,2023-08-31
91,3684,WANG TAKU,วังตะกู,3668,MUEANG NAKHON PATHOM,เมืองนครปฐม,3667,Nakhon Pathom,นครปฐม,68.0,68.0,85.0,32.0,58.0,56.0,72.0,50.0,baania,2023-08-31
481,3500,THAI BAN,ท้ายบ้าน,3499,MUEANG SAMUT PRAKAN,เมืองสมุทรปราการ,3498,Samut Prakan,สมุทรปราการ,72.0,81.0,76.0,45.0,51.0,41.0,67.0,46.0,baania,2023-08-31
18,3889,SI PHRAYA,สี่พระยา,3886,BANG RAK,บางรัก,3781,Bangkok,กรุงเทพมหานคร,72.0,65.0,66.0,98.0,79.0,61.0,68.0,97.0,baania,2023-08-31
477,1172,SAN KAMPHAENG,สันกำแพง,1164,SAN KAMPHAENG,สันกำแพง,1005,Chiang Mai,เชียงใหม่,44.0,48.0,42.0,41.0,43.0,29.0,55.0,44.0,baania,2023-08-31
506,4646,BANG LAMUNG,บางละมุง,4645,BANG LAMUNG,บางละมุง,4616,Chon Buri,ชลบุรี,52.0,65.0,42.0,52.0,36.0,25.0,35.0,42.0,baania,2023-08-31
369,1207,PA BONG,ป่าบง,1200,SARAPHI,สารภี,1005,Chiang Mai,เชียงใหม่,42.0,21.0,54.0,55.0,52.0,11.0,65.0,65.0,baania,2023-08-31
540,3807,CHOM THONG,จอมทอง,3806,CHOM THONG,จอมทอง,3781,Bangkok,กรุงเทพมหานคร,73.0,85.0,68.0,62.0,65.0,80.0,54.0,63.0,baania,2023-08-31
261,3574,MAHACHAI,มหาชัย,3556,MUEANG SAMUT SAKHON,เมืองสมุทรสาคร,3555,Samut Sakhon,สมุทรสาคร,68.0,86.0,52.0,73.0,67.0,69.0,38.0,85.0,baania,2023-08-31
40,3962,KHLONG CHAOKHUN SING,คลองเจ้าคุณสิงห์,3960,WANG THONGLANG,วังทองหลาง,3781,Bangkok,กรุงเทพมหานคร,65.0,77.0,48.0,85.0,68.0,77.0,41.0,81.0,baania,2023-08-31
468,3414,BANG LEN,บางเลน,3411,BANG YAI,บางใหญ่,3372,Nonthaburi,นนทบุรี,74.0,81.0,68.0,74.0,67.0,74.0,50.0,74.0,baania,2023-08-31
442,3841,TALAT PHLU,ตลาดพลู,3839,THON BURI,ธนบุรี,3781,Bangkok,กรุงเทพมหานคร,66.0,81.0,51.0,77.0,68.0,79.0,49.0,74.0,baania,2023-08-31
329,3681,PHRONG MADUEA,โพรงมะเดื่อ,3668,MUEANG NAKHON PATHOM,เมืองนครปฐม,3667,Nakhon Pathom,นครปฐม,50.0,58.0,49.0,39.0,41.0,50.0,37.0,38.0,baania,2023-08-31
48,3621,KHLONG HOK,คลองหก,3615,KHLONG LUANG,คลองหลวง,3599,Pathum Thani,ปทุมธานี,38.0,50.0,25.0,49.0,46.0,50.0,24.0,58.0,baania,2023-08-31
240,3882,BANG PHLAT,บางพลัด,3881,BANG PHLAT,บางพลัด,3781,Bangkok,กรุงเทพมหานคร,69.0,85.0,55.0,74.0,68.0,80.0,53.0,71.0,baania,2023-08-31
12,3992,KHLONG SIP SONG,คลองสิบสอง,3988,NONG CHOK,หนองจอก,3781,Bangkok,กรุงเทพมหานคร,55.0,89.0,42.0,24.0,40.0,79.0,31.0,25.0,baania,2023-08-31
57,3607,BANG PHUN,บางพูน,3600,MUEANG PATHUM THANI,เมืองปทุมธานี,3599,Pathum Thani,ปทุมธานี,50.0,66.0,30.0,64.0,47.0,51.0,31.0,57.0,baania,2023-08-31
33,3428,BAN MAI,บ้านใหม่,3418,PAK KRET,ปากเกร็ด,3372,Nonthaburi,นนทบุรี,64.0,66.0,58.0,76.0,66.0,74.0,56.0,69.0,baania,2023-08-31
139,1021,NONG HOI,หนองหอย,1006,MUEANG CHIANG MAI,เมืองเชียงใหม่,1005,Chiang Mai,เชียงใหม่,59.0,50.0,61.0,72.0,66.0,44.0,69.0,76.0,baania,2023-08-31
331,4647,KHAO MAI KAEO,เขาไม้แก้ว,4645,BANG LAMUNG,บางละมุง,4616,Chon Buri,ชลบุรี,28.0,24.0,33.0,25.0,27.0,19.0,25.0,32.0,baania,2023-08-31
508,3403,BANG KHU RAT,บางคูรัด,3402,BANG BUA THONG,บางบัวทอง,3372,Nonthaburi,นนทบุรี,59.0,88.0,39.0,52.0,67.0,87.0,55.0,65.0,baania,2023-08-31
392,2632,THEP KRASATTRI,เทพกระษัตรี,2630,THALANG,ถลาง,2616,Phuket,ภูเก็ต,35.0,37.0,30.0,45.0,38.0,28.0,28.0,51.0,baania,2023-08-31
21,1056,TALAT KHWAN,ตลาดขวัญ,1054,DOI SAKET,ดอยสะเก็ด,1005,Chiang Mai,เชียงใหม่,30.0,41.0,24.0,23.0,30.0,41.0,36.0,20.0,baania,2023-08-31
