CUSTOMER_ID,CHK_ACCT,DURATION,NEW_CAR,USED_CAR,FURNITURE,RADIO/TV,EDUCATION,RETRAINING,AMOUNT,SAV_ACCT,EMPLOYMENT,INSTALL_RATE,MALE_DIV,MALE_SINGLE,MALE_MAR_or_WID,CO-APPLICANT,GUARANTOR,PRESENT_RESIDENT,REAL_ESTATE,PROP_UNKN_NONE,AGE,OTHER_INSTALL,RENT,OWN_RES,NUM_CREDITS,JOB,NUM_DEPENDENTS,TELEPHONE,FOREIGN,RESPONSE
20130001,MEDIUM,48,NO,NO,NO,YES,NO,NO,5951,<100DM-500DM00DM,[1Year-4Years),2,NO,NO,NO,NO,NO,(1Year-2Years],YES,NO,22,NO,NO,YES,1,OFFICIAL,1,NO,NO,NO
20130002,LOW,24,YES,NO,NO,NO,NO,NO,4870,<100DM-500DM00DM,[1Year-4Years),3,NO,YES,NO,NO,NO,>=4Years,NO,YES,53,NO,NO,NO,2,OFFICIAL,2,NO,NO,NO
20130003,MEDIUM,30,YES,NO,NO,NO,NO,NO,5234,<100DM-500DM00DM,UNEMPLOYED,4,NO,NO,YES,NO,NO,(1Year-2Years],NO,NO,28,NO,NO,YES,2,MANAGEMENT,1,NO,NO,NO
20130004,MEDIUM,12,YES,NO,NO,NO,NO,NO,1295,<100DM-500DM00DM,<1Year,3,NO,NO,NO,NO,NO,<=1Year,NO,NO,25,NO,YES,NO,1,OFFICIAL,1,NO,NO,NO
20130005,LOW,48,NO,NO,NO,NO,NO,YES,4308,<100DM-500DM00DM,<1Year,3,NO,NO,NO,NO,NO,>=4Years,NO,NO,24,NO,YES,NO,1,OFFICIAL,1,NO,NO,NO
20130006,LOW,24,YES,NO,NO,NO,NO,NO,1199,<100DM-500DM00DM,>=7Years,4,NO,YES,NO,NO,NO,>=4Years,NO,NO,60,NO,NO,YES,2,RESIDENT,1,NO,NO,NO
20130007,LOW,24,NO,NO,NO,YES,NO,NO,1282,100DM-500DM,[1Year-4Years),4,NO,NO,NO,NO,NO,(1Year-2Years],NO,NO,32,NO,NO,YES,1,RESIDENT,1,NO,NO,NO
20130008,MEDIUM,24,NO,YES,NO,NO,NO,NO,12579,<100DM-500DM00DM,>=7Years,4,NO,NO,NO,NO,NO,(1Year-2Years],NO,YES,44,NO,NO,NO,1,MANAGEMENT,1,YES,NO,NO
20130009,LOW,60,NO,NO,NO,NO,NO,YES,6836,<100DM-500DM00DM,>=7Years,3,NO,YES,NO,NO,NO,>=4Years,NO,YES,63,NO,NO,YES,2,OFFICIAL,1,YES,NO,NO
20130010,MEDIUM,45,NO,NO,NO,YES,NO,NO,4746,<100DM-500DM00DM,<1Year,4,NO,YES,NO,NO,NO,(1Year-2Years],NO,NO,25,NO,NO,YES,2,RESIDENT,1,NO,NO,NO
20130011,HIGH,18,NO,NO,NO,YES,NO,NO,2100,<100DM-500DM00DM,[1Year-4Years),4,NO,YES,NO,YES,NO,(1Year-2Years],YES,NO,37,YES,NO,YES,1,OFFICIAL,1,NO,NO,NO
20130012,LOW,48,NO,YES,NO,NO,NO,NO,6143,<100DM-500DM00DM,>=7Years,4,NO,NO,NO,NO,NO,>=4Years,NO,YES,58,YES,NO,NO,2,RESIDENT,1,NO,NO,NO
20130013,MEDIUM,36,YES,NO,NO,NO,NO,NO,2225,<100DM-500DM00DM,>=7Years,4,NO,YES,NO,NO,NO,>=4Years,NO,YES,57,YES,NO,NO,2,OFFICIAL,1,YES,NO,NO
20130014,MEDIUM,12,NO,NO,NO,YES,NO,NO,6468,N/A,UNEMPLOYED,2,NO,YES,NO,NO,NO,<=1Year,NO,YES,52,NO,NO,YES,1,MANAGEMENT,1,YES,NO,NO
20130015,LOW,36,NO,NO,YES,NO,NO,NO,6229,<100DM-500DM00DM,<1Year,4,NO,NO,NO,YES,NO,>=4Years,NO,YES,23,NO,YES,NO,2,RESIDENT,1,YES,NO,NO
20130016,MEDIUM,36,NO,NO,NO,NO,NO,YES,1953,<100DM-500DM00DM,>=7Years,4,NO,YES,NO,NO,NO,>=4Years,NO,YES,61,NO,NO,NO,1,MANAGEMENT,1,YES,NO,NO
20130017,MEDIUM,48,NO,NO,NO,NO,NO,YES,14421,<100DM-500DM00DM,[1Year-4Years),2,NO,YES,NO,NO,NO,(1Year-2Years],NO,NO,25,NO,NO,YES,1,OFFICIAL,1,YES,NO,NO
20130018,NO_ACCOUNT,36,NO,NO,NO,NO,YES,NO,1819,<100DM-500DM00DM,[1Year-4Years),4,NO,YES,NO,NO,NO,>=4Years,NO,YES,37,YES,NO,NO,1,OFFICIAL,1,YES,NO,NO
20130019,LOW,36,NO,NO,NO,NO,YES,NO,1977,N/A,>=7Years,4,NO,YES,NO,NO,NO,>=4Years,NO,YES,40,NO,NO,YES,1,MANAGEMENT,1,YES,NO,NO
20130020,LOW,42,NO,NO,NO,YES,NO,NO,3965,<100DM-500DM00DM,<1Year,4,NO,YES,NO,NO,NO,(2Years-3Years],NO,NO,34,NO,NO,YES,1,OFFICIAL,1,NO,NO,NO
20130021,NO_ACCOUNT,24,NO,NO,NO,YES,NO,NO,5943,N/A,<1Year,1,NO,NO,NO,NO,NO,<=1Year,NO,NO,44,NO,NO,YES,2,OFFICIAL,1,YES,NO,NO
20130022,MEDIUM,36,NO,NO,NO,NO,YES,NO,12612,100DM-500DM,[1Year-4Years),1,NO,YES,NO,NO,NO,>=4Years,NO,YES,47,NO,NO,NO,1,OFFICIAL,2,YES,NO,NO
20130023,LOW,12,NO,NO,NO,NO,NO,NO,1108,<100DM-500DM00DM,[4Years-7Years),4,NO,YES,NO,NO,NO,(2Years-3Years],YES,NO,28,NO,NO,YES,2,OFFICIAL,1,NO,NO,NO
20130024,NO_ACCOUNT,12,NO,NO,NO,YES,NO,NO,797,N/A,>=7Years,4,NO,NO,NO,NO,NO,(2Years-3Years],NO,NO,33,YES,NO,YES,1,RESIDENT,2,NO,NO,NO
20130025,MEDIUM,54,NO,NO,NO,NO,NO,YES,15945,<100DM-500DM00DM,<1Year,3,NO,YES,NO,NO,NO,>=4Years,NO,YES,58,NO,YES,NO,1,OFFICIAL,1,YES,NO,NO
20130026,MEDIUM,24,NO,NO,NO,NO,NO,NO,11938,<100DM-500DM00DM,[1Year-4Years),2,NO,YES,NO,YES,NO,(2Years-3Years],NO,NO,39,NO,NO,YES,2,MANAGEMENT,2,YES,NO,NO
20130027,NO_ACCOUNT,18,YES,NO,NO,NO,NO,NO,6458,<100DM-500DM00DM,>=7Years,2,NO,YES,NO,NO,NO,>=4Years,NO,YES,39,YES,NO,YES,2,MANAGEMENT,2,YES,NO,NO
20130028,NO_ACCOUNT,36,YES,NO,NO,NO,NO,NO,7855,<100DM-500DM00DM,[1Year-4Years),4,NO,NO,NO,NO,NO,(1Year-2Years],YES,NO,25,YES,NO,YES,2,OFFICIAL,1,YES,NO,NO
20130029,LOW,42,NO,NO,NO,YES,NO,NO,7174,N/A,[4Years-7Years),4,NO,NO,NO,NO,NO,(2Years-3Years],NO,NO,30,NO,NO,YES,1,MANAGEMENT,1,YES,NO,NO
20130030,LOW,33,NO,NO,YES,NO,NO,NO,4281,500DM-1000DM,[1Year-4Years),1,NO,NO,NO,NO,NO,>=4Years,NO,NO,23,NO,NO,YES,2,OFFICIAL,1,NO,NO,NO
20130031,LOW,21,NO,NO,NO,YES,NO,NO,1835,<100DM-500DM00DM,[1Year-4Years),3,NO,NO,NO,NO,NO,(1Year-2Years],YES,NO,25,NO,NO,YES,2,OFFICIAL,1,YES,NO,NO
20130032,MEDIUM,18,NO,NO,YES,NO,NO,NO,1924,N/A,<1Year,4,NO,NO,NO,NO,NO,(2Years-3Years],YES,NO,27,NO,YES,NO,1,OFFICIAL,1,NO,NO,NO
20130033,MEDIUM,12,NO,NO,NO,NO,NO,NO,639,<100DM-500DM00DM,[1Year-4Years),4,NO,YES,NO,NO,NO,(1Year-2Years],NO,NO,30,NO,NO,YES,1,OFFICIAL,1,NO,NO,NO
20130034,LOW,12,YES,NO,NO,NO,NO,NO,3499,<100DM-500DM00DM,[1Year-4Years),3,NO,NO,NO,YES,NO,(1Year-2Years],YES,NO,29,NO,NO,YES,2,OFFICIAL,1,NO,NO,NO
20130035,LOW,36,NO,NO,NO,NO,YES,NO,6887,<100DM-500DM00DM,[1Year-4Years),4,NO,YES,NO,NO,NO,(2Years-3Years],NO,NO,29,YES,NO,YES,1,OFFICIAL,1,YES,NO,NO
20130036,MEDIUM,12,NO,NO,NO,YES,NO,NO,766,500DM-1000DM,[1Year-4Years),4,NO,YES,NO,NO,NO,(2Years-3Years],YES,NO,66,NO,NO,YES,1,RESIDENT,1,NO,NO,NO
20130037,LOW,18,NO,NO,YES,NO,NO,NO,2462,<100DM-500DM00DM,[1Year-4Years),2,NO,YES,NO,NO,NO,(1Year-2Years],NO,NO,22,NO,NO,YES,1,OFFICIAL,1,NO,NO,NO
20130038,LOW,12,NO,NO,YES,NO,NO,NO,1282,<100DM-500DM00DM,[1Year-4Years),2,NO,NO,NO,NO,NO,>=4Years,NO,NO,20,NO,YES,NO,1,OFFICIAL,1,NO,NO,NO
20130039,LOW,18,NO,NO,YES,NO,NO,NO,1131,<100DM-500DM00DM,UNEMPLOYED,4,NO,NO,NO,NO,NO,(1Year-2Years],NO,NO,33,NO,NO,YES,1,OFFICIAL,1,NO,NO,NO
20130040,MEDIUM,24,NO,NO,NO,NO,NO,YES,1935,<100DM-500DM00DM,>=7Years,4,YES,NO,NO,NO,NO,>=4Years,YES,NO,31,NO,NO,YES,2,OFFICIAL,1,YES,NO,NO
20130041,LOW,15,YES,NO,NO,NO,NO,NO,950,<100DM-500DM00DM,>=7Years,4,NO,YES,NO,NO,NO,(2Years-3Years],NO,NO,33,NO,YES,NO,2,OFFICIAL,2,NO,NO,NO
20130042,MEDIUM,24,NO,NO,YES,NO,NO,NO,2064,<100DM-500DM00DM,UNEMPLOYED,3,NO,NO,NO,NO,NO,(1Year-2Years],NO,NO,34,NO,NO,YES,1,MANAGEMENT,1,YES,NO,NO
20130043,LOW,21,NO,NO,NO,NO,YES,NO,3414,<100DM-500DM00DM,<1Year,2,NO,YES,NO,NO,NO,<=1Year,NO,NO,26,NO,NO,YES,2,OFFICIAL,1,NO,NO,NO
20130044,NO_ACCOUNT,30,NO,YES,NO,NO,NO,NO,7485,N/A,UNEMPLOYED,4,NO,NO,NO,NO,NO,<=1Year,YES,NO,53,YES,NO,YES,1,MANAGEMENT,1,YES,NO,NO
20130045,NO_ACCOUNT,36,NO,NO,NO,NO,NO,YES,9572,<100DM-500DM00DM,<1Year,1,YES,NO,NO,NO,NO,<=1Year,NO,NO,28,NO,NO,YES,2,OFFICIAL,1,NO,NO,NO
20130046,MEDIUM,36,NO,NO,NO,NO,NO,YES,4455,<100DM-500DM00DM,[1Year-4Years),2,YES,NO,NO,NO,NO,(1Year-2Years],YES,NO,30,YES,NO,YES,2,MANAGEMENT,1,YES,NO,NO
20130047,LOW,21,YES,NO,NO,NO,NO,NO,1647,N/A,[1Year-4Years),4,NO,YES,NO,NO,NO,(1Year-2Years],NO,NO,40,NO,NO,YES,2,RESIDENT,2,NO,NO,NO
20130048,MEDIUM,18,YES,NO,NO,NO,NO,NO,884,<100DM-500DM00DM,>=7Years,4,NO,YES,NO,NO,NO,>=4Years,NO,NO,36,YES,NO,YES,1,OFFICIAL,2,YES,NO,NO
20130049,MEDIUM,9,NO,YES,NO,NO,NO,NO,5129,<100DM-500DM00DM,>=7Years,2,NO,NO,NO,NO,NO,>=4Years,NO,YES,74,YES,NO,NO,1,MANAGEMENT,2,YES,NO,NO
20130050,LOW,12,NO,NO,NO,YES,NO,NO,674,100DM-500DM,[4Years-7Years),4,NO,NO,YES,NO,NO,<=1Year,NO,NO,20,NO,NO,YES,1,OFFICIAL,1,NO,NO,NO
20130051,NO_ACCOUNT,24,NO,NO,NO,NO,NO,YES,4591,>=1000DM,[1Year-4Years),2,NO,YES,NO,NO,NO,(2Years-3Years],NO,NO,54,NO,NO,YES,3,MANAGEMENT,1,YES,NO,NO
20130052,MEDIUM,48,NO,NO,NO,NO,NO,YES,3844,100DM-500DM,[4Years-7Years),4,NO,YES,NO,NO,NO,>=4Years,NO,YES,34,NO,NO,NO,1,RESIDENT,2,NO,NO,NO
20130053,MEDIUM,27,NO,NO,NO,NO,NO,YES,3915,<100DM-500DM00DM,[1Year-4Years),4,NO,YES,NO,NO,NO,(1Year-2Years],NO,NO,36,NO,NO,YES,1,OFFICIAL,2,YES,NO,NO
20130054,MEDIUM,45,NO,NO,NO,YES,NO,NO,3031,100DM-500DM,[1Year-4Years),4,NO,YES,NO,NO,YES,>=4Years,NO,NO,21,NO,YES,NO,1,OFFICIAL,1,NO,NO,NO
20130055,MEDIUM,9,NO,NO,NO,NO,YES,NO,1501,<100DM-500DM00DM,>=7Years,2,NO,NO,NO,NO,NO,(2Years-3Years],NO,NO,34,NO,NO,YES,2,MANAGEMENT,1,YES,NO,NO
20130056,MEDIUM,12,NO,NO,YES,NO,NO,NO,951,100DM-500DM,<1Year,4,NO,NO,NO,NO,NO,>=4Years,NO,NO,27,YES,YES,NO,4,OFFICIAL,1,NO,NO,NO
20130057,MEDIUM,18,NO,NO,YES,NO,NO,NO,4297,<100DM-500DM00DM,>=7Years,4,YES,NO,NO,NO,NO,(2Years-3Years],NO,YES,40,NO,NO,YES,1,MANAGEMENT,1,YES,NO,NO
20130058,LOW,12,NO,NO,NO,NO,NO,NO,902,<100DM-500DM00DM,[4Years-7Years),4,NO,NO,YES,NO,NO,>=4Years,NO,NO,21,NO,YES,NO,1,OFFICIAL,1,NO,NO,NO
20130059,LOW,27,NO,NO,NO,NO,NO,YES,5293,<100DM-500DM00DM,UNEMPLOYED,2,NO,YES,NO,NO,NO,>=4Years,NO,NO,50,YES,NO,YES,2,OFFICIAL,1,YES,NO,NO
20130060,HIGH,30,NO,NO,NO,NO,NO,YES,1908,<100DM-500DM00DM,>=7Years,4,NO,YES,NO,NO,NO,>=4Years,YES,NO,66,NO,NO,YES,1,MANAGEMENT,1,YES,NO,NO
20130061,MEDIUM,48,NO,NO,NO,YES,NO,NO,10961,>=1000DM,[4Years-7Years),1,NO,YES,NO,YES,NO,(1Year-2Years],NO,YES,27,YES,NO,YES,2,OFFICIAL,1,YES,NO,NO
20130062,LOW,12,NO,NO,YES,NO,NO,NO,7865,<100DM-500DM00DM,>=7Years,4,NO,YES,NO,NO,NO,>=4Years,NO,YES,53,NO,NO,NO,1,MANAGEMENT,1,YES,NO,NO
20130063,NO_ACCOUNT,9,NO,NO,NO,YES,NO,NO,1478,<100DM-500DM00DM,[4Years-7Years),4,NO,YES,NO,NO,NO,(1Year-2Years],NO,NO,22,NO,NO,YES,1,OFFICIAL,1,NO,NO,NO
20130064,HIGH,36,NO,NO,NO,YES,NO,NO,4210,<100DM-500DM00DM,[1Year-4Years),4,NO,YES,NO,NO,NO,(1Year-2Years],NO,NO,26,NO,NO,YES,1,OFFICIAL,1,NO,NO,NO
20130065,LOW,24,NO,NO,NO,YES,NO,NO,1823,<100DM-500DM00DM,UNEMPLOYED,4,NO,YES,NO,NO,NO,(1Year-2Years],NO,NO,30,YES,NO,YES,1,MANAGEMENT,2,NO,NO,NO
20130066,MEDIUM,6,YES,NO,NO,NO,NO,NO,14555,N/A,UNEMPLOYED,1,NO,YES,NO,NO,NO,(1Year-2Years],NO,NO,23,NO,NO,YES,1,UNEMPLOYED,1,YES,NO,NO
20130067,MEDIUM,21,NO,NO,NO,NO,NO,YES,2767,100DM-500DM,>=7Years,4,YES,NO,NO,NO,NO,(1Year-2Years],NO,NO,61,YES,YES,NO,2,RESIDENT,1,NO,NO,NO
20130068,LOW,24,YES,NO,NO,NO,NO,NO,915,N/A,>=7Years,4,NO,NO,NO,NO,NO,(1Year-2Years],NO,NO,29,YES,NO,YES,1,OFFICIAL,1,NO,NO,NO
20130069,LOW,48,NO,YES,NO,NO,NO,NO,4605,<100DM-500DM00DM,>=7Years,3,NO,YES,NO,NO,NO,>=4Years,NO,YES,24,NO,NO,NO,2,OFFICIAL,2,NO,NO,NO
20130070,NO_ACCOUNT,18,NO,NO,NO,YES,NO,NO,433,<100DM-500DM00DM,UNEMPLOYED,3,NO,NO,NO,YES,NO,>=4Years,YES,NO,22,NO,YES,NO,1,OFFICIAL,1,NO,NO,NO
20130071,MEDIUM,30,YES,NO,NO,NO,NO,NO,2150,<100DM-500DM00DM,[1Year-4Years),4,NO,NO,NO,NO,YES,(1Year-2Years],NO,YES,24,YES,NO,YES,1,OFFICIAL,1,NO,NO,NO
20130072,LOW,12,NO,NO,NO,YES,NO,NO,2149,<100DM-500DM00DM,[1Year-4Years),4,YES,NO,NO,NO,NO,<=1Year,NO,YES,29,NO,NO,NO,1,OFFICIAL,1,NO,NO,NO
20130073,MEDIUM,15,NO,NO,NO,YES,NO,NO,802,<100DM-500DM00DM,>=7Years,4,NO,YES,NO,NO,NO,(2Years-3Years],NO,NO,37,NO,NO,YES,1,OFFICIAL,2,NO,NO,NO
20130074,LOW,14,YES,NO,NO,NO,NO,NO,8978,<100DM-500DM00DM,>=7Years,1,YES,NO,NO,NO,NO,>=4Years,NO,NO,45,NO,NO,YES,1,MANAGEMENT,1,YES,YES,NO
20130075,MEDIUM,48,NO,NO,NO,YES,NO,NO,3060,<100DM-500DM00DM,[4Years-7Years),4,NO,YES,NO,NO,NO,>=4Years,YES,NO,28,NO,NO,YES,2,OFFICIAL,1,NO,NO,NO
20130076,LOW,30,NO,NO,NO,NO,NO,NO,11998,<100DM-500DM00DM,<1Year,1,YES,NO,NO,NO,NO,<=1Year,NO,YES,34,NO,NO,YES,1,RESIDENT,1,YES,NO,NO
20130077,NO_ACCOUNT,6,NO,NO,YES,NO,NO,NO,4611,<100DM-500DM00DM,<1Year,1,NO,NO,NO,NO,NO,>=4Years,NO,NO,32,NO,NO,YES,1,OFFICIAL,1,NO,NO,NO
20130078,LOW,24,NO,NO,NO,YES,NO,NO,1024,<100DM-500DM00DM,<1Year,4,NO,NO,YES,NO,NO,>=4Years,YES,NO,48,YES,NO,YES,1,OFFICIAL,1,NO,NO,NO
20130079,MEDIUM,36,NO,YES,NO,NO,NO,NO,9398,<100DM-500DM00DM,<1Year,1,NO,NO,YES,NO,NO,>=4Years,NO,NO,28,NO,YES,NO,1,MANAGEMENT,1,YES,NO,NO
20130080,MEDIUM,48,NO,NO,YES,NO,NO,NO,9960,<100DM-500DM00DM,<1Year,1,NO,NO,NO,NO,NO,(1Year-2Years],NO,NO,26,NO,NO,YES,1,OFFICIAL,1,YES,NO,NO
20130081,MEDIUM,36,NO,NO,NO,YES,NO,NO,3804,<100DM-500DM00DM,[1Year-4Years),4,NO,NO,NO,NO,NO,<=1Year,NO,NO,42,NO,NO,YES,1,OFFICIAL,1,YES,NO,NO
20130082,HIGH,24,YES,NO,NO,NO,NO,NO,1344,N/A,[4Years-7Years),4,NO,YES,NO,NO,NO,(1Year-2Years],YES,NO,37,YES,NO,YES,2,RESIDENT,2,NO,NO,NO
20130083,NO_ACCOUNT,48,YES,NO,NO,NO,NO,NO,10127,500DM-1000DM,[1Year-4Years),2,NO,YES,NO,NO,NO,(1Year-2Years],NO,YES,44,YES,NO,NO,1,OFFICIAL,1,NO,NO,NO
20130084,LOW,12,NO,NO,NO,YES,NO,NO,727,100DM-500DM,<1Year,4,NO,NO,YES,NO,NO,(2Years-3Years],NO,YES,33,NO,NO,YES,1,RESIDENT,1,YES,NO,NO
20130085,MEDIUM,8,NO,NO,YES,NO,NO,NO,1237,<100DM-500DM00DM,[1Year-4Years),3,NO,NO,NO,NO,NO,>=4Years,YES,NO,24,NO,NO,YES,1,OFFICIAL,1,NO,NO,NO
20130086,MEDIUM,12,YES,NO,NO,NO,NO,NO,685,<100DM-500DM00DM,[4Years-7Years),2,NO,NO,YES,NO,NO,(2Years-3Years],NO,NO,25,YES,NO,YES,1,RESIDENT,1,NO,NO,NO
20130087,LOW,36,NO,NO,YES,NO,NO,NO,2746,<100DM-500DM00DM,>=7Years,4,NO,YES,NO,NO,NO,>=4Years,NO,NO,31,YES,NO,YES,1,OFFICIAL,1,NO,NO,NO
20130088,MEDIUM,30,YES,NO,NO,NO,NO,NO,4249,<100DM-500DM00DM,UNEMPLOYED,4,NO,NO,YES,NO,NO,(1Year-2Years],NO,NO,28,NO,NO,YES,2,MANAGEMENT,1,NO,NO,NO
20130089,LOW,24,NO,NO,NO,YES,NO,NO,1938,<100DM-500DM00DM,<1Year,4,YES,NO,NO,NO,NO,(2Years-3Years],NO,NO,32,NO,NO,YES,1,OFFICIAL,1,NO,NO,NO
20130090,NO_ACCOUNT,18,NO,NO,NO,NO,YES,NO,1864,100DM-500DM,[1Year-4Years),4,NO,NO,NO,NO,NO,(1Year-2Years],YES,NO,30,NO,NO,YES,2,OFFICIAL,1,NO,NO,NO
20130091,MEDIUM,60,YES,NO,NO,NO,NO,NO,7408,100DM-500DM,<1Year,4,NO,NO,NO,NO,NO,(1Year-2Years],NO,NO,24,NO,NO,YES,1,MANAGEMENT,1,NO,NO,NO
20130092,NO_ACCOUNT,48,NO,YES,NO,NO,NO,NO,11590,100DM-500DM,[1Year-4Years),2,NO,NO,NO,NO,NO,>=4Years,NO,NO,24,YES,YES,NO,2,RESIDENT,1,NO,NO,NO
20130093,LOW,24,NO,NO,YES,NO,NO,NO,4110,<100DM-500DM00DM,>=7Years,3,NO,YES,NO,NO,NO,>=4Years,NO,YES,23,YES,YES,NO,2,OFFICIAL,2,NO,NO,NO
20130094,LOW,6,NO,NO,YES,NO,NO,NO,3384,<100DM-500DM00DM,[1Year-4Years),1,YES,NO,NO,NO,NO,>=4Years,YES,NO,44,NO,YES,NO,1,MANAGEMENT,1,YES,NO,NO
20130095,LOW,15,NO,NO,NO,NO,NO,NO,1275,N/A,[1Year-4Years),4,NO,NO,NO,NO,NO,(1Year-2Years],NO,NO,24,NO,YES,NO,1,OFFICIAL,1,NO,NO,NO
20130096,MEDIUM,9,NO,NO,NO,NO,YES,NO,1136,>=1000DM,>=7Years,4,NO,YES,NO,NO,NO,(2Years-3Years],NO,YES,32,NO,NO,NO,2,OFFICIAL,2,NO,NO,NO
20130097,MEDIUM,9,NO,NO,YES,NO,NO,NO,959,<100DM-500DM00DM,[1Year-4Years),1,NO,NO,NO,NO,NO,(1Year-2Years],NO,NO,29,NO,NO,YES,1,OFFICIAL,1,NO,YES,NO
20130098,LOW,12,NO,NO,NO,YES,NO,NO,6199,<100DM-500DM00DM,[1Year-4Years),4,NO,YES,NO,NO,NO,(1Year-2Years],NO,NO,28,NO,YES,NO,2,OFFICIAL,1,YES,NO,NO
20130099,MEDIUM,24,YES,NO,NO,NO,NO,NO,1246,<100DM-500DM00DM,<1Year,4,NO,YES,NO,NO,NO,(1Year-2Years],YES,NO,23,YES,NO,YES,1,RESIDENT,1,NO,NO,NO
20130100,NO_ACCOUNT,36,NO,NO,NO,YES,NO,NO,4463,<100DM-500DM00DM,[1Year-4Years),4,NO,YES,NO,NO,NO,(1Year-2Years],NO,NO,26,NO,NO,YES,2,MANAGEMENT,1,YES,NO,NO
20130101,LOW,30,NO,NO,YES,NO,NO,NO,2406,<100DM-500DM00DM,[4Years-7Years),4,NO,NO,NO,NO,NO,>=4Years,YES,NO,23,NO,YES,NO,1,OFFICIAL,1,NO,NO,NO
20130102,LOW,18,NO,NO,YES,NO,NO,NO,2473,<100DM-500DM00DM,UNEMPLOYED,4,NO,YES,NO,NO,NO,<=1Year,NO,NO,25,NO,NO,YES,1,UNEMPLOYED,1,NO,NO,NO
20130103,LOW,36,NO,NO,YES,NO,NO,NO,3446,<100DM-500DM00DM,>=7Years,4,NO,YES,NO,NO,NO,(1Year-2Years],NO,NO,42,NO,NO,YES,1,OFFICIAL,2,NO,NO,NO
20130104,MEDIUM,60,NO,NO,NO,NO,NO,NO,14782,100DM-500DM,>=7Years,3,NO,NO,NO,NO,NO,>=4Years,NO,YES,60,YES,NO,NO,2,MANAGEMENT,1,YES,NO,NO
20130105,LOW,48,NO,NO,NO,NO,NO,YES,7685,<100DM-500DM00DM,[4Years-7Years),2,NO,NO,NO,NO,YES,>=4Years,NO,NO,37,NO,YES,NO,1,OFFICIAL,1,NO,NO,NO
20130106,MEDIUM,36,YES,NO,NO,NO,NO,NO,14318,<100DM-500DM00DM,>=7Years,4,NO,YES,NO,NO,NO,(1Year-2Years],NO,YES,57,NO,NO,NO,1,MANAGEMENT,1,YES,NO,NO
20130107,MEDIUM,18,NO,YES,NO,NO,NO,NO,12976,<100DM-500DM00DM,UNEMPLOYED,3,NO,NO,NO,NO,NO,>=4Years,NO,YES,38,NO,NO,NO,1,MANAGEMENT,1,YES,NO,NO
20130108,MEDIUM,12,YES,NO,NO,NO,NO,NO,1223,<100DM-500DM00DM,>=7Years,1,YES,NO,NO,NO,NO,<=1Year,YES,NO,46,NO,YES,NO,2,OFFICIAL,1,NO,NO,NO
20130109,NO_ACCOUNT,24,NO,NO,NO,NO,NO,YES,8648,<100DM-500DM00DM,<1Year,2,NO,YES,NO,NO,NO,(1Year-2Years],NO,NO,27,YES,NO,YES,2,OFFICIAL,1,YES,NO,NO
20130110,MEDIUM,24,NO,NO,NO,YES,NO,NO,2039,<100DM-500DM00DM,<1Year,1,NO,NO,YES,NO,NO,<=1Year,NO,NO,22,NO,NO,YES,1,OFFICIAL,1,YES,NO,NO
20130111,HIGH,12,YES,NO,NO,NO,NO,NO,939,500DM-1000DM,[4Years-7Years),4,NO,NO,YES,NO,NO,(1Year-2Years],YES,NO,28,NO,NO,YES,3,OFFICIAL,1,YES,NO,NO
20130112,NO_ACCOUNT,12,NO,NO,NO,NO,NO,YES,2292,<100DM-500DM00DM,UNEMPLOYED,4,NO,YES,NO,NO,NO,(1Year-2Years],NO,NO,42,YES,NO,YES,2,MANAGEMENT,1,YES,NO,NO
20130113,LOW,24,YES,NO,NO,NO,NO,NO,1381,N/A,[1Year-4Years),4,NO,NO,NO,NO,NO,(1Year-2Years],NO,NO,35,NO,NO,YES,1,OFFICIAL,1,NO,NO,NO
20130114,LOW,12,YES,NO,NO,NO,NO,NO,2579,<100DM-500DM00DM,<1Year,4,NO,YES,NO,NO,NO,<=1Year,YES,NO,33,NO,NO,YES,1,RESIDENT,2,NO,NO,NO
20130115,MEDIUM,18,YES,NO,NO,NO,NO,NO,1042,N/A,[1Year-4Years),4,NO,NO,NO,NO,NO,(1Year-2Years],NO,NO,33,NO,NO,YES,1,OFFICIAL,1,NO,NO,NO
20130116,MEDIUM,12,NO,NO,YES,NO,NO,NO,2762,N/A,>=7Years,1,NO,NO,NO,NO,NO,(1Year-2Years],NO,NO,25,YES,NO,YES,1,OFFICIAL,1,YES,NO,NO
20130117,LOW,18,NO,NO,NO,NO,NO,NO,1190,<100DM-500DM00DM,UNEMPLOYED,2,NO,NO,NO,NO,NO,>=4Years,NO,YES,55,NO,NO,NO,3,UNEMPLOYED,2,NO,NO,NO
20130118,MEDIUM,24,NO,NO,NO,NO,NO,NO,11328,<100DM-500DM00DM,[1Year-4Years),2,NO,YES,NO,YES,NO,(2Years-3Years],NO,NO,29,YES,NO,YES,2,MANAGEMENT,1,YES,NO,NO
20130119,MEDIUM,12,NO,NO,NO,YES,NO,NO,1484,N/A,[1Year-4Years),2,NO,NO,YES,NO,NO,<=1Year,YES,NO,25,NO,NO,YES,1,OFFICIAL,1,YES,NO,NO
20130120,HIGH,12,NO,NO,NO,NO,NO,YES,609,<100DM-500DM00DM,<1Year,4,NO,NO,NO,NO,NO,<=1Year,YES,NO,26,NO,NO,YES,1,UNEMPLOYED,1,NO,NO,NO
20130121,NO_ACCOUNT,12,NO,NO,NO,NO,YES,NO,719,<100DM-500DM00DM,>=7Years,4,NO,YES,NO,NO,NO,>=4Years,NO,NO,41,YES,NO,YES,1,RESIDENT,2,NO,NO,NO
20130122,MEDIUM,48,NO,NO,YES,NO,NO,NO,5096,<100DM-500DM00DM,[1Year-4Years),2,NO,NO,NO,NO,NO,(2Years-3Years],NO,NO,30,NO,NO,YES,1,MANAGEMENT,1,YES,NO,NO
20130123,LOW,36,YES,NO,NO,NO,NO,NO,1842,<100DM-500DM00DM,<1Year,4,NO,NO,NO,NO,NO,>=4Years,NO,NO,34,NO,NO,YES,1,OFFICIAL,1,YES,NO,NO
20130124,MEDIUM,15,NO,NO,NO,NO,NO,NO,1512,>=1000DM,[1Year-4Years),3,NO,NO,YES,NO,NO,(2Years-3Years],NO,NO,61,YES,NO,YES,2,OFFICIAL,1,NO,NO,NO
20130125,LOW,24,YES,NO,NO,NO,NO,NO,4817,<100DM-500DM00DM,[4Years-7Years),2,NO,YES,NO,YES,NO,(2Years-3Years],NO,NO,31,NO,NO,YES,1,OFFICIAL,1,YES,NO,NO
20130126,LOW,12,NO,YES,NO,NO,NO,NO,3386,<100DM-500DM00DM,>=7Years,3,NO,YES,NO,NO,NO,>=4Years,NO,YES,35,NO,NO,NO,1,OFFICIAL,1,YES,NO,NO
20130127,LOW,24,NO,NO,NO,YES,NO,NO,1659,<100DM-500DM00DM,<1Year,4,NO,NO,NO,NO,NO,(1Year-2Years],NO,NO,29,NO,YES,NO,1,RESIDENT,1,YES,NO,NO
20130128,MEDIUM,24,NO,NO,NO,YES,NO,NO,3092,100DM-500DM,<1Year,3,NO,NO,YES,NO,NO,(1Year-2Years],NO,NO,22,NO,YES,NO,1,OFFICIAL,1,YES,NO,NO
20130129,LOW,6,NO,NO,NO,NO,YES,NO,448,<100DM-500DM00DM,<1Year,4,NO,NO,NO,NO,NO,>=4Years,NO,NO,23,NO,NO,YES,1,OFFICIAL,1,NO,NO,NO
20130130,LOW,9,YES,NO,NO,NO,NO,NO,654,<100DM-500DM00DM,[1Year-4Years),4,NO,YES,NO,NO,NO,(2Years-3Years],NO,NO,28,NO,NO,YES,1,RESIDENT,1,NO,NO,NO
20130131,MEDIUM,18,NO,NO,NO,YES,NO,NO,1245,<100DM-500DM00DM,[1Year-4Years),4,NO,NO,YES,NO,NO,(1Year-2Years],NO,NO,33,NO,NO,YES,1,OFFICIAL,1,NO,NO,NO
20130132,LOW,18,NO,NO,YES,NO,NO,NO,3114,<100DM-500DM00DM,<1Year,1,NO,NO,NO,NO,NO,>=4Years,NO,NO,26,NO,YES,NO,1,OFFICIAL,1,NO,NO,NO
20130133,MEDIUM,6,YES,NO,NO,NO,NO,NO,1209,<100DM-500DM00DM,UNEMPLOYED,4,NO,YES,NO,NO,NO,>=4Years,NO,NO,47,NO,NO,YES,1,MANAGEMENT,1,YES,NO,NO
20130134,MEDIUM,27,NO,NO,NO,NO,NO,YES,8318,<100DM-500DM00DM,>=7Years,2,NO,NO,NO,NO,NO,>=4Years,NO,YES,42,NO,NO,NO,2,MANAGEMENT,1,YES,NO,NO
20130135,LOW,24,NO,NO,YES,NO,NO,NO,2996,N/A,[1Year-4Years),2,NO,NO,YES,NO,NO,>=4Years,NO,NO,20,NO,NO,YES,1,OFFICIAL,1,NO,NO,NO
20130136,MEDIUM,36,NO,NO,YES,NO,NO,NO,9034,100DM-500DM,<1Year,4,NO,YES,NO,YES,NO,<=1Year,NO,YES,29,NO,YES,NO,1,MANAGEMENT,1,YES,NO,NO
20130137,LOW,24,YES,NO,NO,NO,NO,NO,3123,<100DM-500DM00DM,<1Year,4,NO,NO,NO,NO,NO,<=1Year,NO,NO,27,NO,NO,YES,1,OFFICIAL,1,NO,NO,NO
20130138,MEDIUM,24,NO,NO,NO,YES,NO,NO,1216,100DM-500DM,<1Year,4,NO,YES,NO,NO,NO,>=4Years,NO,YES,38,YES,NO,YES,2,OFFICIAL,2,NO,NO,NO
20130139,LOW,24,YES,NO,NO,NO,NO,NO,1207,<100DM-500DM00DM,<1Year,4,NO,NO,NO,NO,NO,>=4Years,NO,NO,24,NO,YES,NO,1,OFFICIAL,1,NO,NO,NO
20130140,NO_ACCOUNT,10,YES,NO,NO,NO,NO,NO,1309,N/A,[1Year-4Years),4,NO,YES,NO,NO,YES,>=4Years,NO,NO,27,NO,NO,YES,1,RESIDENT,1,NO,NO,NO
20130141,MEDIUM,15,YES,NO,NO,NO,NO,NO,6850,100DM-500DM,UNEMPLOYED,1,NO,YES,NO,NO,NO,(1Year-2Years],NO,NO,34,NO,NO,YES,1,MANAGEMENT,2,YES,NO,NO
20130142,LOW,12,YES,NO,NO,NO,NO,NO,759,<100DM-500DM00DM,[4Years-7Years),4,NO,YES,NO,NO,NO,(1Year-2Years],YES,NO,26,NO,NO,YES,1,OFFICIAL,1,NO,NO,NO
20130143,NO_ACCOUNT,36,NO,NO,YES,NO,NO,NO,7127,<100DM-500DM00DM,<1Year,2,NO,NO,NO,NO,NO,>=4Years,NO,NO,23,NO,YES,NO,2,OFFICIAL,1,YES,NO,NO
20130144,LOW,18,NO,NO,NO,YES,NO,NO,3190,<100DM-500DM00DM,[1Year-4Years),2,NO,NO,NO,NO,NO,(1Year-2Years],YES,NO,24,NO,NO,YES,1,OFFICIAL,1,NO,NO,NO
20130145,LOW,48,NO,NO,YES,NO,NO,NO,7119,<100DM-500DM00DM,[1Year-4Years),3,NO,YES,NO,NO,NO,>=4Years,NO,YES,53,NO,NO,NO,2,OFFICIAL,2,NO,NO,NO
20130146,LOW,36,NO,NO,NO,YES,NO,NO,2302,<100DM-500DM00DM,[1Year-4Years),4,YES,NO,NO,NO,NO,>=4Years,NO,NO,31,NO,YES,NO,1,OFFICIAL,1,NO,NO,NO
20130147,MEDIUM,15,YES,NO,NO,NO,NO,NO,2631,100DM-500DM,[1Year-4Years),2,NO,NO,NO,NO,NO,>=4Years,NO,NO,28,NO,YES,NO,2,OFFICIAL,1,YES,NO,NO
20130148,HIGH,21,NO,NO,NO,NO,YES,NO,2319,<100DM-500DM00DM,<1Year,2,YES,NO,NO,NO,NO,<=1Year,NO,NO,33,NO,YES,NO,1,OFFICIAL,1,NO,NO,NO
20130149,LOW,48,YES,NO,NO,NO,NO,NO,7763,<100DM-500DM00DM,>=7Years,4,NO,YES,NO,NO,NO,>=4Years,NO,YES,42,YES,NO,NO,1,MANAGEMENT,1,NO,NO,NO
20130150,MEDIUM,12,NO,NO,NO,YES,NO,NO,1534,<100DM-500DM00DM,<1Year,1,NO,NO,YES,NO,NO,<=1Year,YES,NO,23,NO,YES,NO,1,OFFICIAL,1,NO,NO,NO
20130151,LOW,30,NO,NO,YES,NO,NO,NO,6350,N/A,>=7Years,4,NO,YES,NO,NO,NO,>=4Years,NO,NO,31,NO,NO,YES,1,OFFICIAL,1,NO,NO,NO
20130152,HIGH,18,NO,NO,YES,NO,NO,NO,2864,<100DM-500DM00DM,[1Year-4Years),2,NO,YES,NO,NO,NO,<=1Year,YES,NO,34,NO,NO,YES,1,RESIDENT,2,NO,NO,NO
20130153,LOW,24,YES,NO,NO,NO,NO,NO,1333,<100DM-500DM00DM,UNEMPLOYED,4,NO,YES,NO,NO,NO,(1Year-2Years],YES,NO,43,NO,NO,NO,2,OFFICIAL,2,NO,NO,NO
20130154,LOW,12,NO,NO,NO,YES,NO,NO,626,<100DM-500DM00DM,[1Year-4Years),4,NO,NO,NO,NO,NO,>=4Years,YES,NO,24,YES,NO,YES,1,RESIDENT,1,NO,NO,NO
20130155,LOW,48,NO,NO,NO,YES,NO,NO,6999,<100DM-500DM00DM,[4Years-7Years),1,NO,NO,YES,NO,YES,<=1Year,YES,NO,34,NO,NO,YES,2,OFFICIAL,1,YES,NO,NO
20130156,MEDIUM,12,NO,NO,NO,YES,NO,NO,1331,<100DM-500DM00DM,<1Year,2,NO,YES,NO,NO,NO,<=1Year,NO,NO,22,YES,NO,YES,1,OFFICIAL,1,NO,NO,NO
20130157,MEDIUM,18,YES,NO,NO,NO,NO,NO,2278,100DM-500DM,<1Year,3,NO,NO,NO,NO,NO,(2Years-3Years],NO,NO,28,NO,NO,YES,2,OFFICIAL,1,NO,NO,NO
20130158,NO_ACCOUNT,21,YES,NO,NO,NO,NO,NO,5003,N/A,[1Year-4Years),1,NO,NO,NO,NO,NO,>=4Years,NO,NO,29,YES,NO,YES,2,OFFICIAL,1,YES,NO,NO
20130159,LOW,24,NO,NO,YES,NO,NO,NO,3552,<100DM-500DM00DM,[4Years-7Years),3,NO,YES,NO,NO,NO,>=4Years,NO,NO,27,YES,NO,YES,1,OFFICIAL,1,NO,NO,NO
20130160,MEDIUM,18,NO,NO,YES,NO,NO,NO,1928,<100DM-500DM00DM,<1Year,2,NO,YES,NO,NO,NO,(1Year-2Years],YES,NO,31,NO,NO,YES,2,RESIDENT,1,NO,NO,NO
20130161,LOW,24,NO,NO,NO,YES,NO,NO,1546,<100DM-500DM00DM,[4Years-7Years),4,NO,YES,NO,NO,YES,>=4Years,NO,NO,24,YES,YES,NO,1,RESIDENT,1,NO,NO,NO
20130162,MEDIUM,36,YES,NO,NO,NO,NO,NO,12389,N/A,[1Year-4Years),1,NO,YES,NO,NO,NO,>=4Years,NO,YES,37,NO,NO,NO,1,OFFICIAL,1,YES,NO,NO
20130163,LOW,12,YES,NO,NO,NO,NO,NO,1372,<100DM-500DM00DM,[4Years-7Years),2,YES,NO,NO,NO,NO,(2Years-3Years],NO,NO,36,NO,NO,YES,1,OFFICIAL,1,NO,NO,NO
20130164,LOW,48,NO,NO,NO,YES,NO,NO,6758,<100DM-500DM00DM,[1Year-4Years),3,NO,NO,NO,NO,NO,(1Year-2Years],NO,NO,31,NO,NO,YES,1,OFFICIAL,1,YES,NO,NO
20130165,LOW,24,NO,NO,YES,NO,NO,NO,3234,<100DM-500DM00DM,<1Year,4,NO,NO,NO,NO,NO,>=4Years,YES,NO,23,NO,YES,NO,1,RESIDENT,1,YES,NO,NO
20130166,MEDIUM,36,YES,NO,NO,NO,NO,NO,2820,<100DM-500DM00DM,<1Year,4,YES,NO,NO,NO,NO,>=4Years,NO,NO,27,NO,NO,YES,2,OFFICIAL,1,NO,NO,NO
20130167,MEDIUM,18,YES,NO,NO,NO,NO,NO,1056,<100DM-500DM00DM,>=7Years,3,NO,YES,NO,NO,YES,(2Years-3Years],YES,NO,30,YES,NO,YES,2,OFFICIAL,1,NO,NO,NO
20130168,MEDIUM,36,NO,NO,NO,NO,NO,NO,2384,<100DM-500DM00DM,<1Year,4,NO,YES,NO,NO,NO,<=1Year,NO,YES,33,NO,YES,NO,1,RESIDENT,1,NO,NO,NO
20130169,LOW,18,NO,NO,YES,NO,NO,NO,2039,<100DM-500DM00DM,[1Year-4Years),1,NO,NO,NO,NO,NO,>=4Years,YES,NO,20,YES,YES,NO,1,OFFICIAL,1,NO,NO,NO
20130170,LOW,18,NO,NO,NO,NO,NO,NO,1217,<100DM-500DM00DM,[1Year-4Years),4,NO,NO,YES,NO,NO,(2Years-3Years],YES,NO,47,NO,NO,YES,1,RESIDENT,1,YES,NO,NO
20130171,LOW,12,NO,NO,YES,NO,NO,NO,2246,<100DM-500DM00DM,>=7Years,3,NO,YES,NO,NO,NO,(2Years-3Years],NO,NO,60,NO,NO,YES,2,OFFICIAL,1,NO,NO,NO
20130172,MEDIUM,24,YES,NO,NO,NO,NO,NO,2718,<100DM-500DM00DM,[1Year-4Years),3,NO,NO,NO,NO,NO,>=4Years,NO,NO,20,NO,YES,NO,1,RESIDENT,1,YES,NO,NO
20130173,LOW,24,NO,NO,NO,NO,NO,NO,1358,N/A,>=7Years,4,NO,YES,NO,NO,NO,(2Years-3Years],NO,NO,40,YES,NO,YES,1,MANAGEMENT,1,YES,NO,NO
20130174,MEDIUM,6,YES,NO,NO,NO,NO,NO,931,100DM-500DM,<1Year,1,NO,NO,NO,NO,NO,<=1Year,NO,NO,32,YES,NO,YES,1,RESIDENT,1,NO,NO,NO
20130175,LOW,24,YES,NO,NO,NO,NO,NO,1442,<100DM-500DM00DM,[4Years-7Years),4,NO,NO,NO,NO,NO,>=4Years,NO,NO,23,NO,YES,NO,2,OFFICIAL,1,NO,NO,NO
20130176,MEDIUM,24,NO,NO,NO,NO,NO,YES,4241,<100DM-500DM00DM,[1Year-4Years),1,NO,YES,NO,NO,NO,>=4Years,YES,NO,36,NO,NO,YES,3,RESIDENT,1,YES,NO,NO
20130177,NO_ACCOUNT,18,YES,NO,NO,NO,NO,NO,2775,<100DM-500DM00DM,[4Years-7Years),2,NO,YES,NO,NO,NO,(1Year-2Years],NO,NO,31,YES,NO,YES,2,OFFICIAL,1,NO,NO,NO
20130178,MEDIUM,9,NO,NO,YES,NO,NO,NO,918,<100DM-500DM00DM,[1Year-4Years),4,NO,NO,NO,NO,NO,<=1Year,NO,NO,30,NO,NO,YES,1,OFFICIAL,1,NO,NO,NO
20130179,MEDIUM,24,NO,NO,NO,NO,YES,NO,1837,<100DM-500DM00DM,[4Years-7Years),4,NO,NO,NO,NO,NO,>=4Years,NO,YES,34,YES,NO,NO,1,RESIDENT,1,NO,NO,NO
20130180,NO_ACCOUNT,36,NO,NO,YES,NO,NO,NO,3349,<100DM-500DM00DM,[1Year-4Years),4,NO,NO,NO,NO,NO,(1Year-2Years],NO,NO,28,NO,NO,YES,1,MANAGEMENT,1,YES,NO,NO
20130181,MEDIUM,36,NO,NO,NO,YES,NO,NO,2671,100DM-500DM,[1Year-4Years),4,NO,NO,NO,YES,NO,>=4Years,NO,YES,50,NO,NO,NO,1,OFFICIAL,1,NO,NO,NO
20130182,LOW,12,NO,NO,NO,NO,NO,NO,741,100DM-500DM,UNEMPLOYED,4,NO,NO,NO,NO,NO,(2Years-3Years],NO,NO,22,NO,NO,YES,1,OFFICIAL,1,NO,NO,NO
20130183,HIGH,10,YES,NO,NO,NO,NO,NO,1240,100DM-500DM,>=7Years,1,NO,NO,NO,NO,NO,>=4Years,NO,YES,48,NO,NO,NO,1,RESIDENT,2,NO,NO,NO
20130184,NO_ACCOUNT,18,NO,NO,YES,NO,NO,NO,1808,<100DM-500DM00DM,[4Years-7Years),4,NO,NO,NO,NO,NO,<=1Year,YES,NO,22,NO,NO,YES,1,OFFICIAL,1,NO,NO,NO
20130185,MEDIUM,30,NO,NO,YES,NO,NO,NO,3441,100DM-500DM,[1Year-4Years),2,NO,NO,NO,YES,NO,>=4Years,NO,NO,21,NO,YES,NO,1,OFFICIAL,1,NO,NO,NO
20130186,NO_ACCOUNT,18,YES,NO,NO,NO,NO,NO,1530,<100DM-500DM00DM,[1Year-4Years),3,NO,YES,NO,NO,NO,(1Year-2Years],NO,NO,32,YES,NO,YES,2,OFFICIAL,1,NO,NO,NO
20130187,NO_ACCOUNT,48,NO,NO,NO,NO,NO,YES,3914,N/A,[1Year-4Years),4,YES,NO,NO,NO,NO,(1Year-2Years],YES,NO,38,YES,NO,YES,1,OFFICIAL,1,NO,NO,NO
20130188,LOW,18,NO,NO,NO,YES,NO,NO,2600,<100DM-500DM00DM,[1Year-4Years),4,NO,YES,NO,NO,NO,>=4Years,NO,YES,65,NO,NO,NO,2,OFFICIAL,1,NO,NO,NO
20130189,MEDIUM,9,YES,NO,NO,NO,NO,NO,1437,100DM-500DM,[4Years-7Years),2,NO,YES,NO,NO,NO,(2Years-3Years],NO,YES,29,NO,NO,YES,1,OFFICIAL,1,NO,NO,NO
20130190,LOW,18,NO,NO,YES,NO,NO,NO,1553,<100DM-500DM00DM,[1Year-4Years),4,NO,YES,NO,NO,NO,(2Years-3Years],NO,NO,44,YES,NO,YES,1,OFFICIAL,1,NO,NO,NO
20130191,NO_ACCOUNT,9,NO,NO,YES,NO,NO,NO,1980,<100DM-500DM00DM,<1Year,2,NO,NO,NO,YES,NO,(1Year-2Years],NO,NO,19,NO,YES,NO,2,OFFICIAL,1,NO,NO,NO
20130192,MEDIUM,24,YES,NO,NO,NO,NO,NO,1355,<100DM-500DM00DM,<1Year,3,NO,NO,NO,NO,NO,>=4Years,NO,NO,25,NO,NO,YES,1,RESIDENT,1,YES,NO,NO
20130193,LOW,42,NO,NO,NO,YES,NO,NO,4370,<100DM-500DM00DM,[4Years-7Years),3,NO,YES,NO,NO,NO,(1Year-2Years],NO,NO,26,YES,NO,YES,2,OFFICIAL,2,YES,NO,NO
20130194,LOW,18,NO,NO,NO,NO,YES,NO,750,<100DM-500DM00DM,UNEMPLOYED,4,NO,NO,NO,NO,NO,<=1Year,YES,NO,27,NO,NO,YES,1,UNEMPLOYED,1,NO,NO,NO
20130195,NO_ACCOUNT,15,NO,NO,NO,NO,YES,NO,4623,100DM-500DM,[1Year-4Years),3,NO,YES,NO,NO,NO,(1Year-2Years],NO,NO,40,NO,NO,YES,1,MANAGEMENT,1,YES,NO,NO
20130196,NO_ACCOUNT,36,NO,NO,NO,NO,NO,YES,7980,N/A,<1Year,4,NO,YES,NO,NO,NO,>=4Years,NO,NO,27,NO,YES,NO,2,OFFICIAL,1,YES,NO,NO
20130197,NO_ACCOUNT,12,YES,NO,NO,NO,NO,NO,1386,500DM-1000DM,[1Year-4Years),2,NO,NO,NO,NO,NO,(1Year-2Years],NO,NO,26,NO,NO,YES,1,OFFICIAL,1,NO,NO,NO
20130198,HIGH,24,YES,NO,NO,NO,NO,NO,947,<100DM-500DM00DM,[4Years-7Years),4,NO,YES,NO,NO,NO,(2Years-3Years],NO,YES,38,YES,NO,NO,1,OFFICIAL,2,NO,NO,NO
20130199,LOW,12,NO,NO,NO,NO,YES,NO,684,<100DM-500DM00DM,[1Year-4Years),4,NO,YES,NO,NO,NO,>=4Years,NO,NO,40,NO,YES,NO,1,RESIDENT,2,NO,NO,NO
20130200,MEDIUM,12,NO,NO,YES,NO,NO,NO,1922,<100DM-500DM00DM,[1Year-4Years),4,NO,YES,NO,NO,NO,(1Year-2Years],NO,NO,37,NO,NO,YES,1,RESIDENT,1,NO,NO,NO
20130201,LOW,24,YES,NO,NO,NO,NO,NO,2303,<100DM-500DM00DM,>=7Years,4,NO,YES,NO,YES,NO,<=1Year,YES,NO,45,NO,NO,YES,1,OFFICIAL,1,NO,NO,NO
20130202,MEDIUM,36,YES,NO,NO,NO,NO,NO,8086,100DM-500DM,>=7Years,2,NO,YES,NO,NO,NO,>=4Years,NO,NO,42,NO,NO,YES,4,MANAGEMENT,1,YES,NO,NO
20130203,MEDIUM,12,YES,NO,NO,NO,NO,NO,888,<100DM-500DM00DM,>=7Years,4,NO,YES,NO,NO,NO,>=4Years,NO,NO,41,YES,NO,YES,1,RESIDENT,2,NO,NO,NO
20130204,LOW,12,YES,NO,NO,NO,NO,NO,900,N/A,[1Year-4Years),4,NO,NO,YES,NO,NO,(1Year-2Years],NO,NO,23,NO,NO,YES,1,OFFICIAL,1,NO,NO,NO
20130205,LOW,12,YES,NO,NO,NO,NO,NO,4843,<100DM-500DM00DM,>=7Years,3,NO,YES,NO,YES,NO,>=4Years,NO,NO,43,NO,YES,NO,2,OFFICIAL,1,YES,NO,NO
20130206,NO_ACCOUNT,21,NO,NO,NO,NO,NO,YES,2580,500DM-1000DM,<1Year,4,NO,YES,NO,NO,NO,(1Year-2Years],YES,NO,41,YES,NO,YES,1,RESIDENT,2,NO,NO,NO
20130207,MEDIUM,72,NO,NO,NO,YES,NO,NO,5595,100DM-500DM,[1Year-4Years),2,NO,NO,YES,NO,NO,(1Year-2Years],NO,NO,24,NO,NO,YES,1,OFFICIAL,1,NO,NO,NO
20130208,NO_ACCOUNT,12,NO,NO,YES,NO,NO,NO,1123,500DM-1000DM,[1Year-4Years),4,NO,NO,NO,NO,NO,>=4Years,NO,NO,29,NO,YES,NO,1,RESIDENT,1,NO,NO,NO
20130209,LOW,48,NO,YES,NO,NO,NO,NO,6331,<100DM-500DM00DM,>=7Years,4,NO,YES,NO,NO,NO,>=4Years,NO,YES,46,NO,NO,NO,2,OFFICIAL,1,YES,NO,NO
20130210,MEDIUM,48,YES,NO,NO,NO,NO,NO,6560,100DM-500DM,[4Years-7Years),3,NO,YES,NO,NO,NO,(1Year-2Years],NO,NO,24,NO,NO,YES,1,OFFICIAL,1,NO,NO,NO
20130211,MEDIUM,12,NO,NO,YES,NO,NO,NO,2969,<100DM-500DM00DM,<1Year,4,NO,NO,NO,NO,NO,(2Years-3Years],NO,NO,25,NO,YES,NO,2,OFFICIAL,1,NO,NO,NO
20130212,LOW,6,NO,NO,NO,NO,YES,NO,1198,<100DM-500DM00DM,>=7Years,4,NO,NO,NO,NO,NO,>=4Years,NO,YES,35,NO,NO,NO,1,OFFICIAL,1,NO,NO,NO
20130213,MEDIUM,60,YES,NO,NO,NO,NO,NO,14027,<100DM-500DM00DM,[4Years-7Years),4,NO,YES,NO,NO,NO,(1Year-2Years],NO,YES,27,NO,NO,YES,1,MANAGEMENT,1,YES,NO,NO
20130214,HIGH,9,NO,NO,NO,YES,NO,NO,1337,<100DM-500DM00DM,<1Year,4,NO,YES,NO,NO,NO,(1Year-2Years],NO,NO,34,NO,NO,YES,2,MANAGEMENT,1,YES,NO,NO
20130215,MEDIUM,6,NO,NO,NO,NO,YES,NO,433,>=1000DM,<1Year,4,NO,NO,NO,NO,NO,(1Year-2Years],NO,NO,24,YES,YES,NO,1,OFFICIAL,2,NO,NO,NO
20130216,LOW,12,YES,NO,NO,NO,NO,NO,1228,<100DM-500DM00DM,[1Year-4Years),4,NO,NO,NO,NO,NO,(1Year-2Years],YES,NO,24,NO,NO,YES,1,RESIDENT,1,NO,NO,NO
20130217,NO_ACCOUNT,27,YES,NO,NO,NO,NO,NO,2570,<100DM-500DM00DM,[1Year-4Years),3,NO,NO,NO,NO,NO,(2Years-3Years],YES,NO,21,NO,YES,NO,1,OFFICIAL,1,NO,NO,NO
20130218,LOW,18,NO,NO,NO,YES,NO,NO,1882,<100DM-500DM00DM,[1Year-4Years),4,NO,NO,NO,NO,NO,>=4Years,NO,NO,25,YES,YES,NO,2,OFFICIAL,1,NO,NO,NO
20130219,MEDIUM,48,NO,NO,NO,NO,NO,YES,6416,<100DM-500DM00DM,>=7Years,4,NO,NO,NO,NO,NO,(2Years-3Years],NO,YES,59,NO,YES,NO,1,OFFICIAL,1,NO,NO,NO
20130220,LOW,24,NO,NO,NO,YES,NO,NO,1987,<100DM-500DM00DM,[1Year-4Years),2,NO,YES,NO,NO,NO,>=4Years,YES,NO,21,NO,YES,NO,1,RESIDENT,2,NO,NO,NO
20130221,MEDIUM,24,NO,YES,NO,NO,NO,NO,11560,<100DM-500DM00DM,[1Year-4Years),1,NO,NO,NO,NO,NO,>=4Years,NO,NO,23,NO,YES,NO,2,MANAGEMENT,1,NO,NO,NO
20130222,MEDIUM,30,NO,NO,NO,NO,NO,YES,4280,100DM-500DM,[1Year-4Years),4,NO,NO,NO,NO,NO,>=4Years,NO,NO,26,NO,YES,NO,2,RESIDENT,1,NO,NO,NO
20130223,LOW,12,YES,NO,NO,NO,NO,NO,1274,<100DM-500DM00DM,<1Year,3,NO,NO,NO,NO,NO,<=1Year,YES,NO,37,NO,NO,YES,1,RESIDENT,1,NO,NO,NO
20130224,LOW,18,YES,NO,NO,NO,NO,NO,976,<100DM-500DM00DM,<1Year,1,NO,NO,NO,NO,NO,(1Year-2Years],NO,NO,23,NO,NO,YES,1,RESIDENT,1,NO,NO,NO
20130225,NO_ACCOUNT,12,NO,NO,NO,NO,NO,NO,1555,>=1000DM,>=7Years,4,NO,YES,NO,NO,NO,>=4Years,NO,YES,55,NO,NO,NO,2,OFFICIAL,2,NO,NO,NO
20130226,LOW,24,YES,NO,NO,NO,NO,NO,1285,N/A,[4Years-7Years),4,NO,NO,NO,NO,NO,>=4Years,NO,YES,32,NO,YES,NO,1,OFFICIAL,1,NO,NO,NO
20130227,HIGH,15,NO,NO,NO,YES,NO,NO,1271,N/A,[1Year-4Years),3,NO,YES,NO,NO,NO,>=4Years,NO,YES,39,NO,NO,NO,2,OFFICIAL,1,YES,NO,NO
20130228,LOW,12,YES,NO,NO,NO,NO,NO,691,<100DM-500DM00DM,>=7Years,4,NO,YES,NO,NO,NO,(2Years-3Years],NO,NO,35,NO,NO,YES,2,OFFICIAL,1,NO,NO,NO
20130229,LOW,18,NO,NO,YES,NO,NO,NO,2124,<100DM-500DM00DM,[1Year-4Years),4,NO,NO,NO,NO,NO,>=4Years,YES,NO,24,NO,YES,NO,2,OFFICIAL,1,NO,NO,NO
20130230,NO_ACCOUNT,21,YES,NO,NO,NO,NO,NO,12680,N/A,>=7Years,4,NO,YES,NO,NO,NO,>=4Years,NO,YES,30,NO,NO,NO,1,MANAGEMENT,1,YES,NO,NO
20130231,LOW,30,NO,NO,YES,NO,NO,NO,3108,<100DM-500DM00DM,<1Year,2,YES,NO,NO,NO,NO,>=4Years,NO,NO,31,NO,NO,YES,1,RESIDENT,1,NO,NO,NO
20130232,LOW,36,NO,NO,NO,NO,YES,NO,8065,<100DM-500DM00DM,[1Year-4Years),3,NO,NO,NO,NO,NO,(1Year-2Years],NO,YES,25,NO,NO,YES,2,MANAGEMENT,1,YES,NO,NO
20130233,LOW,24,YES,NO,NO,NO,NO,NO,1371,N/A,[1Year-4Years),4,NO,NO,NO,NO,NO,>=4Years,YES,NO,25,NO,YES,NO,1,OFFICIAL,1,NO,NO,NO
20130234,MEDIUM,39,NO,NO,NO,YES,NO,NO,4933,<100DM-500DM00DM,[4Years-7Years),2,NO,YES,NO,NO,YES,(1Year-2Years],YES,NO,25,NO,NO,YES,2,OFFICIAL,1,NO,NO,NO
20130235,MEDIUM,12,YES,NO,NO,NO,NO,NO,836,100DM-500DM,<1Year,4,NO,NO,NO,NO,NO,(1Year-2Years],NO,NO,23,YES,NO,YES,1,RESIDENT,1,NO,NO,NO
20130236,MEDIUM,48,NO,NO,NO,NO,YES,NO,6224,<100DM-500DM00DM,>=7Years,4,NO,YES,NO,NO,NO,>=4Years,NO,YES,50,NO,NO,NO,1,OFFICIAL,1,NO,NO,NO
20130237,LOW,40,NO,NO,NO,NO,YES,NO,5998,<100DM-500DM00DM,[1Year-4Years),4,NO,YES,NO,NO,NO,(2Years-3Years],NO,YES,27,YES,NO,YES,1,OFFICIAL,1,YES,NO,NO
20130238,MEDIUM,21,NO,NO,NO,NO,NO,YES,1188,<100DM-500DM00DM,>=7Years,2,NO,NO,NO,NO,NO,>=4Years,NO,NO,39,NO,NO,YES,1,OFFICIAL,2,NO,NO,NO
20130239,LOW,18,NO,YES,NO,NO,NO,NO,7511,N/A,>=7Years,1,NO,YES,NO,NO,NO,>=4Years,NO,NO,51,NO,NO,NO,1,OFFICIAL,2,YES,NO,NO
20130240,LOW,36,YES,NO,NO,NO,NO,NO,9271,<100DM-500DM00DM,[4Years-7Years),2,NO,YES,NO,NO,NO,<=1Year,NO,NO,24,NO,NO,YES,1,OFFICIAL,1,YES,NO,NO
20130241,MEDIUM,15,YES,NO,NO,NO,NO,NO,1778,<100DM-500DM00DM,<1Year,2,NO,NO,NO,NO,NO,<=1Year,YES,NO,26,NO,YES,NO,2,UNEMPLOYED,1,NO,NO,NO
20130242,LOW,36,NO,YES,NO,NO,NO,NO,9629,<100DM-500DM00DM,[4Years-7Years),4,NO,YES,NO,NO,NO,>=4Years,NO,NO,24,NO,NO,YES,2,OFFICIAL,1,YES,NO,NO
20130243,LOW,48,NO,NO,NO,NO,NO,NO,3051,<100DM-500DM00DM,[1Year-4Years),3,NO,YES,NO,NO,NO,>=4Years,NO,NO,54,NO,NO,YES,1,OFFICIAL,1,NO,NO,NO
20130244,LOW,48,YES,NO,NO,NO,NO,NO,3931,<100DM-500DM00DM,[4Years-7Years),4,NO,YES,NO,NO,NO,>=4Years,NO,YES,46,NO,NO,NO,1,OFFICIAL,2,NO,NO,NO
20130245,LOW,18,NO,NO,NO,YES,NO,NO,1345,<100DM-500DM00DM,[1Year-4Years),4,NO,NO,YES,NO,NO,(2Years-3Years],YES,NO,26,YES,NO,YES,1,OFFICIAL,1,NO,NO,NO
20130246,LOW,36,NO,NO,YES,NO,NO,NO,2712,<100DM-500DM00DM,>=7Years,2,NO,YES,NO,NO,NO,(1Year-2Years],NO,NO,41,YES,NO,YES,1,OFFICIAL,2,NO,NO,NO
20130247,LOW,18,YES,NO,NO,NO,NO,NO,3966,<100DM-500DM00DM,>=7Years,1,NO,NO,NO,NO,NO,>=4Years,YES,NO,33,YES,YES,NO,3,OFFICIAL,1,YES,NO,NO
20130248,NO_ACCOUNT,18,NO,NO,NO,NO,NO,YES,4165,<100DM-500DM00DM,[1Year-4Years),2,NO,YES,NO,NO,NO,(1Year-2Years],NO,NO,36,YES,NO,YES,2,OFFICIAL,2,NO,NO,NO
20130249,LOW,36,NO,YES,NO,NO,NO,NO,8335,N/A,>=7Years,3,NO,YES,NO,NO,NO,>=4Years,NO,YES,47,NO,NO,NO,1,OFFICIAL,1,NO,NO,NO
20130250,LOW,18,YES,NO,NO,NO,NO,NO,1216,<100DM-500DM00DM,<1Year,4,NO,NO,NO,NO,NO,(2Years-3Years],NO,NO,23,NO,YES,NO,1,OFFICIAL,1,YES,NO,NO
20130251,LOW,45,NO,NO,NO,NO,NO,YES,11816,<100DM-500DM00DM,>=7Years,2,NO,YES,NO,NO,NO,>=4Years,NO,NO,29,NO,YES,NO,2,OFFICIAL,1,NO,NO,NO
20130252,HIGH,15,NO,NO,NO,YES,NO,NO,2327,<100DM-500DM00DM,<1Year,2,NO,NO,NO,NO,NO,(2Years-3Years],YES,NO,25,NO,NO,YES,1,RESIDENT,1,NO,NO,NO
20130253,LOW,12,YES,NO,NO,NO,NO,NO,1082,<100DM-500DM00DM,[1Year-4Years),4,NO,YES,NO,NO,NO,>=4Years,NO,NO,48,YES,NO,YES,2,OFFICIAL,1,NO,NO,NO
20130254,LOW,36,NO,NO,YES,NO,NO,NO,5179,<100DM-500DM00DM,[4Years-7Years),4,NO,YES,NO,NO,NO,(1Year-2Years],NO,NO,29,NO,NO,YES,1,OFFICIAL,1,NO,NO,NO
20130255,NO_ACCOUNT,18,NO,NO,NO,NO,NO,NO,1943,<100DM-500DM00DM,<1Year,4,NO,NO,NO,NO,NO,>=4Years,YES,NO,23,NO,NO,YES,1,OFFICIAL,1,NO,NO,NO
20130256,NO_ACCOUNT,18,YES,NO,NO,NO,NO,NO,6761,N/A,[1Year-4Years),2,NO,YES,NO,NO,NO,>=4Years,NO,NO,68,NO,YES,NO,2,OFFICIAL,1,NO,NO,NO
20130257,LOW,12,NO,NO,NO,YES,NO,NO,709,<100DM-500DM00DM,>=7Years,4,NO,YES,NO,NO,NO,>=4Years,YES,NO,57,YES,NO,YES,1,RESIDENT,1,NO,NO,NO
20130258,LOW,20,YES,NO,NO,NO,NO,NO,2235,<100DM-500DM00DM,[1Year-4Years),4,NO,NO,YES,NO,YES,(1Year-2Years],NO,NO,33,YES,YES,NO,2,OFFICIAL,1,NO,YES,NO
20130259,LOW,18,YES,NO,NO,NO,NO,NO,1442,<100DM-500DM00DM,[4Years-7Years),4,NO,YES,NO,NO,NO,>=4Years,NO,YES,32,NO,NO,NO,2,RESIDENT,2,NO,NO,NO
20130260,LOW,15,YES,NO,NO,NO,NO,NO,3959,<100DM-500DM00DM,[1Year-4Years),3,NO,NO,NO,NO,NO,(1Year-2Years],NO,NO,29,NO,NO,YES,1,OFFICIAL,1,YES,NO,NO
20130261,NO_ACCOUNT,18,NO,NO,NO,NO,NO,YES,2169,<100DM-500DM00DM,[1Year-4Years),4,NO,NO,YES,NO,NO,(1Year-2Years],NO,NO,28,NO,NO,YES,1,OFFICIAL,1,YES,NO,NO
20130262,LOW,24,NO,NO,NO,YES,NO,NO,2439,<100DM-500DM00DM,<1Year,4,NO,NO,NO,NO,NO,>=4Years,YES,NO,35,NO,NO,YES,1,OFFICIAL,1,YES,NO,NO
20130263,NO_ACCOUNT,10,NO,NO,YES,NO,NO,NO,2210,<100DM-500DM00DM,[1Year-4Years),2,NO,YES,NO,NO,NO,(1Year-2Years],YES,NO,25,YES,YES,NO,1,RESIDENT,1,NO,NO,NO
20130264,LOW,9,YES,NO,NO,NO,NO,NO,1422,<100DM-500DM00DM,<1Year,3,NO,YES,NO,NO,NO,(1Year-2Years],NO,YES,27,NO,NO,NO,1,MANAGEMENT,1,YES,NO,NO
20130265,MEDIUM,24,NO,NO,YES,NO,NO,NO,4057,<100DM-500DM00DM,[4Years-7Years),3,YES,NO,NO,NO,NO,(2Years-3Years],NO,NO,43,NO,NO,YES,1,OFFICIAL,1,YES,NO,NO
20130266,LOW,12,NO,NO,NO,NO,YES,NO,795,<100DM-500DM00DM,<1Year,4,NO,NO,NO,NO,NO,>=4Years,NO,NO,53,NO,NO,YES,1,OFFICIAL,1,NO,NO,NO
20130267,MEDIUM,48,NO,NO,NO,NO,NO,YES,15672,<100DM-500DM00DM,[1Year-4Years),2,NO,YES,NO,NO,NO,(1Year-2Years],NO,NO,23,NO,NO,YES,1,OFFICIAL,1,YES,NO,NO
20130268,LOW,18,NO,NO,YES,NO,NO,NO,4153,<100DM-500DM00DM,[1Year-4Years),2,NO,YES,NO,YES,NO,(2Years-3Years],NO,NO,42,NO,NO,YES,1,OFFICIAL,1,NO,NO,NO
20130269,LOW,16,YES,NO,NO,NO,NO,NO,2625,<100DM-500DM00DM,>=7Years,2,NO,YES,NO,NO,YES,>=4Years,NO,NO,43,YES,YES,NO,1,OFFICIAL,1,YES,NO,NO
20130270,MEDIUM,24,NO,NO,YES,NO,NO,NO,4736,<100DM-500DM00DM,<1Year,2,NO,NO,NO,NO,NO,>=4Years,NO,NO,25,YES,NO,YES,1,RESIDENT,1,NO,NO,NO
20130271,LOW,24,NO,NO,NO,NO,NO,YES,3161,<100DM-500DM00DM,[1Year-4Years),4,NO,YES,NO,NO,NO,(1Year-2Years],NO,NO,31,NO,YES,NO,1,OFFICIAL,1,YES,NO,NO
20130272,MEDIUM,48,NO,NO,NO,NO,NO,NO,18424,<100DM-500DM00DM,[1Year-4Years),1,NO,NO,NO,NO,NO,(1Year-2Years],NO,NO,32,YES,NO,YES,1,MANAGEMENT,1,YES,YES,NO
20130273,LOW,6,YES,NO,NO,NO,NO,NO,14896,<100DM-500DM00DM,>=7Years,1,NO,YES,NO,NO,NO,>=4Years,NO,YES,68,YES,NO,YES,1,MANAGEMENT,1,YES,NO,NO
20130274,LOW,24,NO,NO,YES,NO,NO,NO,2359,100DM-500DM,UNEMPLOYED,1,YES,NO,NO,NO,NO,<=1Year,NO,NO,33,NO,NO,YES,1,OFFICIAL,1,NO,NO,NO
20130275,LOW,24,NO,NO,YES,NO,NO,NO,3345,<100DM-500DM00DM,>=7Years,4,NO,YES,NO,NO,NO,(1Year-2Years],NO,NO,39,NO,YES,NO,1,MANAGEMENT,1,YES,NO,NO
20130276,LOW,9,NO,NO,NO,YES,NO,NO,1366,<100DM-500DM00DM,<1Year,3,NO,NO,NO,NO,NO,>=4Years,NO,NO,22,NO,YES,NO,1,OFFICIAL,1,NO,NO,NO
20130277,LOW,24,NO,NO,YES,NO,NO,NO,6872,<100DM-500DM00DM,<1Year,2,YES,NO,NO,NO,NO,<=1Year,NO,NO,55,YES,NO,YES,1,OFFICIAL,1,YES,NO,NO
20130278,LOW,12,YES,NO,NO,NO,NO,NO,697,<100DM-500DM00DM,<1Year,4,NO,YES,NO,NO,NO,(1Year-2Years],NO,NO,46,YES,NO,YES,2,OFFICIAL,1,YES,NO,NO
20130279,LOW,48,NO,YES,NO,NO,NO,NO,10297,<100DM-500DM00DM,[4Years-7Years),4,NO,YES,NO,NO,NO,>=4Years,NO,YES,39,YES,NO,NO,3,OFFICIAL,2,YES,NO,NO
20130280,MEDIUM,9,NO,NO,NO,YES,NO,NO,1670,<100DM-500DM00DM,<1Year,4,NO,NO,NO,NO,NO,(1Year-2Years],NO,NO,22,NO,NO,YES,1,OFFICIAL,1,YES,NO,NO
20130281,MEDIUM,30,NO,NO,NO,YES,NO,NO,1919,100DM-500DM,<1Year,4,NO,YES,NO,NO,NO,(2Years-3Years],NO,YES,30,YES,NO,YES,2,MANAGEMENT,1,NO,NO,NO
20130282,HIGH,9,NO,NO,NO,YES,NO,NO,745,<100DM-500DM00DM,[1Year-4Years),3,NO,NO,NO,NO,NO,(1Year-2Years],YES,NO,28,NO,NO,YES,1,RESIDENT,1,NO,NO,NO
20130283,MEDIUM,60,NO,NO,NO,NO,YES,NO,6288,<100DM-500DM00DM,[1Year-4Years),4,NO,YES,NO,NO,NO,>=4Years,NO,YES,42,NO,NO,NO,1,OFFICIAL,1,NO,NO,NO
20130284,LOW,24,NO,NO,YES,NO,NO,NO,3349,500DM-1000DM,<1Year,4,NO,YES,NO,NO,NO,>=4Years,NO,YES,30,NO,NO,NO,1,OFFICIAL,2,YES,NO,NO
20130285,NO_ACCOUNT,18,NO,NO,YES,NO,NO,NO,1533,<100DM-500DM00DM,<1Year,4,NO,NO,YES,YES,NO,<=1Year,NO,NO,43,NO,NO,YES,1,RESIDENT,2,NO,NO,NO
20130286,NO_ACCOUNT,24,NO,NO,NO,YES,NO,NO,3621,100DM-500DM,>=7Years,2,NO,YES,NO,NO,NO,>=4Years,NO,NO,31,NO,NO,YES,2,OFFICIAL,1,NO,NO,NO
20130287,LOW,36,NO,NO,NO,NO,NO,YES,2145,<100DM-500DM00DM,[4Years-7Years),2,NO,YES,NO,NO,NO,<=1Year,NO,NO,24,NO,NO,YES,2,OFFICIAL,1,YES,NO,NO
20130288,MEDIUM,24,NO,YES,NO,NO,NO,NO,4113,500DM-1000DM,<1Year,3,NO,NO,NO,NO,NO,>=4Years,NO,NO,28,NO,YES,NO,1,OFFICIAL,1,NO,NO,NO
20130289,NO_ACCOUNT,36,NO,NO,YES,NO,NO,NO,10974,<100DM-500DM00DM,UNEMPLOYED,4,NO,NO,NO,NO,NO,(1Year-2Years],NO,NO,26,NO,NO,YES,2,MANAGEMENT,1,YES,NO,NO
20130290,LOW,28,YES,NO,NO,NO,NO,NO,4006,<100DM-500DM00DM,[1Year-4Years),3,NO,YES,NO,NO,NO,(1Year-2Years],NO,NO,45,NO,NO,YES,1,RESIDENT,1,NO,NO,NO
20130291,NO_ACCOUNT,24,NO,NO,NO,YES,NO,NO,2397,500DM-1000DM,>=7Years,3,NO,YES,NO,NO,NO,(1Year-2Years],NO,NO,35,YES,NO,YES,2,OFFICIAL,1,YES,NO,NO
20130292,MEDIUM,27,NO,NO,NO,YES,NO,NO,2520,500DM-1000DM,[1Year-4Years),4,NO,YES,NO,NO,NO,(1Year-2Years],NO,NO,23,NO,NO,YES,2,RESIDENT,1,NO,NO,NO
20130293,LOW,24,YES,NO,NO,NO,NO,NO,1193,<100DM-500DM00DM,UNEMPLOYED,1,NO,NO,NO,YES,NO,>=4Years,NO,YES,29,NO,YES,NO,2,UNEMPLOYED,1,NO,NO,NO
20130294,LOW,60,NO,NO,NO,NO,NO,YES,7297,<100DM-500DM00DM,>=7Years,4,NO,YES,NO,YES,NO,>=4Years,NO,YES,36,NO,YES,NO,1,OFFICIAL,1,NO,NO,NO
20130295,NO_ACCOUNT,24,YES,NO,NO,NO,NO,NO,2538,<100DM-500DM00DM,>=7Years,4,NO,YES,NO,NO,NO,>=4Years,NO,NO,47,NO,NO,YES,2,RESIDENT,2,NO,NO,NO
20130296,MEDIUM,15,YES,NO,NO,NO,NO,NO,1264,100DM-500DM,[1Year-4Years),2,NO,NO,YES,NO,NO,(1Year-2Years],NO,NO,25,NO,YES,NO,1,OFFICIAL,1,NO,NO,NO
20130297,MEDIUM,30,NO,NO,YES,NO,NO,NO,8386,<100DM-500DM00DM,[4Years-7Years),2,NO,YES,NO,NO,NO,(1Year-2Years],NO,NO,49,NO,NO,YES,1,OFFICIAL,1,NO,NO,NO
20130298,NO_ACCOUNT,48,NO,NO,NO,NO,NO,YES,4844,<100DM-500DM00DM,UNEMPLOYED,3,NO,YES,NO,NO,NO,(1Year-2Years],NO,NO,33,YES,YES,NO,1,MANAGEMENT,1,YES,NO,NO
20130299,LOW,36,NO,YES,NO,NO,NO,NO,8229,<100DM-500DM00DM,[1Year-4Years),2,NO,YES,NO,NO,NO,(1Year-2Years],NO,NO,26,NO,NO,YES,1,OFFICIAL,2,NO,NO,NO
20130300,LOW,45,NO,NO,NO,YES,NO,NO,1845,<100DM-500DM00DM,[1Year-4Years),4,NO,YES,NO,NO,NO,>=4Years,NO,YES,23,NO,NO,NO,1,OFFICIAL,1,YES,NO,NO
20130301,LOW,6,NO,NO,NO,YES,NO,NO,1169,N/A,>=7Years,4,NO,YES,NO,NO,NO,>=4Years,YES,NO,67,NO,NO,YES,2,OFFICIAL,1,YES,NO,YES
20130302,NO_ACCOUNT,12,NO,NO,NO,NO,YES,NO,2096,<100DM-500DM00DM,[4Years-7Years),2,NO,YES,NO,NO,NO,(2Years-3Years],YES,NO,49,NO,NO,YES,1,RESIDENT,2,NO,NO,YES
20130303,LOW,42,NO,NO,YES,NO,NO,NO,7882,<100DM-500DM00DM,[4Years-7Years),2,NO,YES,NO,NO,YES,>=4Years,NO,NO,45,NO,NO,NO,1,OFFICIAL,2,NO,NO,YES
20130304,NO_ACCOUNT,36,NO,NO,NO,NO,YES,NO,9055,N/A,[1Year-4Years),2,NO,YES,NO,NO,NO,>=4Years,NO,YES,35,NO,NO,NO,1,RESIDENT,2,YES,NO,YES
20130305,NO_ACCOUNT,24,NO,NO,YES,NO,NO,NO,2835,500DM-1000DM,>=7Years,3,NO,YES,NO,NO,NO,>=4Years,NO,NO,53,NO,NO,YES,1,OFFICIAL,1,NO,NO,YES
20130306,MEDIUM,36,NO,YES,NO,NO,NO,NO,6948,<100DM-500DM00DM,[1Year-4Years),2,NO,YES,NO,NO,NO,(1Year-2Years],NO,NO,35,NO,YES,NO,1,MANAGEMENT,1,YES,NO,YES
20130307,NO_ACCOUNT,12,NO,NO,NO,YES,NO,NO,3059,>=1000DM,[4Years-7Years),2,YES,NO,NO,NO,NO,>=4Years,YES,NO,61,NO,NO,YES,1,RESIDENT,1,NO,NO,YES
20130308,MEDIUM,12,NO,NO,NO,YES,NO,NO,1567,<100DM-500DM00DM,[1Year-4Years),1,NO,NO,NO,NO,NO,<=1Year,NO,NO,22,NO,NO,YES,1,OFFICIAL,1,YES,NO,YES
20130309,LOW,15,YES,NO,NO,NO,NO,NO,1403,<100DM-500DM00DM,[1Year-4Years),2,NO,NO,NO,NO,NO,>=4Years,NO,NO,28,NO,YES,NO,1,OFFICIAL,1,NO,NO,YES
20130310,NO_ACCOUNT,24,NO,NO,NO,YES,NO,NO,2424,N/A,>=7Years,4,NO,YES,NO,NO,NO,>=4Years,NO,NO,53,NO,NO,YES,2,OFFICIAL,1,NO,NO,YES
20130311,LOW,30,NO,NO,NO,NO,NO,YES,8072,N/A,<1Year,2,NO,YES,NO,NO,NO,(2Years-3Years],NO,NO,25,YES,NO,YES,3,OFFICIAL,1,NO,NO,YES
20130312,NO_ACCOUNT,24,NO,NO,NO,YES,NO,NO,3430,500DM-1000DM,>=7Years,3,NO,YES,NO,NO,NO,(1Year-2Years],NO,NO,31,NO,NO,YES,1,OFFICIAL,2,YES,NO,YES
20130313,NO_ACCOUNT,9,YES,NO,NO,NO,NO,NO,2134,<100DM-500DM00DM,[1Year-4Years),4,NO,YES,NO,NO,NO,>=4Years,NO,NO,48,NO,NO,YES,3,OFFICIAL,1,YES,NO,YES
20130314,LOW,6,NO,NO,NO,YES,NO,NO,2647,500DM-1000DM,[1Year-4Years),2,NO,YES,NO,NO,NO,(2Years-3Years],YES,NO,44,NO,YES,NO,1,OFFICIAL,2,NO,NO,YES
20130315,LOW,10,YES,NO,NO,NO,NO,NO,2241,<100DM-500DM00DM,<1Year,1,NO,YES,NO,NO,NO,(2Years-3Years],YES,NO,48,NO,YES,NO,2,RESIDENT,2,NO,YES,YES
20130316,MEDIUM,12,NO,YES,NO,NO,NO,NO,1804,100DM-500DM,<1Year,3,NO,YES,NO,NO,NO,>=4Years,NO,NO,44,NO,NO,YES,1,OFFICIAL,1,NO,NO,YES
20130317,NO_ACCOUNT,10,NO,NO,YES,NO,NO,NO,2069,N/A,[1Year-4Years),2,NO,NO,YES,NO,NO,<=1Year,NO,NO,26,NO,NO,YES,2,OFFICIAL,1,NO,YES,YES
20130318,LOW,6,NO,NO,YES,NO,NO,NO,1374,<100DM-500DM00DM,[1Year-4Years),1,NO,YES,NO,NO,NO,(1Year-2Years],YES,NO,36,YES,NO,YES,1,RESIDENT,1,YES,NO,YES
20130319,NO_ACCOUNT,6,NO,NO,NO,YES,NO,NO,426,<100DM-500DM00DM,>=7Years,4,NO,NO,YES,NO,NO,>=4Years,NO,NO,39,NO,NO,YES,1,RESIDENT,1,NO,NO,YES
20130320,HIGH,12,NO,NO,NO,YES,NO,NO,409,>=1000DM,[1Year-4Years),3,NO,NO,NO,NO,NO,(2Years-3Years],YES,NO,42,NO,YES,NO,2,OFFICIAL,1,NO,NO,YES
20130321,MEDIUM,7,NO,NO,NO,YES,NO,NO,2415,<100DM-500DM00DM,[1Year-4Years),3,NO,YES,NO,NO,YES,(1Year-2Years],YES,NO,34,NO,NO,YES,1,OFFICIAL,1,NO,NO,YES
20130322,MEDIUM,18,NO,NO,NO,NO,NO,YES,1913,>=1000DM,<1Year,3,NO,NO,YES,NO,NO,(2Years-3Years],YES,NO,36,YES,NO,YES,1,OFFICIAL,1,YES,NO,YES
20130323,LOW,24,NO,NO,YES,NO,NO,NO,4020,<100DM-500DM00DM,[1Year-4Years),2,NO,YES,NO,NO,NO,(1Year-2Years],NO,NO,27,YES,NO,YES,1,OFFICIAL,1,NO,NO,YES
20130324,MEDIUM,18,YES,NO,NO,NO,NO,NO,5866,100DM-500DM,[1Year-4Years),2,NO,YES,NO,NO,NO,(1Year-2Years],NO,NO,30,NO,NO,YES,2,OFFICIAL,1,YES,NO,YES
20130325,NO_ACCOUNT,12,NO,NO,NO,NO,NO,YES,1264,N/A,>=7Years,4,NO,YES,NO,NO,NO,>=4Years,NO,YES,57,NO,YES,NO,1,RESIDENT,1,NO,NO,YES
20130326,HIGH,12,NO,NO,YES,NO,NO,NO,1474,<100DM-500DM00DM,<1Year,4,NO,NO,NO,NO,NO,<=1Year,NO,NO,33,YES,NO,YES,1,MANAGEMENT,1,YES,NO,YES
20130327,NO_ACCOUNT,48,NO,NO,NO,NO,YES,NO,6110,<100DM-500DM00DM,[1Year-4Years),1,NO,YES,NO,NO,NO,(2Years-3Years],NO,YES,31,YES,NO,NO,1,OFFICIAL,1,YES,NO,YES
20130328,HIGH,10,NO,NO,NO,NO,NO,NO,1225,<100DM-500DM00DM,[1Year-4Years),2,NO,YES,NO,NO,NO,(1Year-2Years],NO,NO,37,NO,NO,YES,1,OFFICIAL,1,YES,NO,YES
20130329,MEDIUM,9,NO,NO,NO,YES,NO,NO,458,<100DM-500DM00DM,[1Year-4Years),4,NO,YES,NO,NO,NO,(2Years-3Years],YES,NO,24,NO,NO,YES,1,OFFICIAL,1,NO,NO,YES
20130330,NO_ACCOUNT,30,NO,NO,NO,YES,NO,NO,2333,500DM-1000DM,>=7Years,4,NO,YES,NO,NO,NO,(1Year-2Years],NO,NO,30,YES,NO,YES,1,MANAGEMENT,1,NO,NO,YES
20130331,MEDIUM,12,NO,NO,NO,YES,NO,NO,1158,500DM-1000DM,[1Year-4Years),3,YES,NO,NO,NO,NO,<=1Year,NO,NO,26,NO,NO,YES,1,OFFICIAL,1,YES,NO,YES
20130332,MEDIUM,18,NO,NO,NO,NO,NO,NO,6204,<100DM-500DM00DM,[1Year-4Years),2,NO,YES,NO,NO,NO,>=4Years,YES,NO,44,NO,NO,YES,1,RESIDENT,2,YES,NO,YES
20130333,LOW,30,NO,YES,NO,NO,NO,NO,6187,100DM-500DM,[4Years-7Years),1,NO,NO,YES,NO,NO,>=4Years,NO,NO,24,NO,YES,NO,2,OFFICIAL,1,NO,NO,YES
20130334,NO_ACCOUNT,11,YES,NO,NO,NO,NO,NO,1393,<100DM-500DM00DM,<1Year,4,NO,NO,NO,NO,NO,>=4Years,NO,NO,35,NO,NO,YES,2,MANAGEMENT,1,NO,NO,YES
20130335,NO_ACCOUNT,36,NO,NO,NO,YES,NO,NO,2299,500DM-1000DM,>=7Years,4,NO,YES,NO,NO,NO,>=4Years,NO,NO,39,NO,NO,YES,1,OFFICIAL,1,NO,NO,YES
20130336,LOW,6,NO,YES,NO,NO,NO,NO,1352,500DM-1000DM,UNEMPLOYED,1,NO,NO,NO,NO,NO,(1Year-2Years],NO,NO,23,NO,YES,NO,1,UNEMPLOYED,1,YES,NO,YES
20130337,NO_ACCOUNT,11,YES,NO,NO,NO,NO,NO,7228,<100DM-500DM00DM,[1Year-4Years),1,NO,YES,NO,NO,NO,>=4Years,NO,NO,39,NO,NO,YES,2,RESIDENT,1,NO,NO,YES
20130338,NO_ACCOUNT,12,NO,NO,NO,YES,NO,NO,2073,100DM-500DM,[1Year-4Years),4,NO,NO,NO,YES,NO,(1Year-2Years],YES,NO,28,NO,NO,YES,1,OFFICIAL,1,NO,NO,YES
20130339,MEDIUM,24,NO,NO,YES,NO,NO,NO,2333,N/A,<1Year,4,NO,YES,NO,NO,NO,(1Year-2Years],NO,NO,29,YES,NO,YES,1,RESIDENT,1,NO,NO,YES
20130340,MEDIUM,27,NO,YES,NO,NO,NO,NO,5965,<100DM-500DM00DM,>=7Years,1,NO,YES,NO,NO,NO,(1Year-2Years],NO,NO,30,NO,NO,YES,2,MANAGEMENT,1,YES,NO,YES
20130341,NO_ACCOUNT,12,NO,NO,NO,YES,NO,NO,1262,<100DM-500DM00DM,[1Year-4Years),3,NO,YES,NO,NO,NO,(1Year-2Years],NO,NO,25,NO,NO,YES,1,OFFICIAL,1,NO,NO,YES
20130342,NO_ACCOUNT,18,NO,YES,NO,NO,NO,NO,3378,N/A,[1Year-4Years),2,NO,YES,NO,NO,NO,<=1Year,NO,NO,31,NO,NO,YES,1,OFFICIAL,1,YES,NO,YES
20130343,NO_ACCOUNT,6,YES,NO,NO,NO,NO,NO,783,N/A,[1Year-4Years),1,NO,YES,NO,NO,YES,(1Year-2Years],YES,NO,26,YES,NO,YES,1,RESIDENT,2,NO,NO,YES
20130344,NO_ACCOUNT,36,NO,NO,NO,YES,NO,NO,9566,<100DM-500DM00DM,[1Year-4Years),2,NO,NO,NO,NO,NO,(1Year-2Years],NO,NO,31,YES,NO,YES,2,OFFICIAL,1,NO,NO,YES
20130345,HIGH,18,YES,NO,NO,NO,NO,NO,1961,<100DM-500DM00DM,>=7Years,3,NO,NO,NO,NO,NO,(1Year-2Years],NO,NO,23,NO,NO,YES,1,MANAGEMENT,1,NO,NO,YES
20130346,MEDIUM,9,NO,NO,NO,NO,NO,YES,1391,<100DM-500DM00DM,[1Year-4Years),2,NO,NO,YES,NO,NO,<=1Year,YES,NO,27,YES,NO,YES,1,OFFICIAL,1,YES,NO,YES
20130347,MEDIUM,15,NO,NO,NO,YES,NO,NO,1537,N/A,>=7Years,4,NO,YES,NO,NO,YES,>=4Years,YES,NO,50,NO,NO,YES,2,OFFICIAL,1,YES,NO,YES
20130348,NO_ACCOUNT,24,NO,NO,NO,YES,NO,NO,3181,<100DM-500DM00DM,<1Year,4,NO,NO,NO,NO,NO,>=4Years,NO,NO,26,NO,NO,YES,1,OFFICIAL,1,YES,NO,YES
20130349,NO_ACCOUNT,27,NO,NO,NO,NO,NO,NO,5190,N/A,>=7Years,4,NO,YES,NO,NO,NO,>=4Years,NO,NO,48,NO,NO,YES,4,OFFICIAL,2,YES,NO,YES
20130350,NO_ACCOUNT,12,NO,NO,NO,YES,NO,NO,2171,<100DM-500DM00DM,<1Year,2,NO,NO,NO,NO,NO,(1Year-2Years],NO,NO,29,YES,NO,YES,1,OFFICIAL,1,NO,NO,YES
20130351,MEDIUM,12,YES,NO,NO,NO,NO,NO,1007,>=1000DM,[1Year-4Years),4,NO,NO,YES,NO,NO,<=1Year,YES,NO,22,NO,NO,YES,1,OFFICIAL,1,NO,NO,YES
20130352,NO_ACCOUNT,36,NO,NO,NO,YES,NO,NO,2394,N/A,[1Year-4Years),4,NO,NO,NO,NO,NO,>=4Years,NO,NO,25,NO,NO,YES,1,OFFICIAL,1,NO,NO,YES
20130353,NO_ACCOUNT,36,NO,YES,NO,NO,NO,NO,8133,<100DM-500DM00DM,[1Year-4Years),1,NO,NO,NO,NO,NO,(1Year-2Years],NO,NO,30,YES,NO,YES,1,OFFICIAL,1,NO,NO,YES
20130354,NO_ACCOUNT,7,NO,NO,NO,YES,NO,NO,730,N/A,>=7Years,4,NO,YES,NO,NO,NO,(1Year-2Years],NO,NO,46,NO,YES,NO,2,RESIDENT,1,YES,NO,YES
20130355,LOW,8,NO,NO,NO,NO,NO,NO,1164,<100DM-500DM00DM,>=7Years,3,NO,YES,NO,NO,NO,>=4Years,NO,YES,51,YES,NO,NO,2,MANAGEMENT,2,YES,NO,YES
20130356,MEDIUM,42,NO,NO,NO,NO,NO,YES,5954,<100DM-500DM00DM,[4Years-7Years),2,NO,NO,NO,NO,NO,<=1Year,YES,NO,41,YES,NO,YES,2,RESIDENT,1,NO,NO,YES
20130357,LOW,12,NO,YES,NO,NO,NO,NO,1526,<100DM-500DM00DM,>=7Years,4,NO,YES,NO,NO,NO,>=4Years,NO,YES,66,NO,NO,NO,2,MANAGEMENT,1,NO,NO,YES
20130358,MEDIUM,11,NO,NO,NO,YES,NO,NO,4771,<100DM-500DM00DM,[4Years-7Years),2,NO,YES,NO,NO,NO,>=4Years,NO,NO,51,NO,NO,YES,1,OFFICIAL,1,NO,NO,YES
20130359,NO_ACCOUNT,54,NO,YES,NO,NO,NO,NO,9436,N/A,[1Year-4Years),2,NO,YES,NO,NO,NO,(1Year-2Years],NO,NO,39,NO,NO,YES,1,RESIDENT,2,NO,NO,YES
20130360,MEDIUM,30,NO,NO,YES,NO,NO,NO,3832,<100DM-500DM00DM,<1Year,2,NO,NO,YES,NO,NO,<=1Year,NO,NO,22,NO,NO,YES,1,OFFICIAL,1,NO,NO,YES
20130361,NO_ACCOUNT,15,NO,NO,NO,YES,NO,NO,1213,500DM-1000DM,>=7Years,4,NO,YES,NO,NO,NO,(2Years-3Years],NO,NO,47,YES,NO,YES,1,OFFICIAL,1,YES,NO,YES
20130362,NO_ACCOUNT,18,NO,NO,NO,NO,NO,YES,1568,100DM-500DM,[1Year-4Years),3,NO,NO,NO,NO,NO,>=4Years,NO,NO,24,NO,YES,NO,1,RESIDENT,1,NO,NO,YES
20130363,LOW,24,NO,NO,NO,NO,NO,NO,1755,<100DM-500DM00DM,>=7Years,4,NO,NO,NO,NO,YES,>=4Years,YES,NO,58,NO,NO,YES,1,RESIDENT,1,YES,NO,YES
20130364,LOW,10,NO,NO,NO,YES,NO,NO,2315,<100DM-500DM00DM,>=7Years,3,NO,YES,NO,NO,NO,>=4Years,YES,NO,52,NO,NO,YES,1,RESIDENT,1,NO,NO,YES
20130365,NO_ACCOUNT,12,NO,NO,NO,NO,NO,YES,1412,<100DM-500DM00DM,[1Year-4Years),4,NO,NO,NO,NO,YES,(1Year-2Years],YES,NO,29,NO,NO,YES,2,MANAGEMENT,1,YES,NO,YES
20130366,MEDIUM,18,NO,NO,YES,NO,NO,NO,1295,<100DM-500DM00DM,<1Year,4,NO,NO,NO,NO,NO,<=1Year,NO,NO,27,NO,NO,YES,2,OFFICIAL,1,NO,NO,YES
20130367,LOW,18,YES,NO,NO,NO,NO,NO,2249,100DM-500DM,[4Years-7Years),4,NO,YES,NO,NO,NO,(2Years-3Years],NO,NO,30,NO,NO,YES,1,MANAGEMENT,2,YES,NO,YES
20130368,NO_ACCOUNT,12,NO,NO,NO,YES,NO,NO,618,<100DM-500DM00DM,>=7Years,4,NO,YES,NO,NO,NO,>=4Years,YES,NO,56,NO,NO,YES,1,OFFICIAL,1,NO,NO,YES
20130369,LOW,12,NO,YES,NO,NO,NO,NO,1409,<100DM-500DM00DM,>=7Years,4,NO,YES,NO,NO,NO,(2Years-3Years],YES,NO,54,NO,NO,YES,1,OFFICIAL,1,NO,NO,YES
20130370,HIGH,24,NO,NO,YES,NO,NO,NO,3617,N/A,>=7Years,4,NO,YES,NO,YES,NO,>=4Years,NO,YES,20,NO,YES,NO,2,OFFICIAL,1,NO,NO,YES
20130371,MEDIUM,12,YES,NO,NO,NO,NO,NO,1318,>=1000DM,>=7Years,4,NO,YES,NO,NO,NO,>=4Years,YES,NO,54,NO,NO,YES,1,OFFICIAL,1,YES,NO,YES
20130372,NO_ACCOUNT,12,NO,NO,NO,NO,YES,NO,2012,N/A,[4Years-7Years),4,NO,NO,NO,NO,NO,(1Year-2Years],NO,NO,61,NO,NO,YES,1,OFFICIAL,1,NO,NO,YES
20130373,MEDIUM,18,NO,NO,NO,NO,NO,YES,2622,100DM-500DM,[1Year-4Years),4,NO,YES,NO,NO,NO,>=4Years,NO,NO,34,NO,NO,YES,1,OFFICIAL,1,NO,NO,YES
20130374,MEDIUM,36,NO,NO,NO,YES,NO,NO,2337,<100DM-500DM00DM,>=7Years,4,NO,YES,NO,NO,NO,>=4Years,YES,NO,36,NO,NO,YES,1,OFFICIAL,1,NO,NO,YES
20130375,MEDIUM,20,NO,YES,NO,NO,NO,NO,7057,N/A,[4Years-7Years),3,NO,YES,NO,NO,NO,>=4Years,NO,NO,36,YES,YES,NO,2,MANAGEMENT,2,YES,NO,YES
20130376,NO_ACCOUNT,24,YES,NO,NO,NO,NO,NO,1469,100DM-500DM,>=7Years,4,NO,NO,YES,NO,NO,>=4Years,YES,NO,41,NO,YES,NO,1,RESIDENT,1,NO,NO,YES
20130377,MEDIUM,36,NO,NO,NO,YES,NO,NO,2323,<100DM-500DM00DM,[4Years-7Years),4,NO,YES,NO,NO,NO,>=4Years,NO,NO,24,NO,YES,NO,1,OFFICIAL,1,NO,NO,YES
20130378,NO_ACCOUNT,6,NO,NO,NO,YES,NO,NO,932,<100DM-500DM00DM,[1Year-4Years),3,NO,NO,NO,NO,NO,(1Year-2Years],YES,NO,24,NO,NO,YES,1,OFFICIAL,1,NO,NO,YES
20130379,MEDIUM,9,NO,NO,YES,NO,NO,NO,1919,<100DM-500DM00DM,[4Years-7Years),4,NO,YES,NO,NO,NO,(2Years-3Years],NO,NO,35,NO,YES,NO,1,OFFICIAL,1,YES,NO,YES
20130380,NO_ACCOUNT,12,NO,YES,NO,NO,NO,NO,2445,N/A,<1Year,2,NO,NO,YES,NO,NO,>=4Years,NO,NO,26,NO,YES,NO,1,OFFICIAL,1,YES,NO,YES
20130381,MEDIUM,12,YES,NO,NO,NO,NO,NO,6078,<100DM-500DM00DM,[4Years-7Years),2,NO,YES,NO,NO,NO,(1Year-2Years],NO,NO,32,NO,NO,YES,1,OFFICIAL,1,NO,NO,YES
20130382,LOW,24,NO,NO,YES,NO,NO,NO,7721,N/A,<1Year,1,NO,NO,NO,NO,NO,(1Year-2Years],NO,NO,30,NO,NO,YES,1,OFFICIAL,1,YES,YES,YES
20130383,MEDIUM,14,NO,NO,NO,NO,NO,YES,1410,500DM-1000DM,>=7Years,1,NO,NO,YES,NO,NO,(1Year-2Years],YES,NO,35,NO,NO,YES,1,OFFICIAL,1,YES,NO,YES
20130384,MEDIUM,6,NO,NO,NO,NO,NO,YES,1449,100DM-500DM,>=7Years,1,YES,NO,NO,NO,NO,(1Year-2Years],NO,NO,31,YES,NO,YES,2,OFFICIAL,2,NO,NO,YES
20130385,HIGH,15,NO,NO,NO,NO,YES,NO,392,<100DM-500DM00DM,<1Year,4,NO,NO,NO,NO,NO,>=4Years,NO,NO,23,NO,YES,NO,1,OFFICIAL,1,YES,NO,YES
20130386,MEDIUM,18,YES,NO,NO,NO,NO,NO,6260,<100DM-500DM00DM,[4Years-7Years),3,NO,YES,NO,NO,NO,(2Years-3Years],YES,NO,28,NO,YES,NO,1,RESIDENT,1,NO,NO,YES
20130387,LOW,12,NO,NO,NO,YES,NO,NO,1680,500DM-1000DM,>=7Years,3,NO,NO,YES,NO,NO,<=1Year,YES,NO,35,NO,NO,YES,1,OFFICIAL,1,NO,NO,YES
20130388,NO_ACCOUNT,48,NO,NO,NO,YES,NO,NO,3578,N/A,>=7Years,4,NO,YES,NO,NO,NO,<=1Year,YES,NO,47,NO,NO,YES,1,OFFICIAL,1,YES,NO,YES
20130389,LOW,10,NO,NO,YES,NO,NO,NO,2132,N/A,<1Year,2,NO,NO,NO,YES,NO,(2Years-3Years],YES,NO,27,NO,YES,NO,2,OFFICIAL,1,NO,YES,YES
20130390,MEDIUM,12,YES,NO,NO,NO,NO,NO,2366,500DM-1000DM,[4Years-7Years),3,YES,NO,NO,NO,NO,(2Years-3Years],NO,NO,36,NO,NO,YES,1,MANAGEMENT,1,YES,NO,YES
20130391,NO_ACCOUNT,24,NO,YES,NO,NO,NO,NO,3868,<100DM-500DM00DM,>=7Years,4,NO,NO,NO,NO,NO,(1Year-2Years],NO,NO,41,NO,YES,NO,2,MANAGEMENT,1,YES,NO,YES
20130392,NO_ACCOUNT,12,NO,NO,YES,NO,NO,NO,1768,<100DM-500DM00DM,[1Year-4Years),3,NO,YES,NO,NO,NO,(1Year-2Years],YES,NO,24,NO,YES,NO,1,RESIDENT,1,NO,NO,YES
20130393,HIGH,10,YES,NO,NO,NO,NO,NO,781,<100DM-500DM00DM,>=7Years,4,NO,YES,NO,NO,NO,>=4Years,NO,YES,63,NO,NO,NO,2,OFFICIAL,1,YES,NO,YES
20130394,LOW,12,YES,NO,NO,NO,NO,NO,2121,<100DM-500DM00DM,[1Year-4Years),4,NO,YES,NO,NO,NO,(1Year-2Years],NO,NO,30,NO,NO,YES,2,OFFICIAL,1,NO,NO,YES
20130395,LOW,12,NO,NO,NO,YES,NO,NO,701,<100DM-500DM00DM,[1Year-4Years),4,NO,NO,YES,NO,NO,(1Year-2Years],YES,NO,40,NO,NO,YES,1,RESIDENT,1,NO,NO,YES
20130396,MEDIUM,12,NO,YES,NO,NO,NO,NO,1860,<100DM-500DM00DM,UNEMPLOYED,4,NO,YES,NO,NO,NO,(1Year-2Years],NO,NO,34,NO,NO,YES,2,MANAGEMENT,1,YES,NO,YES
20130397,MEDIUM,48,YES,NO,NO,NO,NO,NO,8487,N/A,[4Years-7Years),1,NO,NO,NO,NO,NO,(1Year-2Years],NO,NO,24,NO,NO,YES,1,OFFICIAL,1,NO,NO,YES
20130398,NO_ACCOUNT,15,NO,NO,YES,NO,NO,NO,2708,<100DM-500DM00DM,<1Year,2,NO,YES,NO,NO,NO,(2Years-3Years],NO,NO,27,YES,NO,YES,2,RESIDENT,1,NO,NO,YES
20130399,NO_ACCOUNT,18,NO,NO,YES,NO,NO,NO,1984,<100DM-500DM00DM,[1Year-4Years),4,NO,YES,NO,NO,NO,>=4Years,NO,YES,47,YES,NO,NO,2,OFFICIAL,1,NO,NO,YES
20130400,NO_ACCOUNT,60,NO,NO,NO,YES,NO,NO,10144,100DM-500DM,[4Years-7Years),2,NO,NO,NO,NO,NO,>=4Years,YES,NO,21,NO,NO,YES,1,OFFICIAL,1,YES,NO,YES
20130401,NO_ACCOUNT,12,NO,NO,NO,YES,NO,NO,1240,N/A,>=7Years,4,NO,NO,NO,NO,NO,(1Year-2Years],YES,NO,38,NO,NO,YES,2,OFFICIAL,1,YES,NO,YES
20130402,NO_ACCOUNT,27,NO,YES,NO,NO,NO,NO,8613,>=1000DM,[1Year-4Years),2,NO,YES,NO,NO,NO,(1Year-2Years],NO,NO,27,NO,NO,YES,2,OFFICIAL,1,NO,NO,YES
20130403,MEDIUM,15,NO,NO,NO,YES,NO,NO,2728,N/A,[4Years-7Years),4,NO,YES,NO,NO,YES,(1Year-2Years],YES,NO,35,YES,NO,YES,3,OFFICIAL,1,YES,NO,YES
20130404,HIGH,12,NO,NO,NO,YES,NO,NO,1881,<100DM-500DM00DM,[1Year-4Years),2,NO,NO,NO,NO,NO,(1Year-2Years],NO,NO,44,NO,YES,NO,1,RESIDENT,1,YES,NO,YES
20130405,HIGH,6,YES,NO,NO,NO,NO,NO,709,>=1000DM,<1Year,2,NO,NO,YES,NO,NO,(1Year-2Years],YES,NO,27,NO,NO,YES,1,UNEMPLOYED,1,NO,YES,YES
20130406,MEDIUM,36,NO,NO,NO,YES,NO,NO,4795,<100DM-500DM00DM,<1Year,4,NO,NO,NO,NO,NO,<=1Year,NO,YES,30,NO,NO,YES,1,MANAGEMENT,1,YES,NO,YES
20130407,LOW,27,NO,NO,NO,YES,NO,NO,3416,<100DM-500DM00DM,[1Year-4Years),3,NO,YES,NO,NO,NO,(1Year-2Years],NO,NO,27,NO,NO,YES,1,MANAGEMENT,1,NO,NO,YES
20130408,NO_ACCOUNT,21,NO,NO,YES,NO,NO,NO,2288,<100DM-500DM00DM,<1Year,4,NO,NO,NO,NO,NO,>=4Years,NO,NO,23,NO,NO,YES,1,OFFICIAL,1,YES,NO,YES
20130409,MEDIUM,48,NO,NO,NO,NO,NO,YES,3566,100DM-500DM,[4Years-7Years),4,NO,YES,NO,NO,NO,(1Year-2Years],NO,NO,30,NO,NO,YES,1,OFFICIAL,1,NO,NO,YES
20130410,LOW,6,YES,NO,NO,NO,NO,NO,860,<100DM-500DM00DM,>=7Years,1,NO,NO,NO,NO,NO,>=4Years,NO,YES,39,NO,NO,YES,2,OFFICIAL,1,YES,NO,YES
20130411,NO_ACCOUNT,12,YES,NO,NO,NO,NO,NO,682,100DM-500DM,[4Years-7Years),4,NO,NO,NO,NO,NO,(2Years-3Years],NO,NO,51,NO,NO,YES,2,OFFICIAL,1,YES,NO,YES
20130412,LOW,36,NO,NO,YES,NO,NO,NO,5371,<100DM-500DM00DM,[1Year-4Years),3,NO,YES,NO,NO,YES,(1Year-2Years],NO,NO,28,NO,NO,YES,2,OFFICIAL,1,NO,NO,YES
20130413,NO_ACCOUNT,18,NO,NO,NO,YES,NO,NO,1582,>=1000DM,>=7Years,4,NO,YES,NO,NO,NO,>=4Years,NO,NO,46,NO,NO,YES,2,OFFICIAL,1,NO,NO,YES
20130414,NO_ACCOUNT,6,NO,NO,NO,YES,NO,NO,1346,100DM-500DM,>=7Years,2,NO,YES,NO,NO,NO,>=4Years,NO,YES,42,YES,NO,NO,1,OFFICIAL,2,YES,NO,YES
20130415,NO_ACCOUNT,10,NO,NO,NO,YES,NO,NO,1924,<100DM-500DM00DM,[1Year-4Years),1,NO,YES,NO,NO,NO,>=4Years,NO,NO,38,NO,NO,YES,1,OFFICIAL,1,YES,YES,YES
20130416,HIGH,36,NO,NO,NO,YES,NO,NO,5848,<100DM-500DM00DM,[1Year-4Years),4,NO,YES,NO,NO,NO,<=1Year,NO,NO,24,NO,NO,YES,1,OFFICIAL,1,NO,NO,YES
20130417,MEDIUM,24,NO,YES,NO,NO,NO,NO,7758,>=1000DM,>=7Years,2,NO,NO,NO,NO,NO,>=4Years,NO,YES,29,NO,YES,NO,1,OFFICIAL,1,NO,NO,YES
20130418,MEDIUM,24,NO,NO,NO,NO,NO,YES,6967,100DM-500DM,[4Years-7Years),4,NO,YES,NO,NO,NO,>=4Years,NO,NO,36,NO,YES,NO,1,MANAGEMENT,1,YES,NO,YES
20130419,LOW,9,NO,NO,NO,NO,NO,NO,1288,100DM-500DM,>=7Years,3,NO,YES,NO,NO,YES,>=4Years,YES,NO,48,NO,NO,YES,2,OFFICIAL,2,NO,YES,YES
20130420,LOW,12,NO,NO,NO,NO,NO,NO,339,<100DM-500DM00DM,>=7Years,4,NO,NO,YES,NO,NO,<=1Year,NO,NO,45,YES,NO,YES,1,RESIDENT,1,NO,NO,YES
20130421,MEDIUM,24,YES,NO,NO,NO,NO,NO,3512,100DM-500DM,[4Years-7Years),2,NO,YES,NO,NO,NO,(2Years-3Years],NO,NO,38,YES,NO,YES,2,OFFICIAL,1,YES,NO,YES
20130422,NO_ACCOUNT,6,NO,NO,NO,YES,NO,NO,1898,N/A,[1Year-4Years),1,NO,YES,NO,NO,NO,(1Year-2Years],YES,NO,34,NO,NO,YES,2,RESIDENT,2,NO,NO,YES
20130423,NO_ACCOUNT,24,NO,NO,NO,YES,NO,NO,2872,100DM-500DM,>=7Years,3,NO,YES,NO,NO,NO,>=4Years,YES,NO,36,NO,NO,YES,1,OFFICIAL,2,YES,NO,YES
20130424,NO_ACCOUNT,18,YES,NO,NO,NO,NO,NO,1055,<100DM-500DM00DM,<1Year,4,NO,NO,NO,NO,NO,<=1Year,NO,NO,30,NO,NO,YES,2,OFFICIAL,1,NO,NO,YES
20130425,NO_ACCOUNT,15,NO,NO,NO,NO,NO,NO,1262,500DM-1000DM,[4Years-7Years),4,NO,YES,NO,NO,NO,(2Years-3Years],NO,NO,36,NO,NO,YES,2,OFFICIAL,1,YES,NO,YES
20130426,MEDIUM,10,YES,NO,NO,NO,NO,NO,7308,<100DM-500DM00DM,UNEMPLOYED,2,NO,YES,NO,NO,NO,>=4Years,NO,YES,70,YES,NO,NO,1,MANAGEMENT,1,YES,NO,YES
20130427,NO_ACCOUNT,36,YES,NO,NO,NO,NO,NO,909,500DM-1000DM,>=7Years,4,NO,YES,NO,NO,NO,>=4Years,NO,NO,36,NO,NO,YES,1,OFFICIAL,1,NO,NO,YES
20130428,NO_ACCOUNT,6,NO,NO,YES,NO,NO,NO,2978,500DM-1000DM,[1Year-4Years),1,NO,YES,NO,NO,NO,(1Year-2Years],NO,NO,32,NO,NO,YES,1,OFFICIAL,1,YES,NO,YES
20130429,MEDIUM,11,NO,NO,YES,NO,NO,NO,1577,>=1000DM,<1Year,4,NO,NO,NO,NO,NO,<=1Year,YES,NO,20,NO,NO,YES,1,OFFICIAL,1,NO,NO,YES
20130430,NO_ACCOUNT,24,NO,NO,YES,NO,NO,NO,3972,<100DM-500DM00DM,[4Years-7Years),2,NO,NO,NO,NO,NO,>=4Years,NO,NO,25,NO,YES,NO,1,OFFICIAL,1,YES,NO,YES
20130431,NO_ACCOUNT,12,NO,NO,YES,NO,NO,NO,763,<100DM-500DM00DM,[1Year-4Years),4,NO,NO,NO,NO,NO,<=1Year,YES,NO,26,NO,NO,YES,1,OFFICIAL,1,YES,NO,YES
20130432,MEDIUM,8,NO,NO,NO,YES,NO,NO,1414,<100DM-500DM00DM,[1Year-4Years),4,NO,YES,NO,NO,YES,(1Year-2Years],YES,NO,33,NO,NO,YES,1,OFFICIAL,1,NO,YES,YES
20130433,LOW,12,NO,NO,YES,NO,NO,NO,2577,<100DM-500DM00DM,[1Year-4Years),2,YES,NO,NO,NO,NO,<=1Year,NO,NO,42,NO,NO,YES,1,OFFICIAL,1,NO,NO,YES
20130434,LOW,6,NO,NO,NO,YES,NO,NO,338,500DM-1000DM,>=7Years,4,NO,YES,NO,NO,NO,>=4Years,NO,NO,52,NO,NO,YES,2,OFFICIAL,1,NO,NO,YES
20130435,NO_ACCOUNT,12,NO,NO,NO,YES,NO,NO,1963,<100DM-500DM00DM,[4Years-7Years),4,NO,YES,NO,NO,NO,(1Year-2Years],NO,NO,31,NO,YES,NO,2,MANAGEMENT,2,YES,NO,YES
20130436,LOW,21,YES,NO,NO,NO,NO,NO,571,<100DM-500DM00DM,>=7Years,4,NO,YES,NO,NO,NO,>=4Years,YES,NO,65,NO,NO,YES,2,OFFICIAL,1,NO,NO,YES
20130437,NO_ACCOUNT,24,NO,NO,YES,NO,NO,NO,3777,>=1000DM,[1Year-4Years),4,NO,YES,NO,NO,NO,>=4Years,YES,NO,50,NO,NO,YES,1,OFFICIAL,1,YES,NO,YES
20130438,NO_ACCOUNT,15,NO,NO,NO,YES,NO,NO,1360,<100DM-500DM00DM,[1Year-4Years),4,NO,YES,NO,NO,NO,(1Year-2Years],NO,NO,31,NO,NO,YES,2,OFFICIAL,1,NO,NO,YES
20130439,MEDIUM,16,YES,NO,NO,NO,NO,NO,1175,<100DM-500DM00DM,UNEMPLOYED,2,NO,YES,NO,NO,NO,(2Years-3Years],NO,NO,68,NO,NO,NO,3,UNEMPLOYED,1,YES,NO,YES
20130440,MEDIUM,18,NO,NO,YES,NO,NO,NO,3244,<100DM-500DM00DM,[1Year-4Years),1,NO,NO,NO,NO,NO,>=4Years,NO,NO,33,YES,NO,YES,2,OFFICIAL,1,YES,NO,YES
20130441,NO_ACCOUNT,6,NO,NO,NO,YES,NO,NO,2108,<100DM-500DM00DM,[4Years-7Years),2,NO,NO,YES,NO,NO,(1Year-2Years],YES,NO,29,NO,YES,NO,1,OFFICIAL,1,NO,NO,YES
20130442,NO_ACCOUNT,6,NO,NO,NO,YES,NO,NO,1382,<100DM-500DM00DM,[1Year-4Years),1,NO,NO,NO,NO,NO,<=1Year,NO,NO,28,NO,NO,YES,2,OFFICIAL,1,YES,NO,YES
20130443,MEDIUM,24,NO,YES,NO,NO,NO,NO,2760,N/A,>=7Years,4,NO,YES,NO,NO,NO,>=4Years,NO,YES,36,YES,NO,NO,1,OFFICIAL,1,YES,NO,YES
20130444,NO_ACCOUNT,9,NO,NO,NO,NO,YES,NO,936,500DM-1000DM,>=7Years,4,NO,YES,NO,NO,NO,(1Year-2Years],NO,NO,52,NO,NO,YES,2,OFFICIAL,1,YES,NO,YES
20130445,LOW,12,YES,NO,NO,NO,NO,NO,1168,<100DM-500DM00DM,[1Year-4Years),4,NO,NO,YES,NO,NO,(2Years-3Years],YES,NO,27,NO,NO,YES,1,RESIDENT,1,NO,NO,YES
20130446,NO_ACCOUNT,27,NO,NO,NO,NO,NO,YES,5117,<100DM-500DM00DM,[4Years-7Years),3,NO,YES,NO,NO,NO,>=4Years,NO,NO,26,NO,NO,YES,2,OFFICIAL,1,NO,NO,YES
20130447,NO_ACCOUNT,12,YES,NO,NO,NO,NO,NO,1495,<100DM-500DM00DM,>=7Years,4,NO,YES,NO,NO,NO,<=1Year,YES,NO,38,NO,NO,YES,2,RESIDENT,2,NO,NO,YES
20130448,LOW,30,NO,YES,NO,NO,NO,NO,10623,<100DM-500DM00DM,>=7Years,3,NO,YES,NO,NO,NO,>=4Years,NO,YES,38,NO,NO,NO,3,MANAGEMENT,2,YES,NO,YES
20130449,NO_ACCOUNT,12,NO,NO,YES,NO,NO,NO,1935,<100DM-500DM00DM,>=7Years,4,NO,YES,NO,NO,NO,>=4Years,YES,NO,43,NO,NO,YES,3,OFFICIAL,1,YES,NO,YES
20130450,MEDIUM,12,NO,NO,NO,NO,NO,NO,1424,<100DM-500DM00DM,[4Years-7Years),4,NO,YES,NO,NO,NO,(2Years-3Years],NO,NO,26,NO,NO,YES,1,OFFICIAL,1,NO,NO,YES
20130451,LOW,24,NO,NO,NO,NO,NO,YES,6568,<100DM-500DM00DM,[1Year-4Years),2,NO,NO,YES,NO,NO,(1Year-2Years],NO,NO,21,YES,NO,YES,1,RESIDENT,1,NO,NO,YES
20130452,NO_ACCOUNT,12,NO,YES,NO,NO,NO,NO,1413,>=1000DM,[4Years-7Years),3,NO,YES,NO,NO,NO,(1Year-2Years],NO,NO,55,NO,NO,YES,1,OFFICIAL,1,NO,YES,YES
20130453,NO_ACCOUNT,9,NO,NO,NO,YES,NO,NO,3074,N/A,[1Year-4Years),1,NO,YES,NO,NO,NO,(1Year-2Years],YES,NO,33,NO,NO,YES,2,OFFICIAL,2,NO,NO,YES
20130454,NO_ACCOUNT,36,NO,NO,NO,YES,NO,NO,3835,N/A,>=7Years,2,NO,NO,NO,NO,NO,>=4Years,YES,NO,45,NO,NO,YES,1,RESIDENT,1,YES,NO,YES
20130455,NO_ACCOUNT,36,NO,NO,NO,YES,NO,NO,3342,N/A,>=7Years,4,NO,YES,NO,NO,NO,(1Year-2Years],NO,NO,51,NO,NO,YES,1,OFFICIAL,1,YES,NO,YES
20130456,MEDIUM,6,NO,NO,NO,NO,NO,NO,932,N/A,[4Years-7Years),1,NO,NO,NO,NO,NO,(2Years-3Years],NO,NO,39,NO,NO,YES,2,RESIDENT,1,NO,NO,YES
20130457,LOW,18,NO,NO,NO,NO,NO,YES,3104,<100DM-500DM00DM,[4Years-7Years),3,NO,YES,NO,NO,NO,<=1Year,NO,NO,31,YES,NO,YES,1,OFFICIAL,1,YES,NO,YES
20130458,HIGH,36,NO,NO,NO,YES,NO,NO,3913,<100DM-500DM00DM,[1Year-4Years),2,NO,YES,NO,NO,NO,(1Year-2Years],YES,NO,23,NO,NO,YES,1,OFFICIAL,1,YES,NO,YES
20130459,LOW,24,NO,NO,YES,NO,NO,NO,3021,<100DM-500DM00DM,[1Year-4Years),2,YES,NO,NO,NO,NO,(1Year-2Years],YES,NO,24,NO,YES,NO,1,RESIDENT,1,NO,NO,YES
20130460,NO_ACCOUNT,10,YES,NO,NO,NO,NO,NO,1364,<100DM-500DM00DM,[1Year-4Years),2,NO,NO,NO,NO,NO,>=4Years,NO,NO,64,NO,NO,YES,1,OFFICIAL,1,YES,NO,YES
20130461,MEDIUM,12,NO,NO,NO,YES,NO,NO,625,<100DM-500DM00DM,<1Year,4,NO,NO,YES,NO,YES,<=1Year,YES,NO,26,YES,NO,YES,1,RESIDENT,1,NO,NO,YES
20130462,LOW,12,NO,NO,NO,NO,YES,NO,1200,N/A,[1Year-4Years),4,NO,NO,NO,NO,NO,>=4Years,NO,NO,23,YES,YES,NO,1,OFFICIAL,1,YES,NO,YES
20130463,NO_ACCOUNT,12,NO,NO,NO,YES,NO,NO,707,<100DM-500DM00DM,[1Year-4Years),4,NO,YES,NO,NO,NO,(1Year-2Years],YES,NO,30,YES,NO,YES,2,OFFICIAL,1,NO,NO,YES
20130464,NO_ACCOUNT,24,NO,NO,NO,NO,NO,YES,2978,N/A,[1Year-4Years),4,NO,YES,NO,NO,NO,>=4Years,YES,NO,32,NO,NO,YES,2,OFFICIAL,2,YES,NO,YES
20130465,NO_ACCOUNT,15,NO,YES,NO,NO,NO,NO,4657,<100DM-500DM00DM,[1Year-4Years),3,NO,YES,NO,NO,NO,(1Year-2Years],NO,NO,30,NO,NO,YES,1,OFFICIAL,1,YES,NO,YES
20130466,NO_ACCOUNT,36,NO,NO,NO,NO,NO,NO,2613,<100DM-500DM00DM,[1Year-4Years),4,NO,YES,NO,NO,NO,(1Year-2Years],NO,NO,27,NO,NO,YES,2,OFFICIAL,1,NO,NO,YES
20130467,LOW,24,NO,NO,YES,NO,NO,NO,3149,<100DM-500DM00DM,<1Year,4,NO,YES,NO,NO,NO,<=1Year,NO,YES,22,YES,NO,NO,1,OFFICIAL,1,NO,NO,YES
20130468,NO_ACCOUNT,9,YES,NO,NO,NO,NO,NO,2507,500DM-1000DM,>=7Years,2,NO,YES,NO,NO,NO,>=4Years,NO,YES,51,NO,NO,NO,1,RESIDENT,1,NO,NO,YES
20130469,NO_ACCOUNT,12,NO,NO,NO,YES,NO,NO,2141,100DM-500DM,[4Years-7Years),3,NO,YES,NO,NO,NO,<=1Year,NO,YES,35,NO,NO,YES,1,OFFICIAL,1,NO,NO,YES
20130470,MEDIUM,18,NO,NO,NO,YES,NO,NO,866,<100DM-500DM00DM,[1Year-4Years),4,NO,NO,YES,NO,YES,(1Year-2Years],YES,NO,25,NO,NO,YES,1,RESIDENT,1,NO,NO,YES
20130471,NO_ACCOUNT,4,NO,NO,NO,YES,NO,NO,1544,<100DM-500DM00DM,[4Years-7Years),2,NO,YES,NO,NO,NO,<=1Year,YES,NO,42,NO,NO,YES,3,RESIDENT,2,NO,NO,YES
20130472,NO_ACCOUNT,12,NO,NO,NO,YES,NO,NO,1291,<100DM-500DM00DM,[1Year-4Years),4,NO,NO,NO,NO,NO,(1Year-2Years],NO,NO,35,NO,NO,YES,2,OFFICIAL,1,NO,NO,YES
20130473,LOW,30,NO,NO,NO,YES,NO,NO,2522,<100DM-500DM00DM,>=7Years,1,NO,YES,NO,NO,YES,(2Years-3Years],NO,NO,39,NO,NO,YES,1,OFFICIAL,2,NO,NO,YES
20130474,NO_ACCOUNT,6,NO,NO,NO,YES,NO,NO,1595,<100DM-500DM00DM,[4Years-7Years),3,NO,YES,NO,NO,NO,(1Year-2Years],NO,NO,51,NO,NO,YES,1,OFFICIAL,2,NO,NO,YES
20130475,NO_ACCOUNT,12,NO,NO,NO,NO,NO,YES,1185,<100DM-500DM00DM,[1Year-4Years),3,NO,NO,NO,NO,NO,(1Year-2Years],YES,NO,27,NO,NO,YES,2,OFFICIAL,1,NO,NO,YES
20130476,NO_ACCOUNT,12,NO,NO,NO,NO,NO,NO,3447,500DM-1000DM,[1Year-4Years),4,NO,NO,NO,NO,NO,(2Years-3Years],YES,NO,35,NO,NO,YES,1,RESIDENT,2,NO,NO,YES
20130477,NO_ACCOUNT,24,NO,NO,NO,NO,NO,YES,1258,<100DM-500DM00DM,[4Years-7Years),4,NO,YES,NO,NO,NO,<=1Year,YES,NO,25,NO,NO,YES,1,OFFICIAL,1,YES,NO,YES
20130478,NO_ACCOUNT,12,NO,NO,NO,YES,NO,NO,717,<100DM-500DM00DM,>=7Years,4,NO,YES,NO,NO,NO,>=4Years,YES,NO,52,NO,NO,YES,3,OFFICIAL,1,NO,NO,YES
20130479,NO_ACCOUNT,6,YES,NO,NO,NO,NO,NO,1204,100DM-500DM,[1Year-4Years),4,NO,YES,NO,NO,NO,<=1Year,NO,YES,35,YES,YES,NO,1,OFFICIAL,1,NO,YES,YES
20130480,HIGH,24,NO,NO,YES,NO,NO,NO,1925,<100DM-500DM00DM,[1Year-4Years),2,NO,YES,NO,NO,NO,(1Year-2Years],YES,NO,26,NO,NO,YES,1,OFFICIAL,1,NO,NO,YES
20130481,LOW,6,YES,NO,NO,NO,NO,NO,666,>=1000DM,[4Years-7Years),3,NO,NO,NO,NO,NO,>=4Years,YES,NO,39,NO,NO,YES,2,RESIDENT,1,YES,NO,YES
20130482,HIGH,12,NO,NO,YES,NO,NO,NO,2251,<100DM-500DM00DM,[1Year-4Years),1,NO,NO,NO,NO,NO,(1Year-2Years],NO,NO,46,NO,NO,YES,1,RESIDENT,1,NO,NO,YES
20130483,NO_ACCOUNT,24,NO,NO,YES,NO,NO,NO,4151,100DM-500DM,[1Year-4Years),2,NO,YES,NO,NO,NO,(2Years-3Years],NO,NO,35,NO,NO,YES,2,OFFICIAL,1,NO,NO,YES
20130484,MEDIUM,9,NO,NO,YES,NO,NO,NO,2030,N/A,[4Years-7Years),2,NO,YES,NO,NO,NO,<=1Year,NO,NO,24,NO,NO,YES,1,OFFICIAL,1,YES,NO,YES
20130485,MEDIUM,60,NO,NO,NO,YES,NO,NO,7418,N/A,[1Year-4Years),1,NO,YES,NO,NO,NO,<=1Year,YES,NO,27,NO,NO,YES,1,RESIDENT,1,NO,NO,YES
20130486,NO_ACCOUNT,24,NO,NO,NO,YES,NO,NO,2684,<100DM-500DM00DM,[1Year-4Years),4,NO,YES,NO,NO,NO,(1Year-2Years],YES,NO,35,NO,NO,YES,2,RESIDENT,1,NO,NO,YES
20130487,NO_ACCOUNT,15,NO,YES,NO,NO,NO,NO,3812,100DM-500DM,<1Year,1,NO,NO,NO,NO,NO,>=4Years,NO,NO,23,NO,NO,YES,1,OFFICIAL,1,YES,NO,YES
20130488,NO_ACCOUNT,11,NO,NO,NO,YES,NO,NO,1154,100DM-500DM,UNEMPLOYED,4,NO,NO,NO,NO,NO,>=4Years,YES,NO,57,NO,NO,YES,3,RESIDENT,1,NO,NO,YES
20130489,LOW,12,NO,NO,YES,NO,NO,NO,1657,<100DM-500DM00DM,[1Year-4Years),2,NO,YES,NO,NO,NO,(1Year-2Years],YES,NO,27,NO,NO,YES,1,OFFICIAL,1,NO,NO,YES
20130490,LOW,24,NO,NO,NO,YES,NO,NO,1603,<100DM-500DM00DM,>=7Years,4,NO,NO,NO,NO,NO,>=4Years,NO,NO,55,NO,NO,YES,1,OFFICIAL,1,NO,NO,YES
20130491,LOW,18,YES,NO,NO,NO,NO,NO,5302,<100DM-500DM00DM,>=7Years,2,NO,YES,NO,NO,NO,>=4Years,NO,YES,36,NO,NO,NO,3,MANAGEMENT,1,YES,NO,YES
20130492,NO_ACCOUNT,12,NO,NO,NO,NO,YES,NO,2748,<100DM-500DM00DM,>=7Years,2,NO,NO,NO,NO,NO,>=4Years,NO,YES,57,YES,NO,NO,3,RESIDENT,1,NO,NO,YES
20130493,NO_ACCOUNT,10,YES,NO,NO,NO,NO,NO,1231,<100DM-500DM00DM,>=7Years,3,NO,YES,NO,NO,NO,>=4Years,YES,NO,32,NO,NO,YES,2,RESIDENT,2,NO,YES,YES
20130494,NO_ACCOUNT,36,NO,NO,NO,NO,NO,YES,6304,N/A,>=7Years,4,NO,YES,NO,NO,NO,>=4Years,YES,NO,36,NO,NO,YES,2,OFFICIAL,1,NO,NO,YES
20130495,NO_ACCOUNT,24,NO,NO,NO,YES,NO,NO,1533,<100DM-500DM00DM,<1Year,4,NO,NO,NO,NO,NO,(2Years-3Years],NO,NO,38,YES,NO,YES,1,OFFICIAL,1,YES,NO,YES
20130496,NO_ACCOUNT,24,NO,NO,NO,YES,NO,NO,999,N/A,>=7Years,4,NO,YES,NO,NO,NO,(1Year-2Years],NO,NO,25,NO,NO,YES,2,OFFICIAL,1,NO,NO,YES
20130497,NO_ACCOUNT,18,YES,NO,NO,NO,NO,NO,2662,N/A,[4Years-7Years),4,NO,YES,NO,NO,NO,(2Years-3Years],NO,NO,32,NO,NO,YES,1,OFFICIAL,1,NO,YES,YES
20130498,NO_ACCOUNT,12,NO,NO,YES,NO,NO,NO,1402,500DM-1000DM,[4Years-7Years),3,NO,NO,NO,NO,NO,>=4Years,NO,NO,37,NO,YES,NO,1,OFFICIAL,1,YES,NO,YES
20130499,MEDIUM,48,YES,NO,NO,NO,NO,NO,12169,N/A,UNEMPLOYED,4,NO,YES,NO,YES,NO,>=4Years,NO,YES,36,NO,NO,NO,1,MANAGEMENT,1,YES,NO,YES
20130500,NO_ACCOUNT,9,NO,NO,NO,YES,NO,NO,2697,<100DM-500DM00DM,[1Year-4Years),1,NO,YES,NO,NO,NO,(1Year-2Years],YES,NO,32,NO,NO,YES,1,OFFICIAL,2,NO,NO,YES
20130501,NO_ACCOUNT,18,NO,NO,NO,YES,NO,NO,2404,<100DM-500DM00DM,[1Year-4Years),2,NO,NO,NO,NO,NO,(1Year-2Years],NO,NO,26,NO,NO,YES,2,OFFICIAL,1,NO,NO,YES
20130502,LOW,12,NO,NO,YES,NO,NO,NO,1262,N/A,>=7Years,2,YES,NO,NO,NO,NO,>=4Years,NO,NO,49,NO,NO,YES,1,RESIDENT,1,YES,NO,YES
20130503,NO_ACCOUNT,24,NO,NO,NO,YES,NO,NO,1901,100DM-500DM,[1Year-4Years),4,NO,YES,NO,NO,NO,>=4Years,NO,NO,29,NO,YES,NO,1,MANAGEMENT,1,YES,NO,YES
20130504,NO_ACCOUNT,15,NO,YES,NO,NO,NO,NO,3368,>=1000DM,>=7Years,3,NO,YES,NO,NO,NO,>=4Years,NO,YES,23,NO,YES,NO,2,OFFICIAL,1,YES,NO,YES
20130505,NO_ACCOUNT,12,NO,NO,YES,NO,NO,NO,1574,<100DM-500DM00DM,[1Year-4Years),4,NO,YES,NO,NO,NO,(1Year-2Years],YES,NO,50,NO,NO,YES,1,OFFICIAL,1,NO,NO,YES
20130506,HIGH,18,NO,NO,NO,YES,NO,NO,1445,N/A,[4Years-7Years),4,NO,YES,NO,NO,NO,>=4Years,NO,NO,49,YES,NO,YES,1,RESIDENT,1,NO,NO,YES
20130507,NO_ACCOUNT,15,NO,NO,YES,NO,NO,NO,1520,N/A,>=7Years,4,NO,YES,NO,NO,NO,>=4Years,NO,NO,63,NO,NO,YES,1,OFFICIAL,1,NO,NO,YES
20130508,MEDIUM,24,YES,NO,NO,NO,NO,NO,3878,100DM-500DM,<1Year,4,YES,NO,NO,NO,NO,(1Year-2Years],NO,NO,37,NO,NO,YES,1,OFFICIAL,1,YES,NO,YES
20130509,LOW,47,YES,NO,NO,NO,NO,NO,10722,<100DM-500DM00DM,<1Year,1,NO,NO,NO,NO,NO,<=1Year,YES,NO,35,NO,NO,YES,1,RESIDENT,1,YES,NO,YES
20130510,LOW,48,NO,YES,NO,NO,NO,NO,4788,<100DM-500DM00DM,[4Years-7Years),4,NO,YES,NO,NO,NO,(2Years-3Years],NO,NO,26,NO,NO,YES,1,OFFICIAL,2,NO,NO,YES
20130511,MEDIUM,48,NO,NO,NO,NO,NO,NO,7582,100DM-500DM,UNEMPLOYED,2,NO,YES,NO,NO,NO,>=4Years,NO,YES,31,NO,NO,NO,1,MANAGEMENT,1,YES,NO,YES
20130512,MEDIUM,12,NO,NO,NO,YES,NO,NO,1092,<100DM-500DM00DM,[1Year-4Years),4,NO,NO,NO,NO,YES,>=4Years,YES,NO,49,NO,NO,YES,2,OFFICIAL,1,YES,NO,YES
20130513,NO_ACCOUNT,12,NO,NO,NO,NO,NO,YES,1076,<100DM-500DM00DM,[1Year-4Years),2,NO,NO,YES,NO,NO,(1Year-2Years],YES,NO,26,NO,NO,YES,1,OFFICIAL,1,YES,YES,YES
20130514,LOW,24,NO,YES,NO,NO,NO,NO,6419,<100DM-500DM00DM,>=7Years,2,NO,NO,NO,NO,NO,>=4Years,NO,YES,44,NO,NO,NO,2,MANAGEMENT,2,YES,NO,YES
20130515,HIGH,42,NO,YES,NO,NO,NO,NO,4796,<100DM-500DM00DM,>=7Years,4,NO,YES,NO,NO,NO,>=4Years,NO,YES,56,NO,NO,NO,1,OFFICIAL,1,NO,NO,YES
20130516,NO_ACCOUNT,48,NO,NO,NO,NO,NO,YES,7629,N/A,>=7Years,4,YES,NO,NO,NO,NO,(1Year-2Years],NO,NO,46,YES,NO,YES,2,MANAGEMENT,2,NO,NO,YES
20130517,NO_ACCOUNT,12,NO,YES,NO,NO,NO,NO,4675,N/A,<1Year,1,NO,NO,NO,NO,NO,>=4Years,NO,NO,20,NO,YES,NO,1,OFFICIAL,1,NO,NO,YES
20130518,NO_ACCOUNT,10,YES,NO,NO,NO,NO,NO,1287,N/A,>=7Years,4,NO,YES,NO,YES,NO,(1Year-2Years],NO,NO,45,NO,NO,YES,1,RESIDENT,1,NO,YES,YES
20130519,NO_ACCOUNT,18,NO,NO,YES,NO,NO,NO,2515,<100DM-500DM00DM,[1Year-4Years),3,NO,YES,NO,NO,NO,>=4Years,YES,NO,43,NO,NO,YES,1,OFFICIAL,1,YES,NO,YES
20130520,MEDIUM,21,NO,NO,YES,NO,NO,NO,2745,>=1000DM,[4Years-7Years),3,NO,YES,NO,NO,NO,(1Year-2Years],NO,NO,32,NO,NO,YES,2,OFFICIAL,1,YES,NO,YES
20130521,NO_ACCOUNT,6,YES,NO,NO,NO,NO,NO,672,<100DM-500DM00DM,UNEMPLOYED,1,NO,NO,NO,NO,NO,>=4Years,YES,NO,54,NO,NO,YES,1,UNEMPLOYED,1,YES,NO,YES
20130522,LOW,10,YES,NO,NO,NO,NO,NO,1038,<100DM-500DM00DM,[4Years-7Years),4,NO,YES,NO,YES,NO,(2Years-3Years],NO,NO,49,NO,NO,YES,2,OFFICIAL,1,YES,NO,YES
20130523,NO_ACCOUNT,6,NO,NO,YES,NO,NO,NO,1543,>=1000DM,[1Year-4Years),4,YES,NO,NO,NO,NO,(1Year-2Years],YES,NO,33,NO,NO,YES,1,OFFICIAL,1,NO,NO,YES
20130524,NO_ACCOUNT,30,NO,YES,NO,NO,NO,NO,4811,N/A,[4Years-7Years),2,NO,NO,NO,NO,NO,>=4Years,NO,NO,24,YES,YES,NO,1,RESIDENT,1,NO,NO,YES
20130525,MEDIUM,9,YES,NO,NO,NO,NO,NO,276,<100DM-500DM00DM,[1Year-4Years),4,NO,NO,YES,NO,NO,>=4Years,YES,NO,22,NO,YES,NO,1,RESIDENT,1,NO,NO,YES
20130526,MEDIUM,48,NO,NO,NO,NO,NO,NO,5381,N/A,UNEMPLOYED,3,NO,YES,NO,NO,NO,>=4Years,NO,YES,40,YES,NO,NO,1,UNEMPLOYED,1,YES,NO,YES
20130527,NO_ACCOUNT,24,NO,NO,YES,NO,NO,NO,5511,100DM-500DM,[1Year-4Years),4,NO,YES,NO,NO,NO,<=1Year,NO,NO,25,YES,NO,YES,1,OFFICIAL,1,NO,NO,YES
20130528,HIGH,24,NO,NO,YES,NO,NO,NO,3749,<100DM-500DM00DM,<1Year,2,NO,NO,NO,NO,NO,>=4Years,NO,NO,26,NO,NO,YES,1,OFFICIAL,1,NO,NO,YES
20130529,HIGH,4,YES,NO,NO,NO,NO,NO,1494,N/A,<1Year,1,NO,YES,NO,NO,NO,(1Year-2Years],YES,NO,29,NO,NO,YES,1,RESIDENT,2,NO,YES,YES
20130530,LOW,12,NO,NO,YES,NO,NO,NO,708,<100DM-500DM00DM,[1Year-4Years),2,NO,YES,NO,NO,YES,(2Years-3Years],NO,NO,38,NO,NO,YES,1,RESIDENT,2,NO,NO,YES
20130531,MEDIUM,24,NO,NO,YES,NO,NO,NO,4351,N/A,[1Year-4Years),1,NO,NO,NO,NO,NO,>=4Years,NO,NO,48,NO,NO,YES,1,RESIDENT,1,YES,NO,YES
20130532,NO_ACCOUNT,12,NO,NO,NO,NO,YES,NO,701,<100DM-500DM00DM,[1Year-4Years),4,NO,YES,NO,NO,NO,(1Year-2Years],NO,NO,32,NO,NO,YES,2,OFFICIAL,1,NO,NO,YES
20130533,LOW,15,NO,NO,YES,NO,NO,NO,3643,<100DM-500DM00DM,>=7Years,1,NO,NO,NO,NO,NO,>=4Years,NO,NO,27,NO,NO,YES,2,RESIDENT,1,NO,NO,YES
20130534,LOW,24,NO,YES,NO,NO,NO,NO,2910,<100DM-500DM00DM,[4Years-7Years),2,NO,YES,NO,NO,NO,<=1Year,NO,YES,34,NO,NO,NO,1,MANAGEMENT,1,YES,NO,YES
20130535,LOW,18,NO,NO,YES,NO,NO,NO,2659,>=1000DM,[1Year-4Years),4,NO,YES,NO,NO,NO,(1Year-2Years],NO,NO,28,NO,NO,YES,1,OFFICIAL,1,NO,NO,YES
20130536,NO_ACCOUNT,18,YES,NO,NO,NO,NO,NO,1028,<100DM-500DM00DM,[1Year-4Years),4,NO,NO,NO,NO,NO,(2Years-3Years],YES,NO,36,NO,NO,YES,2,OFFICIAL,1,NO,NO,YES
20130537,LOW,8,YES,NO,NO,NO,NO,NO,3398,<100DM-500DM00DM,[4Years-7Years),1,NO,YES,NO,NO,NO,>=4Years,YES,NO,39,NO,NO,YES,2,RESIDENT,1,NO,YES,YES
20130538,NO_ACCOUNT,12,NO,NO,YES,NO,NO,NO,5801,N/A,>=7Years,2,NO,YES,NO,NO,NO,>=4Years,NO,NO,49,NO,YES,NO,1,OFFICIAL,1,YES,NO,YES
20130539,NO_ACCOUNT,24,YES,NO,NO,NO,NO,NO,1525,>=1000DM,[4Years-7Years),4,NO,NO,NO,NO,NO,(2Years-3Years],NO,NO,34,NO,NO,YES,1,OFFICIAL,2,YES,NO,YES
20130540,HIGH,36,NO,NO,NO,YES,NO,NO,4473,<100DM-500DM00DM,>=7Years,4,NO,YES,NO,NO,NO,(1Year-2Years],NO,NO,31,NO,NO,YES,1,OFFICIAL,1,NO,NO,YES
20130541,MEDIUM,6,NO,NO,NO,YES,NO,NO,1068,<100DM-500DM00DM,>=7Years,4,NO,YES,NO,NO,NO,>=4Years,NO,NO,28,NO,NO,YES,1,OFFICIAL,2,NO,NO,YES
20130542,LOW,24,NO,YES,NO,NO,NO,NO,6615,<100DM-500DM00DM,UNEMPLOYED,2,NO,YES,NO,NO,NO,>=4Years,NO,YES,75,NO,NO,NO,2,MANAGEMENT,1,YES,NO,YES
20130543,MEDIUM,13,NO,NO,NO,YES,NO,NO,2101,<100DM-500DM00DM,<1Year,2,NO,NO,NO,NO,YES,>=4Years,NO,NO,23,NO,NO,YES,1,RESIDENT,1,NO,NO,YES
20130544,LOW,24,NO,NO,YES,NO,NO,NO,4169,<100DM-500DM00DM,[1Year-4Years),4,NO,YES,NO,NO,NO,>=4Years,NO,NO,28,NO,NO,YES,1,OFFICIAL,1,NO,NO,YES
20130545,MEDIUM,10,NO,NO,YES,NO,NO,NO,1521,<100DM-500DM00DM,[1Year-4Years),4,YES,NO,NO,NO,NO,(1Year-2Years],NO,NO,31,NO,NO,YES,1,RESIDENT,1,NO,NO,YES
20130546,MEDIUM,24,NO,NO,NO,NO,YES,NO,5743,<100DM-500DM00DM,<1Year,2,NO,NO,NO,NO,NO,>=4Years,NO,YES,24,NO,NO,NO,2,OFFICIAL,1,YES,NO,YES
20130547,LOW,21,NO,NO,YES,NO,NO,NO,3599,<100DM-500DM00DM,[4Years-7Years),1,NO,NO,NO,NO,NO,>=4Years,NO,NO,26,NO,YES,NO,1,RESIDENT,1,NO,NO,YES
20130548,MEDIUM,18,NO,NO,NO,YES,NO,NO,3213,500DM-1000DM,<1Year,1,NO,NO,YES,NO,NO,(2Years-3Years],YES,NO,25,NO,YES,NO,1,OFFICIAL,1,NO,NO,YES
20130549,MEDIUM,18,NO,NO,NO,NO,NO,YES,4439,<100DM-500DM00DM,>=7Years,1,NO,YES,NO,YES,NO,<=1Year,YES,NO,33,YES,NO,YES,1,MANAGEMENT,1,YES,NO,YES
20130550,HIGH,10,YES,NO,NO,NO,NO,NO,3949,<100DM-500DM00DM,<1Year,1,NO,YES,NO,NO,YES,<=1Year,NO,NO,37,NO,NO,YES,1,RESIDENT,2,NO,NO,YES
20130551,NO_ACCOUNT,15,NO,NO,NO,YES,NO,NO,1459,<100DM-500DM00DM,[1Year-4Years),4,NO,NO,NO,NO,NO,(1Year-2Years],NO,NO,43,NO,NO,YES,1,RESIDENT,1,NO,NO,YES
20130552,MEDIUM,13,NO,NO,NO,YES,NO,NO,882,<100DM-500DM00DM,<1Year,4,NO,YES,NO,NO,YES,>=4Years,YES,NO,23,NO,NO,YES,2,OFFICIAL,1,NO,NO,YES
20130553,MEDIUM,24,NO,NO,NO,YES,NO,NO,3758,500DM-1000DM,UNEMPLOYED,1,NO,NO,NO,NO,NO,>=4Years,NO,YES,23,NO,YES,NO,1,UNEMPLOYED,1,NO,NO,YES
20130554,NO_ACCOUNT,6,NO,NO,NO,NO,NO,YES,1743,100DM-500DM,[1Year-4Years),1,NO,YES,NO,NO,NO,(1Year-2Years],YES,NO,34,NO,NO,YES,2,RESIDENT,1,NO,NO,YES
20130555,NO_ACCOUNT,9,NO,NO,NO,NO,NO,NO,1236,<100DM-500DM00DM,<1Year,1,NO,NO,NO,NO,NO,>=4Years,YES,NO,23,NO,YES,NO,1,OFFICIAL,1,YES,NO,YES
20130556,NO_ACCOUNT,18,NO,YES,NO,NO,NO,NO,3229,N/A,UNEMPLOYED,2,NO,YES,NO,NO,NO,>=4Years,NO,YES,38,NO,NO,YES,1,MANAGEMENT,1,YES,NO,YES
20130557,NO_ACCOUNT,10,NO,NO,NO,NO,YES,NO,727,500DM-1000DM,>=7Years,4,NO,YES,NO,NO,NO,>=4Years,NO,YES,46,NO,NO,NO,1,OFFICIAL,1,YES,NO,YES
20130558,NO_ACCOUNT,12,NO,NO,NO,YES,NO,NO,2331,N/A,>=7Years,1,NO,YES,NO,YES,NO,>=4Years,YES,NO,49,NO,NO,YES,1,OFFICIAL,1,YES,NO,YES
20130559,NO_ACCOUNT,12,NO,NO,NO,YES,NO,NO,776,<100DM-500DM00DM,[1Year-4Years),4,NO,NO,YES,NO,NO,(1Year-2Years],YES,NO,28,NO,NO,YES,1,OFFICIAL,1,NO,NO,YES
20130560,MEDIUM,18,NO,NO,NO,NO,YES,NO,1239,N/A,[1Year-4Years),4,NO,YES,NO,NO,NO,>=4Years,NO,YES,61,NO,NO,NO,1,OFFICIAL,1,NO,NO,YES
20130561,HIGH,12,NO,NO,NO,YES,NO,NO,3399,N/A,>=7Years,2,NO,YES,NO,NO,NO,(2Years-3Years],NO,NO,37,NO,NO,YES,1,MANAGEMENT,1,NO,NO,YES
20130562,HIGH,12,YES,NO,NO,NO,NO,NO,2247,<100DM-500DM00DM,[1Year-4Years),2,NO,NO,NO,NO,NO,(1Year-2Years],NO,NO,36,YES,NO,YES,2,OFFICIAL,1,YES,NO,YES
20130563,NO_ACCOUNT,6,NO,NO,YES,NO,NO,NO,1766,<100DM-500DM00DM,[1Year-4Years),1,NO,NO,YES,NO,NO,(1Year-2Years],NO,NO,21,NO,YES,NO,1,OFFICIAL,1,NO,NO,YES
20130564,NO_ACCOUNT,12,NO,NO,NO,NO,NO,YES,1542,<100DM-500DM00DM,[4Years-7Years),2,NO,YES,NO,NO,NO,>=4Years,NO,NO,36,NO,NO,YES,1,OFFICIAL,1,YES,NO,YES
20130565,NO_ACCOUNT,18,NO,YES,NO,NO,NO,NO,3850,<100DM-500DM00DM,[4Years-7Years),3,NO,YES,NO,NO,NO,<=1Year,NO,NO,27,NO,NO,YES,2,OFFICIAL,1,NO,NO,YES
20130566,LOW,18,NO,NO,YES,NO,NO,NO,3650,<100DM-500DM00DM,<1Year,1,NO,NO,NO,NO,NO,>=4Years,NO,NO,22,NO,YES,NO,1,OFFICIAL,1,NO,NO,YES
20130567,MEDIUM,18,NO,NO,YES,NO,NO,NO,3001,<100DM-500DM00DM,[4Years-7Years),2,NO,NO,NO,NO,NO,>=4Years,YES,NO,40,NO,YES,NO,1,OFFICIAL,1,NO,NO,YES
20130568,NO_ACCOUNT,36,YES,NO,NO,NO,NO,NO,3079,N/A,[1Year-4Years),4,NO,YES,NO,NO,NO,>=4Years,YES,NO,36,NO,NO,YES,1,OFFICIAL,1,NO,NO,YES
20130569,NO_ACCOUNT,18,NO,NO,NO,YES,NO,NO,6070,<100DM-500DM00DM,>=7Years,3,NO,YES,NO,NO,NO,>=4Years,NO,NO,33,NO,NO,YES,2,OFFICIAL,1,YES,NO,YES
20130570,NO_ACCOUNT,10,NO,NO,YES,NO,NO,NO,2146,<100DM-500DM00DM,<1Year,1,NO,NO,NO,NO,NO,(2Years-3Years],YES,NO,23,NO,YES,NO,2,OFFICIAL,1,NO,NO,YES
20130571,NO_ACCOUNT,60,YES,NO,NO,NO,NO,NO,13756,N/A,>=7Years,2,NO,YES,NO,NO,NO,>=4Years,NO,YES,63,YES,NO,NO,1,MANAGEMENT,1,YES,NO,YES
20130572,NO_ACCOUNT,18,NO,NO,NO,YES,NO,NO,2320,<100DM-500DM00DM,UNEMPLOYED,2,NO,NO,YES,NO,NO,(2Years-3Years],YES,NO,34,NO,NO,YES,2,OFFICIAL,1,NO,NO,YES
20130573,NO_ACCOUNT,7,NO,NO,NO,YES,NO,NO,846,N/A,>=7Years,3,NO,YES,NO,NO,NO,>=4Years,NO,YES,36,NO,NO,NO,1,OFFICIAL,1,NO,NO,YES
20130574,NO_ACCOUNT,6,YES,NO,NO,NO,NO,NO,362,100DM-500DM,[1Year-4Years),4,NO,NO,NO,NO,NO,>=4Years,NO,NO,52,NO,NO,YES,2,RESIDENT,1,NO,NO,YES
20130575,LOW,20,NO,NO,YES,NO,NO,NO,2212,N/A,[4Years-7Years),4,NO,YES,NO,NO,NO,>=4Years,NO,NO,39,NO,NO,YES,1,OFFICIAL,1,YES,NO,YES
20130576,NO_ACCOUNT,22,YES,NO,NO,NO,NO,NO,1283,N/A,[4Years-7Years),4,NO,NO,NO,NO,NO,>=4Years,NO,NO,25,NO,YES,NO,1,OFFICIAL,1,NO,NO,YES
20130577,HIGH,12,YES,NO,NO,NO,NO,NO,1330,<100DM-500DM00DM,<1Year,4,NO,YES,NO,NO,NO,<=1Year,YES,NO,26,NO,NO,YES,1,OFFICIAL,1,NO,NO,YES
20130578,NO_ACCOUNT,30,NO,NO,NO,NO,NO,YES,4272,100DM-500DM,[1Year-4Years),2,NO,YES,NO,NO,NO,(1Year-2Years],NO,NO,26,NO,NO,YES,2,RESIDENT,1,NO,NO,YES
20130579,NO_ACCOUNT,18,NO,NO,NO,YES,NO,NO,2238,<100DM-500DM00DM,[1Year-4Years),2,NO,NO,NO,NO,NO,<=1Year,NO,NO,25,NO,NO,YES,2,OFFICIAL,1,NO,NO,YES
20130580,NO_ACCOUNT,18,NO,NO,NO,YES,NO,NO,1126,N/A,<1Year,4,NO,NO,NO,NO,NO,(1Year-2Years],YES,NO,21,NO,YES,NO,1,OFFICIAL,1,YES,NO,YES
20130581,MEDIUM,18,NO,NO,YES,NO,NO,NO,7374,<100DM-500DM00DM,UNEMPLOYED,4,NO,YES,NO,NO,NO,>=4Years,NO,NO,40,YES,NO,YES,2,MANAGEMENT,1,YES,NO,YES
20130582,MEDIUM,15,NO,NO,NO,NO,NO,YES,2326,500DM-1000DM,[1Year-4Years),2,NO,YES,NO,NO,NO,>=4Years,NO,NO,27,YES,NO,YES,1,OFFICIAL,1,NO,NO,YES
20130583,NO_ACCOUNT,9,NO,NO,NO,NO,NO,YES,1449,<100DM-500DM00DM,[4Years-7Years),3,NO,NO,NO,NO,NO,(1Year-2Years],NO,NO,27,NO,NO,YES,2,OFFICIAL,1,NO,NO,YES
20130584,NO_ACCOUNT,18,YES,NO,NO,NO,NO,NO,1820,<100DM-500DM00DM,[1Year-4Years),2,NO,NO,YES,NO,NO,(1Year-2Years],NO,NO,30,NO,NO,YES,1,MANAGEMENT,1,YES,NO,YES
20130585,MEDIUM,12,NO,NO,YES,NO,NO,NO,983,>=1000DM,<1Year,1,NO,NO,NO,NO,NO,>=4Years,YES,NO,19,NO,YES,NO,1,RESIDENT,1,NO,NO,YES
20130586,LOW,36,YES,NO,NO,NO,NO,NO,3249,<100DM-500DM00DM,[4Years-7Years),2,NO,YES,NO,NO,NO,>=4Years,NO,YES,39,YES,NO,NO,1,MANAGEMENT,2,YES,NO,YES
20130587,LOW,6,NO,NO,NO,YES,NO,NO,1957,<100DM-500DM00DM,[4Years-7Years),1,NO,NO,NO,NO,NO,>=4Years,NO,NO,31,NO,NO,YES,1,OFFICIAL,1,NO,NO,YES
20130588,NO_ACCOUNT,9,NO,NO,YES,NO,NO,NO,2406,<100DM-500DM00DM,UNEMPLOYED,2,NO,YES,NO,NO,NO,(2Years-3Years],NO,NO,31,NO,NO,YES,1,MANAGEMENT,1,NO,NO,YES
20130589,MEDIUM,39,NO,NO,NO,NO,YES,NO,11760,100DM-500DM,[4Years-7Years),2,NO,YES,NO,NO,NO,(2Years-3Years],NO,YES,32,NO,YES,NO,1,OFFICIAL,1,YES,NO,YES
20130590,LOW,12,NO,NO,YES,NO,NO,NO,2578,<100DM-500DM00DM,UNEMPLOYED,3,NO,NO,NO,NO,NO,>=4Years,NO,YES,55,NO,NO,NO,1,MANAGEMENT,1,NO,NO,YES
20130591,LOW,36,NO,NO,YES,NO,NO,NO,2348,<100DM-500DM00DM,[1Year-4Years),3,NO,NO,YES,NO,NO,(1Year-2Years],NO,NO,46,NO,NO,YES,2,OFFICIAL,1,YES,NO,YES
20130592,NO_ACCOUNT,24,NO,NO,NO,YES,NO,NO,1516,>=1000DM,[1Year-4Years),4,NO,NO,NO,NO,NO,<=1Year,YES,NO,43,NO,NO,YES,2,RESIDENT,1,NO,NO,YES
20130593,NO_ACCOUNT,18,NO,NO,NO,YES,NO,NO,1473,<100DM-500DM00DM,<1Year,3,NO,NO,YES,NO,NO,>=4Years,YES,NO,39,NO,NO,YES,1,OFFICIAL,1,YES,NO,YES
20130594,MEDIUM,18,NO,NO,NO,NO,NO,YES,1887,N/A,[1Year-4Years),4,NO,NO,YES,NO,NO,>=4Years,YES,NO,28,YES,NO,YES,2,OFFICIAL,1,NO,NO,YES
20130595,NO_ACCOUNT,14,YES,NO,NO,NO,NO,NO,802,<100DM-500DM00DM,[1Year-4Years),4,NO,YES,NO,NO,NO,(1Year-2Years],NO,NO,27,NO,NO,YES,2,RESIDENT,1,NO,NO,YES
20130596,MEDIUM,18,YES,NO,NO,NO,NO,NO,2899,N/A,>=7Years,4,NO,YES,NO,NO,NO,>=4Years,NO,NO,43,NO,NO,YES,1,OFFICIAL,2,NO,NO,YES
20130597,NO_ACCOUNT,24,NO,YES,NO,NO,NO,NO,2197,N/A,[4Years-7Years),4,NO,YES,NO,NO,NO,>=4Years,NO,NO,43,NO,NO,YES,2,OFFICIAL,2,YES,NO,YES
20130598,LOW,15,NO,NO,NO,YES,NO,NO,1053,<100DM-500DM00DM,<1Year,4,NO,NO,YES,NO,NO,(1Year-2Years],YES,NO,27,NO,NO,YES,1,OFFICIAL,1,NO,YES,YES
20130599,NO_ACCOUNT,24,NO,NO,NO,YES,NO,NO,3235,500DM-1000DM,>=7Years,3,YES,NO,NO,NO,NO,(1Year-2Years],NO,NO,26,NO,NO,YES,1,MANAGEMENT,1,YES,NO,YES
20130600,MEDIUM,24,NO,NO,NO,YES,NO,NO,1967,<100DM-500DM00DM,>=7Years,4,NO,NO,NO,NO,NO,>=4Years,NO,NO,20,NO,NO,YES,1,OFFICIAL,1,YES,NO,YES
