Customer_ID,Age,Gender,Area,Email,Mobile,Logins 4 weeks,Logins 6 months,Sales 4 weeks,Sales 6 months,Sales total,Response
ID140001,64,female,urban,free,never,1,1,0,0,0,no
ID140002,49,male,urban,premium,never,0,4,0,0,0,yes
ID140003,63,male,urban,free,never,0,0,0,0,0,no
ID140004,75,male,urban,premium,yes,0,0,0,0,0,yes
ID140005,37,female,urban,free,yes,0,0,0,0,62,no
ID140006,30,male,urban,free,yes,0,8,0,30,30,yes
ID140007,58,male,urban,free,yes,0,8,0,0,0,yes
ID140008,35,female,urban,free,yes,0,0,0,0,0,no
ID140009,21,female,urban,free,never,0,8,0,0,0,no
ID140010,35,male,urban,free,yes,0,0,0,0,155,yes
ID140011,32,female,urban,free,never,0,1,0,0,0,no
ID140012,46,male,rural,premium,never,3,3,0,0,0,yes
ID140013,38,female,urban,free,never,0,1,0,0,0,no
ID140014,61,male,rural,free,yes,0,0,0,0,0,no
ID140015,50,female,urban,premium,never,0,0,0,0,0,no
ID140016,32,female,rural,free,yes,0,5,0,0,0,no
ID140017,17,male,urban,free,never,0,0,0,0,0,no
ID140018,30,female,urban,free,never,0,0,0,0,0,no
ID140019,18,female,urban,premium,yes,0,0,0,0,0,yes
ID140020,42,male,urban,free,never,0,1,0,0,0,no
ID140021,18,female,urban,free,never,0,0,0,0,0,no
ID140022,29,female,rural,free,never,0,0,0,0,0,no
ID140023,85,female,urban,premium,never,0,0,0,0,68,no
ID140024,23,male,urban,free,yes,0,0,0,0,0,yes
ID140025,78,female,urban,free,never,0,0,0,0,0,no
ID140026,39,male,urban,free,yes,0,2,0,206,206,yes
ID140027,33,male,urban,premium,never,6,6,0,0,74,yes
ID140028,27,female,urban,free,never,0,2,0,0,0,no
ID140029,62,female,urban,premium,never,10,33,0,0,0,yes
ID140030,36,female,urban,free,never,0,0,0,0,0,no
ID140031,65,male,urban,free,never,0,0,0,0,0,no
ID140032,43,female,urban,free,never,0,0,0,0,0,no
ID140033,43,female,rural,free,yes,0,0,0,0,0,no
ID140034,21,female,urban,free,never,0,10,0,0,0,no
ID140035,55,male,urban,free,yes,0,0,0,0,0,yes
ID140036,22,female,urban,free,never,0,0,0,0,0,no
ID140037,45,female,urban,free,never,0,0,0,0,0,no
ID140038,49,female,urban,free,never,0,0,0,0,0,no
ID140039,66,female,urban,free,never,0,3,0,0,0,no
ID140040,77,male,urban,free,yes,0,0,0,0,0,no
ID140041,61,male,urban,free,yes,0,2,0,0,179,yes
ID140042,46,female,urban,free,never,0,0,0,0,0,no
ID140043,75,male,rural,free,never,0,1,0,0,92,no
ID140044,57,female,urban,premium,yes,0,0,0,0,0,yes
ID140045,59,male,urban,premium,never,0,0,0,0,0,yes
ID140046,41,female,urban,free,yes,0,0,0,0,0,no
ID140047,79,female,urban,premium,never,14,31,0,0,0,yes
ID140048,45,female,urban,free,never,12,12,47,47,47,yes
ID140049,60,male,urban,free,yes,0,7,0,43,43,yes
ID140050,70,female,urban,free,yes,3,3,100,100,100,yes
ID140051,30,female,urban,free,never,0,0,0,0,0,no
ID140052,58,female,urban,free,yes,0,3,0,0,0,no
ID140053,24,female,urban,free,always,0,0,0,0,0,no
ID140054,29,male,urban,premium,never,7,7,135,135,135,yes
ID140055,64,female,urban,premium,yes,5,5,111,111,111,yes
ID140056,23,female,urban,free,yes,0,0,0,0,0,no
ID140057,80,female,urban,free,yes,0,0,0,0,0,no
ID140058,36,male,urban,premium,always,0,5,0,0,0,yes
ID140059,36,male,rural,free,never,0,0,0,0,184,no
ID140060,19,female,urban,premium,never,0,0,0,0,0,yes
ID140061,66,female,urban,free,never,0,0,0,0,0,no
ID140062,37,female,urban,free,yes,7,8,0,175,175,yes
ID140063,23,male,urban,free,never,0,0,0,0,226,no
ID140064,23,female,urban,free,never,1,1,0,0,0,no
ID140065,47,female,urban,free,never,2,4,0,0,0,no
ID140066,17,male,urban,free,never,17,17,0,0,0,yes
ID140067,24,female,urban,free,yes,4,4,0,0,34,yes
ID140068,75,male,urban,premium,yes,0,0,0,0,0,yes
ID140069,31,male,urban,free,never,0,0,0,0,0,no
ID140070,44,female,urban,free,never,16,16,0,0,195,yes
ID140071,67,female,urban,premium,never,0,3,0,0,0,yes
ID140072,53,male,urban,free,yes,8,36,0,216,216,yes
ID140073,42,male,urban,premium,never,0,0,0,0,125,yes
ID140074,45,male,urban,free,never,11,24,101,101,101,yes
ID140075,33,female,urban,free,never,0,2,0,6,6,no
ID140076,81,female,rural,free,yes,0,0,0,0,0,no
ID140077,84,male,urban,premium,yes,9,9,0,0,45,yes
ID140078,66,female,urban,free,never,0,2,0,266,266,yes
ID140079,31,female,urban,free,never,0,0,0,0,0,no
ID140080,53,female,urban,free,never,2,2,0,0,0,no
ID140081,55,female,rural,free,yes,9,9,0,0,0,yes
ID140082,51,male,urban,premium,never,11,11,0,0,0,yes
ID140083,38,male,urban,premium,never,5,5,0,0,0,yes
ID140084,56,female,urban,free,never,0,0,0,0,0,no
ID140085,20,male,urban,free,yes,0,0,0,0,0,yes
ID140086,26,female,rural,free,never,0,0,0,0,0,no
ID140087,58,female,urban,free,yes,0,0,0,0,0,no
ID140088,32,male,rural,free,never,0,0,0,0,0,no
ID140089,51,female,urban,premium,never,9,9,0,0,244,yes
ID140090,37,female,urban,premium,yes,10,26,29,194,194,yes
ID140091,40,female,urban,free,yes,0,10,0,102,102,yes
ID140092,57,male,urban,premium,never,0,0,0,0,0,yes
ID140093,60,female,urban,free,never,0,0,0,0,0,no
ID140094,52,male,rural,free,never,0,5,0,134,134,yes
ID140095,29,female,urban,free,never,0,0,0,0,0,no
ID140096,40,male,rural,free,never,0,0,0,0,22,no
ID140097,47,male,urban,free,never,0,5,0,0,0,no
ID140098,32,female,urban,free,never,0,0,0,0,199,no
ID140099,81,female,urban,free,never,0,0,0,0,0,no
ID140100,18,female,urban,premium,never,0,4,0,0,0,yes
ID140101,27,female,urban,free,yes,7,7,0,0,0,yes
ID140102,25,male,urban,premium,never,0,0,0,0,0,yes
ID140103,81,male,urban,premium,never,0,0,0,0,0,yes
ID140104,36,male,urban,premium,never,0,0,0,0,0,yes
ID140105,34,male,urban,free,never,4,4,0,0,0,yes
ID140106,34,male,urban,free,yes,0,0,0,0,0,yes
ID140107,17,male,urban,free,never,0,3,0,17,93,no
ID140108,33,male,urban,free,never,0,0,0,0,62,no
ID140109,81,male,urban,free,never,0,6,0,0,0,no
ID140110,22,female,urban,premium,never,12,12,0,0,0,yes
ID140111,46,male,urban,free,yes,2,2,0,0,0,yes
ID140112,38,male,urban,free,never,0,0,0,0,0,no
ID140113,34,female,urban,free,always,5,5,0,0,0,no
ID140114,24,female,rural,free,never,0,0,0,0,35,no
ID140115,39,female,rural,free,never,0,0,0,0,66,no
ID140116,47,male,rural,premium,never,14,14,0,0,0,yes
ID140117,48,female,urban,premium,yes,0,5,0,0,0,yes
ID140118,19,male,urban,free,never,0,6,0,61,61,yes
ID140119,43,male,urban,free,yes,0,8,0,215,215,yes
ID140120,50,male,urban,free,never,0,0,0,0,0,no
ID140121,87,female,urban,premium,never,0,0,0,0,0,no
ID140122,60,female,urban,free,never,0,6,0,0,0,no
ID140123,55,male,rural,free,never,0,0,0,0,0,no
ID140124,59,male,urban,free,yes,0,0,0,0,0,yes
ID140125,61,male,urban,free,always,0,0,0,0,0,no
ID140126,31,female,urban,premium,yes,7,7,0,0,0,yes
ID140127,36,female,urban,free,never,13,31,0,0,0,yes
ID140128,63,female,rural,free,never,0,0,0,0,0,no
ID140129,46,male,urban,free,yes,4,18,0,0,0,yes
ID140130,60,male,urban,free,yes,0,2,0,0,0,yes
ID140131,27,male,urban,free,yes,0,0,0,0,0,yes
ID140132,18,female,urban,free,yes,0,0,0,0,0,no
ID140133,39,male,urban,free,yes,16,16,0,0,0,yes
ID140134,38,male,urban,free,never,0,0,0,0,0,no
ID140135,86,male,rural,free,never,1,1,0,0,0,no
ID140136,21,male,urban,free,yes,0,0,0,0,0,yes
ID140137,67,female,rural,premium,yes,8,8,0,0,0,yes
ID140138,21,male,urban,free,never,0,6,0,0,0,no
ID140139,29,male,urban,free,never,0,0,0,0,16,no
ID140140,51,female,urban,free,never,0,0,0,0,0,no
ID140141,62,male,urban,free,yes,0,0,0,0,0,yes
ID140142,66,male,urban,free,never,9,9,0,0,0,yes
ID140143,23,male,urban,free,never,0,0,0,0,0,no
ID140144,76,female,rural,premium,never,0,1,0,43,43,no
ID140145,30,female,urban,free,yes,0,4,0,0,167,yes
ID140146,90,female,rural,free,never,0,0,0,0,0,no
ID140147,72,female,urban,free,yes,0,4,0,0,0,no
ID140148,58,female,urban,free,never,0,4,0,0,0,no
ID140149,84,female,urban,free,never,0,4,0,0,0,no
ID140150,30,male,urban,free,always,0,0,0,0,0,no
ID140151,37,male,rural,free,yes,0,2,0,15,15,no
ID140152,21,male,rural,free,never,0,0,0,0,0,no
ID140153,81,female,urban,free,yes,7,12,0,0,0,yes
ID140154,34,male,urban,free,never,0,7,0,0,0,no
ID140155,73,male,urban,free,yes,2,2,0,0,0,yes
ID140156,25,female,urban,premium,yes,0,0,0,0,0,yes
ID140157,47,female,urban,free,never,8,8,33,33,33,yes
ID140158,61,male,urban,free,yes,8,8,0,0,47,yes
ID140159,21,male,urban,free,never,0,3,0,0,0,no
ID140160,31,male,urban,free,never,0,0,0,0,0,no
ID140161,49,female,urban,free,yes,0,0,0,0,87,no
ID140162,43,male,urban,premium,always,0,0,0,0,0,yes
ID140163,61,male,urban,free,yes,0,0,0,0,0,yes
ID140164,24,male,rural,free,yes,0,0,0,0,0,no
ID140165,19,female,rural,free,never,0,4,0,0,0,no
ID140166,36,female,rural,premium,never,0,0,0,0,0,no
ID140167,55,male,urban,free,yes,0,0,0,0,0,yes
ID140168,49,male,urban,free,never,13,13,104,104,104,yes
ID140169,50,male,rural,free,yes,0,6,0,0,0,no
ID140170,32,male,urban,free,yes,0,0,0,0,0,yes
ID140171,90,male,urban,free,never,7,7,71,71,71,yes
ID140172,43,female,urban,premium,never,0,0,0,0,0,no
ID140173,57,male,rural,premium,never,0,3,0,0,0,yes
ID140174,17,female,urban,free,never,0,0,0,0,0,no
ID140175,37,male,rural,free,never,0,5,0,78,78,no
ID140176,57,female,urban,free,never,0,17,0,0,0,no
ID140177,31,male,urban,free,never,0,1,0,0,0,no
ID140178,52,male,rural,premium,yes,0,1,0,0,147,yes
ID140179,71,female,urban,free,never,5,5,110,110,110,yes
ID140180,71,female,rural,free,yes,0,0,0,0,0,no
ID140181,31,male,urban,free,always,0,0,0,0,0,no
ID140182,47,male,urban,free,never,0,9,0,300,396,yes
ID140183,56,female,rural,free,yes,3,14,0,0,0,yes
ID140184,42,female,rural,free,never,0,9,0,0,0,no
ID140185,27,female,urban,free,never,0,0,0,0,0,no
ID140186,55,male,urban,premium,yes,20,20,0,0,0,yes
ID140187,27,male,rural,free,yes,2,2,0,0,0,yes
ID140188,35,female,urban,free,never,0,7,0,0,0,no
ID140189,23,female,urban,free,never,0,0,0,0,0,no
ID140190,29,male,urban,free,yes,0,0,0,0,0,yes
ID140191,45,male,urban,free,never,0,0,0,0,0,no
ID140192,55,female,urban,free,yes,0,4,0,0,0,no
ID140193,37,female,urban,free,always,0,7,0,23,23,no
ID140194,55,female,rural,free,never,0,0,0,0,113,no
ID140195,68,male,urban,free,never,0,0,0,0,0,no
ID140196,45,female,urban,premium,never,0,1,0,0,0,yes
ID140197,52,male,rural,premium,yes,11,11,0,0,0,yes
ID140198,61,male,urban,free,yes,0,0,0,0,0,yes
ID140199,29,female,urban,free,never,0,0,0,0,0,no
ID140200,21,female,rural,free,never,0,0,0,0,0,no
ID140201,41,male,urban,free,yes,13,13,0,0,24,yes
ID140202,30,female,urban,free,yes,6,16,44,310,310,yes
ID140203,53,male,urban,free,never,0,0,0,0,0,no
ID140204,34,male,rural,premium,yes,0,0,0,0,0,yes
ID140205,78,male,rural,free,never,0,0,0,0,0,no
ID140206,60,female,urban,free,never,0,3,0,82,82,no
ID140207,26,female,urban,premium,never,7,7,5,5,5,yes
ID140208,49,female,urban,premium,never,0,5,0,0,0,yes
ID140209,30,female,urban,free,yes,0,0,0,0,0,no
ID140210,23,female,urban,free,never,0,7,0,0,0,no
ID140211,88,male,urban,free,yes,8,22,0,0,0,yes
ID140212,46,female,urban,premium,never,0,0,0,0,0,no
ID140213,29,female,urban,free,never,0,0,0,0,0,no
ID140214,27,male,urban,free,never,0,5,0,0,0,no
ID140215,53,male,urban,free,never,0,0,0,0,0,no
ID140216,84,male,urban,free,yes,0,0,0,0,0,no
ID140217,83,male,urban,free,never,0,0,0,0,0,no
ID140218,77,female,urban,free,yes,0,0,0,0,0,no
ID140219,18,male,rural,free,yes,5,5,0,0,0,yes
ID140220,87,female,urban,premium,yes,3,3,67,67,259,yes
ID140221,44,male,urban,free,yes,0,3,0,0,0,yes
ID140222,32,male,urban,premium,never,0,0,0,0,0,yes
ID140223,29,female,urban,free,always,0,0,0,0,0,no
ID140224,67,female,urban,free,yes,0,1,0,0,35,no
ID140225,43,male,rural,free,never,13,13,0,0,0,yes
ID140226,31,male,urban,free,never,11,11,0,0,0,yes
ID140227,29,male,urban,free,yes,0,0,0,0,0,yes
ID140228,32,male,urban,premium,never,0,5,0,0,0,yes
ID140229,17,female,urban,free,never,5,12,0,0,55,yes
ID140230,23,male,urban,free,never,0,0,0,0,0,no
ID140231,89,female,urban,free,never,10,10,0,0,0,yes
ID140232,27,female,rural,free,yes,0,0,0,0,0,no
ID140233,56,female,urban,free,always,0,11,0,0,0,no
ID140234,66,male,urban,free,never,0,7,0,0,0,no
ID140235,65,male,urban,free,always,0,8,0,0,431,yes
ID140236,59,male,urban,premium,never,0,7,0,240,240,yes
ID140237,83,male,urban,free,yes,16,16,218,218,218,yes
ID140238,59,male,urban,free,yes,0,0,0,0,54,yes
ID140239,53,male,urban,free,never,0,2,0,0,0,no
ID140240,46,female,urban,free,never,8,17,0,0,0,yes
ID140241,32,female,urban,free,never,0,6,0,0,0,no
ID140242,54,male,urban,free,never,0,0,0,0,0,no
ID140243,75,female,urban,free,never,0,0,0,0,0,no
ID140244,32,male,urban,free,always,0,0,0,0,0,no
ID140245,42,female,urban,free,never,5,5,0,0,0,no
ID140246,77,female,urban,free,never,0,4,0,51,198,no
ID140247,42,female,urban,free,yes,0,9,0,0,0,yes
ID140248,53,male,urban,free,never,1,17,0,0,0,yes
ID140249,33,female,urban,free,never,0,4,0,0,0,no
ID140250,77,male,urban,premium,never,1,1,0,0,0,yes
ID140251,40,female,urban,premium,never,0,0,0,0,0,yes
ID140252,62,male,urban,free,yes,0,0,0,0,0,yes
ID140253,37,male,rural,free,never,0,0,0,0,0,no
ID140254,21,male,rural,premium,never,0,3,0,0,0,yes
ID140255,30,male,rural,free,never,0,3,0,98,98,no
ID140256,66,male,urban,free,yes,0,3,0,0,0,yes
ID140257,69,female,urban,free,yes,0,0,0,0,0,no
ID140258,55,female,urban,premium,never,0,0,0,0,237,yes
ID140259,49,male,urban,free,yes,1,1,0,0,0,yes
ID140260,44,male,urban,free,never,0,0,0,0,0,no
ID140261,28,female,urban,free,yes,0,0,0,0,0,no
ID140262,39,male,rural,free,yes,0,6,0,0,0,yes
ID140263,36,male,urban,free,never,0,4,0,0,181,no
ID140264,76,female,urban,free,never,12,12,0,0,0,yes
ID140265,39,male,urban,free,yes,0,0,0,0,0,yes
ID140266,65,male,urban,free,never,0,0,0,0,0,no
ID140267,50,female,urban,free,yes,2,2,0,0,0,no
ID140268,18,female,rural,free,never,0,3,0,24,24,no
ID140269,59,male,rural,premium,never,0,1,0,0,0,yes
ID140270,44,male,urban,free,yes,0,1,0,96,96,yes
ID140271,76,female,urban,free,never,5,5,0,0,0,no
ID140272,56,male,urban,free,never,7,7,0,0,0,yes
ID140273,88,female,urban,free,never,4,4,0,0,0,no
ID140274,44,female,urban,premium,never,0,6,0,0,0,yes
ID140275,50,male,urban,free,always,0,0,0,0,0,no
ID140276,44,male,urban,free,never,0,0,0,0,0,no
ID140277,51,female,urban,free,never,6,6,0,0,0,no
ID140278,46,male,rural,free,never,2,2,0,0,0,no
ID140279,35,female,rural,free,never,0,0,0,0,133,no
ID140280,23,male,rural,free,yes,0,0,0,0,0,no
ID140281,27,female,urban,premium,yes,0,4,0,0,0,yes
ID140282,34,male,urban,premium,never,0,10,0,0,0,yes
ID140283,21,male,urban,free,never,6,6,0,0,0,yes
ID140284,58,female,urban,free,never,2,29,0,0,50,yes
ID140285,59,female,urban,premium,yes,0,5,0,0,0,yes
ID140286,56,female,rural,free,always,0,0,0,0,0,no
ID140287,57,female,urban,free,never,13,25,0,171,171,yes
ID140288,57,female,urban,free,yes,0,0,0,0,0,no
ID140289,59,female,urban,free,never,0,3,0,0,0,no
ID140290,27,female,urban,free,yes,0,5,0,111,111,yes
ID140291,59,male,urban,free,never,0,9,0,0,19,no
ID140292,36,female,urban,free,never,0,0,0,0,0,no
ID140293,55,female,urban,free,never,11,11,88,88,88,yes
ID140294,47,female,rural,free,never,0,0,0,0,0,no
ID140295,45,female,urban,free,yes,9,9,0,0,0,yes
ID140296,73,male,urban,free,never,0,5,0,7,7,no
ID140297,55,male,rural,free,never,0,0,0,0,0,no
ID140298,86,male,urban,premium,always,10,17,0,0,0,yes
ID140299,28,female,urban,free,yes,0,0,0,0,0,no
ID140300,28,female,urban,free,never,0,0,0,0,0,no
ID140301,43,female,urban,premium,yes,0,6,0,66,66,yes
ID140302,44,female,urban,free,yes,0,0,0,0,0,no
ID140303,55,female,urban,free,never,0,4,0,286,286,yes
ID140304,61,male,urban,free,never,6,6,0,0,0,yes
ID140305,52,male,urban,premium,yes,0,4,0,218,218,yes
ID140306,64,male,urban,free,never,0,5,0,0,0,no
ID140307,56,female,urban,free,never,0,9,0,0,0,no
ID140308,24,female,urban,free,yes,0,0,0,0,0,no
ID140309,50,female,urban,free,yes,0,0,0,0,0,no
ID140310,60,female,urban,free,yes,0,2,0,0,0,no
ID140311,32,female,urban,free,never,11,11,0,0,0,yes
ID140312,26,female,urban,free,never,0,0,0,0,56,no
ID140313,37,female,urban,premium,yes,15,37,0,153,206,yes
ID140314,26,male,urban,premium,yes,0,6,0,0,0,yes
ID140315,26,female,urban,free,never,0,0,0,0,0,no
ID140316,44,male,urban,free,yes,3,3,0,0,0,yes
ID140317,70,female,urban,free,never,0,2,0,0,100,no
ID140318,81,male,urban,free,never,5,5,0,0,0,yes
ID140319,52,male,urban,free,yes,0,3,0,0,0,yes
ID140320,51,male,urban,free,yes,11,14,0,0,0,yes
ID140321,50,female,urban,free,never,8,8,0,0,0,yes
ID140322,48,male,urban,free,never,0,0,0,0,0,no
ID140323,28,male,rural,free,never,0,0,0,0,0,no
ID140324,76,female,urban,free,never,4,4,0,0,0,no
ID140325,34,female,urban,free,yes,4,24,0,0,0,yes
ID140326,67,male,urban,free,yes,0,0,0,0,0,no
ID140327,52,male,rural,free,never,0,0,0,0,0,no
ID140328,50,male,rural,premium,never,0,0,0,0,0,yes
ID140329,54,male,urban,free,never,0,2,0,0,0,no
ID140330,66,female,urban,free,always,0,9,0,0,0,no
ID140331,26,male,urban,free,yes,0,0,0,0,0,yes
ID140332,59,male,rural,free,yes,5,9,0,125,153,yes
ID140333,24,male,urban,free,never,0,0,0,0,16,no
ID140334,60,male,urban,free,never,10,10,0,0,0,yes
ID140335,24,male,urban,free,yes,0,3,0,46,46,yes
ID140336,68,female,urban,free,never,0,0,0,0,0,no
ID140337,38,male,urban,premium,always,0,0,0,0,0,yes
ID140338,27,male,urban,free,yes,0,0,0,0,0,yes
ID140339,32,female,urban,free,never,8,8,0,0,0,yes
ID140340,27,male,urban,free,never,14,16,63,63,63,yes
ID140341,41,female,rural,free,always,0,6,0,46,306,no
ID140342,22,male,rural,free,never,0,3,0,0,0,no
ID140343,31,male,urban,free,never,0,0,0,0,0,no
ID140344,78,male,urban,free,never,0,3,0,190,190,yes
ID140345,56,female,urban,free,yes,0,0,0,0,0,no
ID140346,35,male,urban,premium,never,0,0,0,0,0,yes
ID140347,78,male,urban,premium,yes,0,0,0,0,0,yes
ID140348,40,male,urban,premium,never,0,0,0,0,0,yes
ID140349,45,male,urban,free,never,3,3,0,0,0,no
ID140350,17,male,urban,free,never,0,3,0,0,0,no
ID140351,85,male,rural,free,never,6,6,0,0,130,no
ID140352,38,male,urban,premium,never,3,3,0,0,0,yes
ID140353,77,male,urban,premium,never,0,0,0,0,0,yes
ID140354,64,female,urban,free,never,0,0,0,0,0,no
ID140355,29,female,urban,free,yes,0,0,0,0,0,no
ID140356,33,male,urban,free,never,5,5,0,0,0,yes
ID140357,58,female,urban,free,always,0,7,0,161,161,yes
ID140358,19,male,rural,free,yes,0,4,0,71,71,yes
ID140359,79,female,urban,premium,yes,0,0,0,0,225,yes
ID140360,50,female,urban,free,never,0,6,0,43,43,no
ID140361,21,female,urban,free,never,0,2,0,0,0,no
ID140362,63,female,urban,free,yes,0,0,0,0,0,no
ID140363,52,male,urban,free,never,0,5,0,180,260,yes
ID140364,57,female,urban,free,never,0,10,0,0,0,no
ID140365,71,female,rural,free,yes,0,4,0,98,98,no
ID140366,28,male,urban,free,yes,2,2,0,0,0,yes
ID140367,63,male,urban,premium,never,0,4,0,0,0,yes
ID140368,73,female,urban,premium,yes,0,0,0,0,0,yes
ID140369,19,female,urban,free,never,0,0,0,0,0,no
ID140370,17,male,urban,free,yes,0,0,0,0,0,yes
ID140371,54,female,rural,free,yes,3,3,0,0,0,no
ID140372,49,male,urban,free,yes,0,0,0,0,0,yes
ID140373,53,male,urban,premium,yes,0,0,0,0,0,yes
ID140374,64,female,urban,free,yes,0,0,0,0,99,no
ID140375,55,female,urban,free,never,0,0,0,0,0,no
ID140376,31,female,rural,free,yes,0,0,0,0,0,no
ID140377,54,female,rural,free,never,0,0,0,0,0,no
ID140378,48,female,rural,free,never,0,0,0,0,0,no
ID140379,45,male,urban,free,never,0,0,0,0,101,no
ID140380,32,male,urban,free,never,0,5,0,0,0,no
ID140381,47,female,urban,free,never,0,0,0,0,112,no
ID140382,81,female,urban,premium,yes,0,8,0,0,109,yes
ID140383,44,male,urban,premium,never,0,0,0,0,172,yes
ID140384,23,female,urban,free,never,0,4,0,0,0,no
ID140385,59,female,urban,free,never,0,0,0,0,0,no
ID140386,50,female,urban,free,yes,2,2,86,86,160,yes
ID140387,53,male,urban,premium,never,2,2,0,0,0,yes
ID140388,77,male,urban,premium,never,0,0,0,0,0,yes
ID140389,48,female,urban,free,yes,0,3,0,0,0,no
ID140390,41,female,urban,free,never,0,0,0,0,0,no
ID140391,53,female,urban,free,never,2,2,0,0,0,no
ID140392,53,male,urban,free,yes,0,3,0,0,0,yes
ID140393,26,male,rural,free,never,18,18,124,124,124,yes
ID140394,85,male,urban,free,never,4,4,0,0,0,no
ID140395,47,male,urban,free,never,7,7,39,39,39,yes
ID140396,34,female,urban,free,never,6,6,0,0,0,no
ID140397,46,male,urban,premium,yes,0,0,0,0,0,yes
ID140398,77,male,urban,free,yes,0,0,0,0,0,no
ID140399,33,male,urban,free,never,0,0,0,0,0,no
ID140400,25,female,urban,free,never,19,33,0,0,0,yes
ID140401,20,male,urban,free,never,10,10,0,0,0,yes
ID140402,45,female,urban,free,never,4,4,0,0,0,no
ID140403,22,male,urban,free,yes,0,5,0,0,0,yes
ID140404,23,female,rural,premium,never,0,2,0,2,2,no
ID140405,55,female,urban,premium,yes,0,3,0,0,0,yes
ID140406,41,male,urban,free,never,0,0,0,0,0,no
ID140407,22,male,urban,free,never,0,0,0,0,96,no
ID140408,39,male,urban,free,never,0,6,0,255,255,yes
ID140409,40,female,urban,free,yes,0,0,0,0,0,no
ID140410,48,male,urban,free,never,0,0,0,0,0,no
ID140411,64,male,urban,premium,never,0,0,0,0,0,yes
ID140412,66,male,urban,premium,never,0,0,0,0,0,yes
ID140413,44,male,urban,free,never,7,7,0,0,0,yes
ID140414,34,female,urban,free,yes,0,4,0,0,0,no
ID140415,47,female,urban,free,never,1,1,0,0,176,no
ID140416,24,female,urban,free,yes,4,4,0,0,0,yes
ID140417,34,male,urban,premium,never,4,4,0,0,0,yes
ID140418,45,male,rural,free,never,0,0,0,0,0,no
ID140419,49,male,urban,premium,yes,0,0,0,0,151,yes
ID140420,34,female,urban,free,yes,0,0,0,0,0,no
ID140421,56,female,urban,free,yes,0,9,0,0,0,no
ID140422,75,female,urban,free,never,19,19,39,39,39,yes
ID140423,44,male,rural,premium,never,6,21,0,122,122,yes
ID140424,58,female,urban,free,never,0,0,0,0,0,no
ID140425,43,male,urban,free,yes,0,0,0,0,0,yes
ID140426,33,female,urban,premium,never,6,6,0,0,0,yes
ID140427,52,male,urban,free,never,3,3,0,0,0,no
ID140428,19,male,rural,free,yes,7,7,0,0,0,yes
ID140429,42,female,urban,free,yes,25,25,145,145,145,yes
ID140430,43,male,urban,free,never,0,0,0,0,0,no
ID140431,58,female,urban,free,never,0,0,0,0,0,no
ID140432,82,female,urban,premium,yes,0,2,0,0,0,yes
ID140433,77,male,urban,premium,never,0,4,0,0,0,yes
ID140434,30,female,urban,free,never,0,0,0,0,0,no
ID140435,29,male,urban,free,never,0,8,0,0,0,no
ID140436,22,male,urban,free,never,0,5,0,0,0,no
ID140437,44,female,urban,premium,yes,0,0,0,0,0,yes
ID140438,54,male,urban,free,yes,6,10,31,31,31,yes
ID140439,26,female,urban,free,never,0,3,0,63,213,no
ID140440,48,male,urban,premium,never,0,2,0,0,0,yes
ID140441,38,female,urban,premium,yes,2,19,89,89,89,yes
ID140442,18,male,urban,premium,never,0,6,0,0,267,yes
ID140443,38,female,urban,free,never,7,7,48,48,48,yes
ID140444,24,female,rural,free,never,0,0,0,0,0,no
ID140445,18,male,urban,free,never,0,0,0,0,0,no
ID140446,73,male,urban,free,yes,0,9,0,0,0,yes
ID140447,43,male,urban,free,never,0,0,0,0,342,no
ID140448,38,male,urban,free,never,0,12,0,0,0,yes
ID140449,33,female,urban,premium,yes,0,5,0,0,0,yes
ID140450,68,female,urban,premium,yes,0,5,0,0,0,yes
ID140451,29,male,rural,free,yes,0,0,0,0,0,no
ID140452,75,male,rural,free,yes,0,0,0,0,0,no
ID140453,51,female,urban,free,never,0,4,0,0,0,no
ID140454,91,male,urban,free,never,0,4,0,0,0,no
ID140455,30,male,urban,free,yes,0,0,0,0,0,yes
ID140456,46,male,urban,free,never,0,0,0,0,0,no
ID140457,52,male,urban,free,never,0,3,0,0,0,no
ID140458,17,female,urban,premium,never,0,6,0,0,0,yes
ID140459,43,male,rural,premium,never,0,0,0,0,0,yes
ID140460,43,female,urban,premium,never,0,0,0,0,0,no
ID140461,39,male,urban,free,never,2,2,0,0,0,no
ID140462,46,male,urban,free,always,0,0,0,0,9,no
ID140463,86,male,urban,premium,yes,0,0,0,0,0,yes
ID140464,24,male,urban,free,never,0,0,0,0,0,no
ID140465,74,male,urban,free,never,5,5,78,78,263,yes
ID140466,17,female,urban,free,never,0,0,0,0,0,no
ID140467,40,male,urban,free,never,0,0,0,0,67,no
ID140468,45,female,urban,free,never,0,0,0,0,0,no
ID140469,51,male,urban,free,never,0,2,0,0,0,no
ID140470,26,male,urban,free,yes,0,0,0,0,0,yes
ID140471,29,male,urban,premium,never,0,0,0,0,0,yes
ID140472,57,male,urban,free,never,0,0,0,0,0,no
ID140473,46,male,urban,premium,never,0,3,0,0,0,yes
ID140474,45,male,urban,free,yes,8,12,0,108,225,yes
ID140475,72,male,urban,free,never,3,3,0,0,0,no
ID140476,27,male,rural,premium,yes,0,0,0,0,0,yes
ID140477,57,female,urban,free,yes,5,21,69,69,69,yes
ID140478,47,male,urban,free,never,0,2,0,0,0,no
ID140479,30,male,urban,free,never,16,16,0,0,0,yes
ID140480,28,female,urban,free,always,0,3,0,0,0,no
ID140481,83,female,urban,free,never,13,13,0,0,0,yes
ID140482,63,female,urban,premium,never,0,0,0,0,0,no
ID140483,31,male,urban,free,never,2,2,120,120,120,yes
ID140484,55,male,urban,free,never,0,0,0,0,52,no
ID140485,50,female,urban,premium,yes,0,0,0,0,0,yes
ID140486,27,male,urban,free,always,6,6,0,0,0,yes
ID140487,21,female,urban,free,never,0,12,0,0,0,no
ID140488,69,female,rural,free,never,0,0,0,0,0,no
ID140489,83,male,rural,free,yes,9,9,0,0,0,yes
ID140490,65,male,rural,free,yes,0,5,0,0,0,no
ID140491,54,male,urban,free,never,5,5,0,0,0,yes
ID140492,57,female,urban,free,yes,2,14,0,106,106,yes
ID140493,37,male,urban,free,never,4,10,4,130,130,yes
ID140494,57,female,rural,premium,yes,0,0,0,0,0,yes
ID140495,32,female,urban,premium,never,0,0,0,0,0,yes
ID140496,48,male,urban,free,never,0,0,0,0,0,no
ID140497,68,male,urban,premium,yes,0,1,0,234,234,yes
ID140498,30,male,urban,free,never,1,1,0,0,0,no
ID140499,29,male,urban,premium,yes,4,19,0,0,0,yes
ID140500,59,male,urban,free,never,11,11,0,0,0,yes
ID140501,36,female,urban,free,never,0,0,0,0,0,no
ID140502,60,female,urban,premium,never,4,4,18,18,18,yes
ID140503,28,female,urban,free,yes,0,0,0,0,0,no
ID140504,39,male,urban,free,never,9,9,39,39,39,yes
ID140505,46,female,urban,premium,never,0,0,0,0,0,no
ID140506,31,male,rural,free,never,0,0,0,0,0,no
ID140507,36,male,rural,free,yes,0,8,0,0,0,yes
ID140508,35,female,urban,free,yes,0,0,0,0,0,no
ID140509,60,male,urban,free,yes,0,11,0,0,0,yes
ID140510,82,female,urban,premium,never,0,2,0,0,0,no
ID140511,84,male,urban,premium,never,0,0,0,0,0,yes
ID140512,61,female,urban,free,never,0,0,0,0,0,no
ID140513,42,male,urban,free,never,10,10,0,0,0,yes
ID140514,52,female,urban,free,never,0,0,0,0,0,no
ID140515,32,female,urban,free,never,0,0,0,0,0,no
ID140516,60,male,urban,free,never,2,2,0,0,0,no
ID140517,46,male,urban,free,never,0,0,0,0,0,no
ID140518,38,female,urban,free,never,0,7,0,0,0,no
ID140519,19,male,urban,free,yes,0,0,0,0,56,yes
ID140520,40,female,rural,free,never,0,2,0,183,183,no
ID140521,39,male,urban,free,never,0,0,0,0,0,no
ID140522,18,male,urban,free,always,0,3,0,299,299,yes
ID140523,42,male,urban,free,yes,0,0,0,0,0,yes
ID140524,20,female,urban,free,yes,7,7,72,72,72,yes
ID140525,33,male,urban,free,never,0,0,0,0,0,no
ID140526,68,female,urban,free,always,0,0,0,0,0,no
ID140527,24,female,urban,free,never,3,3,0,0,0,no
ID140528,29,female,rural,free,never,0,3,0,0,0,no
ID140529,21,female,urban,free,yes,0,6,0,0,0,yes
ID140530,82,male,urban,free,never,3,3,0,0,0,no
ID140531,21,male,urban,free,never,0,0,0,0,162,no
ID140532,29,male,urban,free,never,0,1,0,57,57,no
ID140533,72,female,urban,free,never,4,4,0,0,0,no
ID140534,49,male,urban,free,never,0,0,0,0,0,no
ID140535,37,male,urban,free,never,0,1,0,0,56,no
ID140536,42,female,urban,premium,never,0,5,0,140,140,yes
ID140537,60,female,urban,free,never,0,0,0,0,0,no
ID140538,72,male,urban,free,never,0,0,0,0,0,no
ID140539,53,male,urban,free,yes,0,0,0,0,28,yes
ID140540,37,male,urban,premium,yes,4,4,0,0,0,yes
ID140541,90,female,urban,free,never,0,2,0,35,35,no
ID140542,48,male,urban,free,never,0,0,0,0,76,no
ID140543,41,female,urban,free,never,0,7,0,0,0,no
ID140544,29,female,urban,free,yes,0,5,0,0,0,no
ID140545,37,female,rural,free,never,0,0,0,0,0,no
ID140546,68,male,urban,free,always,0,9,0,0,0,no
ID140547,33,female,urban,premium,always,7,7,0,0,0,yes
ID140548,46,female,urban,premium,never,0,7,0,0,0,yes
ID140549,45,female,rural,free,never,0,0,0,0,126,no
ID140550,59,male,urban,free,never,0,5,0,0,0,no
ID140551,54,male,urban,free,never,0,8,0,0,204,yes
ID140552,21,female,urban,free,never,0,2,0,0,0,no
ID140553,47,male,rural,free,yes,0,0,0,0,0,no
ID140554,62,male,urban,free,yes,6,8,0,0,0,yes
ID140555,23,male,rural,free,always,0,0,0,0,0,no
ID140556,81,male,urban,free,never,0,12,0,0,0,no
ID140557,23,male,urban,free,never,0,0,0,0,0,no
ID140558,17,female,urban,premium,never,0,0,0,0,0,yes
ID140559,64,female,rural,free,never,0,0,0,0,0,no
ID140560,73,male,rural,premium,always,0,0,0,0,0,no
ID140561,29,female,rural,free,yes,0,6,0,120,120,yes
ID140562,62,female,urban,free,never,0,3,0,0,0,no
ID140563,39,male,urban,free,yes,2,2,0,0,219,yes
ID140564,42,male,urban,free,never,0,0,0,0,0,no
ID140565,47,female,urban,free,never,0,6,0,0,0,no
ID140566,33,female,urban,premium,never,0,0,0,0,0,yes
ID140567,57,male,urban,free,yes,7,7,0,0,0,yes
ID140568,32,female,urban,free,yes,0,0,0,0,0,no
ID140569,38,female,urban,free,never,0,0,0,0,0,no
ID140570,20,female,urban,free,never,0,1,0,0,0,no
ID140571,45,female,urban,premium,yes,0,0,0,0,0,yes
ID140572,66,male,urban,free,never,0,0,0,0,0,no
ID140573,68,female,rural,premium,yes,0,0,0,0,0,yes
ID140574,88,male,urban,free,never,0,0,0,0,0,no
ID140575,23,female,urban,free,never,0,0,0,0,0,no
ID140576,24,female,urban,free,never,3,3,0,0,0,no
ID140577,63,male,rural,free,yes,0,6,0,0,0,no
ID140578,34,male,urban,free,never,0,4,0,0,0,no
ID140579,20,female,rural,premium,never,0,5,0,0,0,no
ID140580,29,female,rural,premium,yes,0,0,0,0,0,yes
ID140581,54,female,urban,free,never,0,0,0,0,0,no
ID140582,35,male,urban,free,never,0,0,0,0,0,no
ID140583,43,male,rural,free,never,0,0,0,0,0,no
ID140584,48,male,urban,free,never,0,0,0,0,0,no
ID140585,75,male,rural,free,yes,0,3,0,0,0,no
ID140586,60,male,urban,free,yes,0,8,0,0,0,yes
ID140587,46,female,urban,free,never,0,0,0,0,0,no
ID140588,24,male,urban,free,never,0,0,0,0,0,no
ID140589,46,male,rural,free,never,0,0,0,0,0,no
ID140590,42,male,urban,free,never,0,0,0,0,0,no
ID140591,19,female,urban,free,never,0,2,0,0,0,no
ID140592,24,male,urban,free,never,0,0,0,0,0,no
ID140593,35,male,urban,free,never,0,4,0,0,0,no
ID140594,42,female,rural,premium,yes,0,1,0,0,0,yes
ID140595,31,male,urban,free,never,6,6,46,46,46,yes
ID140596,41,male,urban,free,never,0,12,0,122,122,yes
ID140597,58,female,urban,premium,never,0,0,0,0,211,yes
ID140598,68,female,urban,free,never,1,1,0,0,0,no
ID140599,40,male,rural,free,yes,0,2,0,0,0,no
ID140600,49,female,rural,premium,never,0,0,0,0,52,no
ID140601,36,male,urban,free,yes,0,4,0,0,0,yes
ID140602,68,male,urban,free,yes,0,0,0,0,54,yes
ID140603,72,male,urban,premium,never,0,0,0,0,0,yes
ID140604,84,female,urban,free,never,0,0,0,0,7,no
ID140605,41,male,urban,free,yes,14,14,0,0,0,yes
ID140606,72,female,urban,free,never,5,5,0,0,0,no
ID140607,52,male,urban,free,never,0,0,0,0,46,no
ID140608,64,female,urban,free,yes,0,0,0,0,0,no
ID140609,35,male,urban,free,never,0,0,0,0,0,no
ID140610,31,female,urban,premium,never,11,11,0,0,49,yes
ID140611,36,male,rural,free,never,0,0,0,0,0,no
ID140612,43,female,rural,free,yes,0,0,0,0,0,no
ID140613,33,male,rural,free,yes,0,0,0,0,0,no
ID140614,58,male,urban,free,never,0,3,0,68,68,yes
ID140615,35,female,rural,premium,yes,5,27,0,0,0,yes
ID140616,79,male,urban,free,yes,0,1,0,0,0,yes
ID140617,53,male,urban,free,never,0,0,0,0,33,no
ID140618,38,female,rural,free,yes,0,6,0,73,73,no
ID140619,63,male,urban,free,yes,0,3,0,0,0,yes
ID140620,30,female,urban,premium,never,0,0,0,0,0,yes
ID140621,26,female,urban,free,never,0,0,0,0,0,no
ID140622,86,male,rural,premium,never,0,0,0,0,0,no
ID140623,40,female,urban,free,yes,3,3,0,0,0,yes
ID140624,64,female,urban,free,yes,0,0,0,0,0,no
ID140625,70,female,urban,free,yes,0,0,0,0,0,no
ID140626,27,male,urban,free,yes,0,7,0,203,203,yes
ID140627,20,female,urban,free,never,12,19,0,0,0,yes
ID140628,36,male,urban,premium,never,0,0,0,0,0,yes
ID140629,33,male,urban,free,never,0,0,0,0,0,no
ID140630,71,female,urban,free,never,0,3,0,104,104,no
ID140631,39,female,urban,free,yes,0,0,0,0,0,no
ID140632,41,female,urban,free,yes,0,8,0,0,424,yes
ID140633,41,female,urban,free,never,0,12,0,0,0,no
ID140634,69,female,urban,premium,never,0,0,0,0,0,no
ID140635,17,female,rural,free,always,0,0,0,0,0,no
ID140636,19,female,urban,free,never,0,0,0,0,0,no
ID140637,54,female,urban,free,yes,3,3,54,54,54,yes
ID140638,51,female,urban,free,never,0,0,0,0,0,no
ID140639,41,female,urban,premium,never,8,8,0,0,48,yes
ID140640,41,female,urban,free,never,0,0,0,0,0,no
ID140641,50,male,urban,free,never,0,0,0,0,0,no
ID140642,47,male,urban,premium,never,0,0,0,0,0,yes
ID140643,25,female,urban,free,yes,0,0,0,0,0,no
ID140644,22,female,rural,free,yes,4,4,0,0,0,no
ID140645,54,male,urban,free,yes,1,1,0,0,0,yes
ID140646,19,male,urban,free,never,0,0,0,0,0,no
ID140647,34,female,urban,free,never,0,0,0,0,0,no
ID140648,22,male,urban,free,yes,18,18,0,0,0,yes
ID140649,40,female,urban,premium,yes,0,0,0,0,0,yes
ID140650,56,male,urban,free,always,0,0,0,0,0,no
ID140651,53,male,urban,free,never,0,2,0,0,0,no
ID140652,33,male,urban,free,always,0,0,0,0,0,no
ID140653,33,female,urban,free,never,0,6,0,0,0,no
ID140654,60,female,urban,premium,yes,0,0,0,0,0,yes
ID140655,40,male,rural,free,yes,0,0,0,0,0,no
ID140656,40,male,urban,free,never,3,3,87,87,87,yes
ID140657,22,male,urban,free,never,2,2,0,0,0,no
ID140658,18,female,urban,free,yes,13,13,0,0,0,yes
ID140659,64,female,rural,free,never,0,0,0,0,0,no
ID140660,26,female,urban,free,never,0,2,0,0,0,no
ID140661,78,male,urban,free,yes,12,20,0,53,53,yes
ID140662,43,male,urban,free,yes,0,4,0,0,0,yes
ID140663,81,female,urban,free,never,0,0,0,0,0,no
ID140664,33,male,urban,free,yes,0,0,0,0,0,yes
ID140665,71,male,rural,free,never,0,1,0,112,112,no
ID140666,30,female,urban,free,never,0,3,0,0,0,no
ID140667,21,male,urban,free,yes,0,0,0,0,0,yes
ID140668,17,female,urban,free,yes,0,0,0,0,0,no
ID140669,37,male,urban,premium,never,0,0,0,0,0,yes
ID140670,22,female,urban,free,never,3,3,0,0,0,no
ID140671,50,female,urban,premium,never,0,0,0,0,0,no
ID140672,83,male,urban,free,never,0,0,0,0,0,no
ID140673,37,female,rural,premium,never,0,12,0,267,267,yes
ID140674,41,male,urban,premium,yes,0,0,0,0,0,yes
ID140675,57,male,urban,free,never,0,5,0,0,0,no
ID140676,39,male,rural,free,yes,2,2,0,0,0,yes
ID140677,72,female,urban,free,always,0,0,0,0,0,no
ID140678,79,male,rural,free,never,0,0,0,0,0,no
ID140679,31,female,urban,free,never,0,2,0,20,20,no
ID140680,49,female,urban,free,never,0,3,0,52,52,no
ID140681,62,male,rural,free,yes,0,0,0,0,0,no
ID140682,90,female,rural,free,never,0,0,0,0,0,no
ID140683,42,female,urban,free,yes,0,0,0,0,0,no
ID140684,48,male,urban,free,never,0,0,0,0,0,no
ID140685,61,female,urban,free,yes,0,0,0,0,0,no
ID140686,23,female,rural,free,never,7,7,0,0,0,no
ID140687,52,female,urban,free,never,0,0,0,0,0,no
ID140688,32,male,urban,premium,never,0,8,0,0,0,yes
ID140689,21,male,rural,free,never,0,0,0,0,0,no
ID140690,17,male,urban,premium,never,0,0,0,0,0,yes
ID140691,55,male,urban,free,never,0,0,0,0,0,no
ID140692,59,female,urban,free,yes,0,0,0,0,0,no
ID140693,20,male,urban,free,never,0,0,0,0,0,no
ID140694,35,male,urban,free,yes,0,0,0,0,0,yes
ID140695,24,female,urban,premium,yes,0,0,0,0,0,yes
ID140696,40,female,urban,free,never,0,2,0,0,0,no
ID140697,31,male,rural,free,yes,0,0,0,0,0,no
ID140698,20,female,rural,free,never,0,4,0,0,166,no
ID140699,43,female,urban,free,never,0,0,0,0,0,no
ID140700,19,male,urban,free,yes,0,5,0,85,85,yes
ID140701,26,male,urban,premium,yes,0,1,0,384,384,yes
ID140702,38,male,urban,free,always,1,1,0,0,243,no
ID140703,43,male,urban,free,never,0,0,0,0,0,no
ID140704,19,male,urban,premium,never,0,0,0,0,176,yes
ID140705,52,female,urban,free,never,0,8,0,0,0,no
ID140706,80,male,urban,premium,yes,0,0,0,0,0,yes
ID140707,30,male,rural,free,never,0,9,0,0,0,no
ID140708,56,male,urban,free,never,0,0,0,0,0,no
ID140709,64,male,rural,free,never,0,0,0,0,0,no
ID140710,82,male,rural,free,yes,0,0,0,0,93,no
ID140711,42,male,urban,free,always,0,0,0,0,160,no
ID140712,34,female,urban,free,never,0,0,0,0,62,no
ID140713,48,female,urban,free,never,0,3,0,0,0,no
ID140714,46,male,rural,free,yes,0,0,0,0,0,no
ID140715,80,male,urban,free,never,0,11,0,0,0,no
ID140716,32,female,urban,free,yes,0,6,0,0,0,no
ID140717,44,male,rural,free,never,0,0,0,0,0,no
ID140718,60,male,rural,free,never,8,22,0,233,233,yes
ID140719,49,male,rural,free,never,0,0,0,0,0,no
ID140720,27,male,urban,free,yes,0,1,0,0,0,yes
ID140721,27,male,urban,free,never,14,14,198,198,198,yes
ID140722,24,male,urban,free,yes,0,0,0,0,0,yes
ID140723,81,female,urban,free,never,0,5,0,26,26,no
ID140724,36,female,urban,free,never,11,11,0,0,0,yes
ID140725,66,female,urban,free,yes,0,5,0,0,0,no
ID140726,56,female,urban,premium,always,7,7,0,0,188,yes
ID140727,64,female,urban,free,never,0,0,0,0,0,no
ID140728,43,male,urban,free,never,0,0,0,0,0,no
ID140729,29,female,urban,free,never,0,2,0,0,0,no
ID140730,63,male,urban,free,yes,8,8,0,0,0,yes
ID140731,81,male,urban,free,never,0,0,0,0,0,no
ID140732,50,female,urban,free,never,0,0,0,0,0,no
ID140733,72,female,urban,premium,never,0,0,0,0,155,yes
ID140734,61,male,urban,premium,never,0,0,0,0,0,yes
ID140735,39,female,urban,premium,never,0,0,0,0,0,yes
ID140736,50,female,urban,free,never,0,2,0,0,0,no
ID140737,52,male,urban,free,never,3,4,0,0,0,no
ID140738,76,male,urban,free,always,0,0,0,0,0,no
ID140739,66,female,urban,free,never,0,5,0,0,0,no
ID140740,39,female,urban,premium,never,0,0,0,0,182,yes
ID140741,52,male,rural,free,never,0,10,0,0,0,no
ID140742,63,female,urban,free,never,0,10,0,0,0,no
ID140743,67,male,urban,free,never,0,4,0,62,62,no
ID140744,53,male,urban,free,never,0,0,0,0,0,no
ID140745,31,male,urban,premium,never,1,1,0,0,0,yes
ID140746,24,female,urban,free,never,0,0,0,0,0,no
ID140747,28,female,urban,premium,never,0,0,0,0,0,yes
ID140748,25,male,urban,free,never,0,0,0,0,0,no
ID140749,30,male,urban,premium,yes,0,2,0,0,0,yes
ID140750,17,female,urban,free,never,3,3,0,0,0,no
ID140751,48,male,rural,free,yes,0,0,0,0,0,no
ID140752,91,female,urban,premium,never,0,0,0,0,0,no
ID140753,46,female,urban,free,never,12,12,0,0,0,yes
ID140754,73,male,urban,free,yes,10,10,0,0,0,yes
ID140755,35,male,urban,free,never,0,0,0,0,0,no
ID140756,27,female,urban,premium,yes,0,5,0,76,76,yes
ID140757,37,female,urban,premium,yes,0,0,0,0,125,yes
ID140758,56,male,urban,premium,always,0,0,0,0,0,yes
ID140759,54,male,urban,premium,never,0,0,0,0,0,yes
ID140760,59,female,rural,premium,never,0,5,0,0,0,no
ID140761,55,male,rural,premium,never,5,5,28,28,82,yes
ID140762,87,female,rural,free,yes,0,0,0,0,0,no
ID140763,19,female,urban,free,never,2,2,0,0,0,no
ID140764,18,male,urban,free,never,0,6,0,44,179,yes
ID140765,39,male,urban,free,yes,0,2,0,33,40,yes
ID140766,19,female,urban,premium,yes,0,0,0,0,0,yes
ID140767,31,male,urban,premium,always,0,6,0,0,0,yes
ID140768,43,female,rural,free,never,0,0,0,0,0,no
ID140769,32,female,urban,free,always,0,0,0,0,0,no
ID140770,30,female,urban,free,never,0,0,0,0,0,no
ID140771,50,female,urban,free,yes,0,3,0,0,0,no
ID140772,37,male,urban,free,never,0,5,0,0,0,no
ID140773,43,male,urban,free,never,0,0,0,0,0,no
ID140774,36,male,urban,free,never,0,8,0,198,214,yes
ID140775,49,female,rural,free,never,8,14,0,144,144,yes
ID140776,21,female,rural,free,never,0,0,0,0,0,no
ID140777,25,male,urban,free,never,0,6,0,138,138,yes
ID140778,39,female,urban,free,never,0,14,0,162,162,yes
ID140779,53,male,urban,free,always,3,3,33,33,33,yes
ID140780,22,male,rural,free,never,7,7,0,0,0,yes
ID140781,39,male,urban,premium,never,3,10,0,0,0,yes
ID140782,59,female,urban,free,never,0,2,0,74,74,no
ID140783,30,female,urban,free,never,3,7,0,0,0,no
ID140784,41,female,urban,free,never,0,5,0,0,0,no
ID140785,60,female,urban,premium,always,11,30,25,25,25,yes
ID140786,71,male,urban,free,yes,0,0,0,0,0,no
ID140787,42,male,urban,premium,yes,0,0,0,0,0,yes
ID140788,61,female,urban,free,never,8,8,0,0,0,yes
ID140789,46,male,urban,free,yes,0,3,0,72,72,yes
ID140790,70,female,rural,free,never,4,4,0,0,0,no
ID140791,42,male,urban,free,never,0,0,0,0,0,no
ID140792,37,male,urban,free,never,0,0,0,0,0,no
ID140793,74,male,urban,free,yes,0,1,0,0,0,yes
ID140794,25,male,urban,free,never,0,0,0,0,0,no
ID140795,39,female,rural,free,never,0,0,0,0,0,no
ID140796,67,female,urban,premium,never,12,12,0,0,0,yes
ID140797,46,female,urban,free,never,0,0,0,0,0,no
ID140798,19,female,rural,free,yes,0,0,0,0,0,no
ID140799,18,male,urban,free,never,1,1,0,0,0,no
ID140800,48,male,urban,free,never,0,10,0,0,0,no
ID140801,33,male,urban,free,never,4,4,0,0,0,yes
ID140802,66,female,rural,free,never,11,11,0,0,0,yes
ID140803,29,male,urban,free,never,0,0,0,0,0,no
ID140804,73,female,urban,free,yes,10,10,0,0,0,yes
ID140805,26,female,urban,premium,yes,0,7,0,0,0,yes
ID140806,20,female,urban,free,yes,0,5,0,0,0,no
ID140807,35,male,urban,free,yes,0,0,0,0,0,yes
ID140808,73,male,rural,premium,never,0,8,0,0,0,yes
ID140809,45,male,rural,free,yes,0,0,0,0,0,no
ID140810,37,male,rural,free,never,0,0,0,0,0,no
ID140811,26,male,urban,free,never,0,0,0,0,0,no
ID140812,22,male,urban,premium,never,5,5,0,0,0,yes
ID140813,45,male,rural,free,never,0,0,0,0,135,no
ID140814,59,male,urban,premium,yes,0,1,0,0,0,yes
ID140815,26,female,urban,premium,never,0,0,0,0,158,yes
ID140816,58,male,urban,free,never,0,2,0,0,0,no
ID140817,43,female,urban,premium,yes,1,1,0,0,0,yes
ID140818,50,male,urban,free,yes,0,3,0,20,20,yes
ID140819,59,male,urban,free,yes,0,0,0,0,0,yes
ID140820,60,male,urban,free,never,1,5,0,0,0,no
ID140821,89,female,rural,free,never,0,0,0,0,0,no
ID140822,53,male,urban,free,never,0,0,0,0,109,no
ID140823,51,female,urban,free,always,0,6,0,0,0,no
ID140824,65,male,rural,free,yes,0,0,0,0,0,no
ID140825,47,female,urban,free,never,7,7,0,0,0,yes
ID140826,26,male,rural,free,never,0,3,0,0,0,no
ID140827,41,female,urban,free,always,0,0,0,0,0,no
ID140828,50,male,urban,free,never,7,10,0,0,0,yes
ID140829,32,female,urban,premium,never,0,0,0,0,0,yes
ID140830,38,male,urban,free,never,13,13,0,0,0,yes
ID140831,60,female,urban,free,never,0,0,0,0,0,no
ID140832,43,female,urban,free,never,2,2,0,0,519,no
ID140833,74,male,urban,free,yes,0,0,0,0,0,no
ID140834,46,female,urban,free,yes,0,4,0,326,326,yes
ID140835,33,male,urban,free,never,2,2,263,263,263,yes
ID140836,33,male,urban,premium,never,3,3,0,0,0,yes
ID140837,77,female,urban,free,never,4,35,0,0,0,yes
ID140838,40,female,urban,free,yes,0,7,0,0,0,no
ID140839,28,male,urban,free,never,0,5,0,0,0,no
ID140840,72,male,urban,free,never,0,0,0,0,73,no
ID140841,49,male,urban,free,never,9,9,20,20,20,yes
ID140842,88,female,urban,free,yes,0,0,0,0,0,no
ID140843,29,female,urban,free,yes,0,0,0,0,0,no
ID140844,30,female,urban,free,never,0,0,0,0,21,no
ID140845,65,male,urban,free,yes,7,7,0,0,0,yes
ID140846,50,female,rural,free,never,0,0,0,0,30,no
ID140847,34,male,rural,free,never,0,0,0,0,0,no
ID140848,18,male,urban,free,yes,0,4,0,0,165,yes
ID140849,75,female,urban,free,yes,0,0,0,0,0,no
ID140850,73,male,rural,free,never,0,3,0,0,120,no
ID140851,45,female,urban,free,never,0,1,0,0,0,no
ID140852,28,male,rural,free,never,0,0,0,0,0,no
ID140853,22,female,urban,free,yes,0,0,0,0,0,no
ID140854,38,female,urban,premium,never,0,0,0,0,0,yes
ID140855,51,male,rural,free,yes,0,0,0,0,0,no
ID140856,32,male,urban,free,yes,1,1,0,0,0,yes
ID140857,34,male,urban,premium,never,0,0,0,0,0,yes
ID140858,69,female,urban,free,never,3,13,0,0,0,no
ID140859,54,male,urban,free,yes,0,0,0,0,0,yes
ID140860,38,female,urban,free,yes,0,7,0,0,60,yes
ID140861,65,male,rural,free,always,0,0,0,0,0,no
ID140862,72,female,urban,free,never,0,0,0,0,57,no
ID140863,41,male,urban,free,never,3,3,47,47,47,yes
ID140864,74,female,urban,free,never,0,0,0,0,0,no
ID140865,58,male,urban,free,never,0,2,0,33,33,no
ID140866,72,male,urban,free,never,0,0,0,0,0,no
ID140867,42,female,urban,free,never,0,4,0,238,238,yes
ID140868,55,male,urban,free,always,10,10,0,0,0,yes
ID140869,30,male,urban,free,never,0,5,0,0,0,no
ID140870,48,female,urban,free,never,0,0,0,0,0,no
ID140871,21,male,urban,free,never,0,2,0,0,0,no
ID140872,48,male,urban,free,never,0,0,0,0,106,no
ID140873,40,male,urban,premium,never,0,0,0,0,32,yes
ID140874,34,female,urban,free,never,0,1,0,0,0,no
ID140875,45,male,urban,free,never,0,0,0,0,0,no
ID140876,50,male,rural,premium,never,0,0,0,0,0,yes
ID140877,53,male,rural,premium,never,0,0,0,0,0,yes
ID140878,41,male,urban,free,yes,0,0,0,0,0,yes
ID140879,43,male,urban,free,yes,0,0,0,0,0,yes
ID140880,51,male,urban,premium,never,1,1,0,0,0,yes
ID140881,48,male,rural,premium,never,12,12,0,0,0,yes
ID140882,90,male,urban,free,never,0,0,0,0,0,no
ID140883,44,male,urban,premium,never,0,11,0,48,144,yes
ID140884,28,female,urban,free,never,0,0,0,0,0,no
ID140885,26,male,rural,free,never,0,4,0,56,56,no
ID140886,39,male,urban,free,yes,0,3,0,0,0,yes
ID140887,30,male,urban,free,yes,0,0,0,0,0,yes
ID140888,31,male,urban,free,never,0,0,0,0,0,no
ID140889,37,female,rural,free,never,0,0,0,0,0,no
ID140890,54,male,urban,free,never,0,2,0,0,0,no
ID140891,24,male,urban,free,yes,0,1,0,0,0,yes
ID140892,83,female,urban,free,yes,3,5,129,129,129,yes
ID140893,45,male,rural,free,always,0,0,0,0,224,no
ID140894,70,male,urban,free,never,10,10,0,0,0,yes
ID140895,72,female,urban,free,never,3,3,0,0,0,no
ID140896,68,male,urban,premium,yes,0,3,0,0,0,yes
ID140897,60,female,urban,free,yes,0,3,0,55,59,yes
ID140898,29,male,urban,premium,never,0,0,0,0,121,yes
ID140899,71,male,urban,premium,never,1,1,58,58,58,yes
ID140900,79,male,rural,free,yes,0,0,0,0,0,no
ID140901,25,male,urban,free,never,0,0,0,0,0,no
ID140902,22,female,urban,free,never,13,13,0,0,0,yes
ID140903,36,female,urban,free,yes,0,2,0,30,30,no
ID140904,48,female,urban,free,never,0,5,0,0,0,no
ID140905,61,male,rural,premium,never,6,6,0,0,0,yes
ID140906,75,male,urban,free,never,0,0,0,0,0,no
ID140907,23,male,urban,free,never,0,0,0,0,0,no
ID140908,79,female,urban,free,never,0,0,0,0,246,no
ID140909,36,male,urban,free,never,0,0,0,0,0,no
ID140910,59,female,urban,premium,never,14,14,0,0,0,yes
ID140911,70,female,urban,free,yes,0,0,0,0,0,no
ID140912,48,female,urban,free,never,0,1,0,0,0,no
ID140913,19,male,rural,free,never,4,4,0,0,0,no
ID140914,31,male,urban,free,never,0,0,0,0,0,no
ID140915,56,male,urban,free,never,0,2,0,0,0,no
ID140916,82,female,rural,free,never,0,0,0,0,0,no
ID140917,62,female,rural,free,never,0,12,0,0,0,no
ID140918,17,male,urban,free,yes,0,9,0,0,0,yes
ID140919,23,male,rural,premium,yes,0,3,0,0,0,yes
ID140920,20,female,urban,premium,yes,0,0,0,0,0,yes
ID140921,34,male,rural,premium,yes,0,7,0,0,0,yes
ID140922,24,female,urban,free,never,0,8,0,0,0,no
ID140923,41,male,rural,free,never,0,8,0,0,123,no
ID140924,73,female,urban,premium,yes,2,2,73,73,73,yes
ID140925,71,male,urban,free,yes,0,0,0,0,0,no
ID140926,64,male,rural,premium,never,0,4,0,0,0,yes
ID140927,66,female,urban,free,never,4,4,0,0,0,no
ID140928,55,female,urban,free,yes,11,11,0,0,0,yes
ID140929,48,male,rural,premium,yes,0,0,0,0,0,yes
ID140930,36,male,urban,free,never,0,11,0,0,0,yes
ID140931,63,male,urban,free,yes,0,0,0,0,0,yes
ID140932,35,male,urban,free,yes,0,0,0,0,0,yes
ID140933,74,male,rural,free,never,8,8,0,0,0,yes
ID140934,91,male,urban,premium,yes,0,0,0,0,0,yes
ID140935,22,male,urban,free,never,0,0,0,0,0,no
ID140936,60,male,urban,free,never,0,4,0,151,261,yes
ID140937,43,male,urban,free,yes,0,1,0,0,0,yes
ID140938,41,male,urban,free,never,1,1,0,0,0,no
ID140939,86,male,urban,free,never,0,8,0,0,0,no
ID140940,63,male,urban,free,never,0,4,0,0,0,no
ID140941,24,male,urban,free,never,4,4,0,0,195,yes
ID140942,46,female,urban,free,never,7,18,142,142,142,yes
ID140943,89,female,urban,free,yes,0,4,0,0,0,no
ID140944,62,male,urban,free,never,0,0,0,0,0,no
ID140945,61,female,urban,free,yes,0,0,0,0,0,no
ID140946,41,male,urban,free,never,7,7,2,2,2,yes
ID140947,37,male,urban,free,never,0,0,0,0,0,no
ID140948,50,male,urban,free,never,0,0,0,0,0,no
ID140949,74,male,rural,premium,yes,0,0,0,0,0,yes
ID140950,76,female,urban,free,never,0,0,0,0,0,no
ID140951,61,male,urban,free,never,0,0,0,0,0,no
ID140952,27,male,urban,free,yes,8,36,0,0,0,yes
ID140953,63,male,urban,premium,never,3,3,0,0,0,yes
ID140954,32,male,urban,free,yes,0,1,0,0,0,yes
ID140955,45,male,urban,free,never,3,3,0,0,0,no
ID140956,53,male,urban,free,never,5,8,0,0,0,yes
ID140957,21,female,urban,free,never,0,0,0,0,0,no
ID140958,38,male,urban,free,yes,0,0,0,0,0,yes
ID140959,44,male,urban,free,yes,0,5,0,0,0,yes
ID140960,81,female,urban,premium,never,5,5,0,0,0,yes
ID140961,45,female,urban,free,yes,1,1,0,0,121,no
ID140962,52,male,urban,premium,never,0,0,0,0,0,yes
ID140963,76,male,urban,free,never,1,1,42,42,42,yes
ID140964,61,male,urban,free,never,1,1,0,0,0,no
ID140965,27,male,urban,free,never,0,0,0,0,0,no
ID140966,55,male,rural,free,never,0,4,0,0,0,no
ID140967,35,male,urban,free,yes,6,6,0,0,0,yes
ID140968,56,female,rural,free,never,0,0,0,0,0,no
ID140969,25,female,urban,free,never,10,10,0,0,0,yes
ID140970,46,female,urban,premium,never,0,3,0,0,0,yes
ID140971,56,male,urban,free,never,0,0,0,0,0,no
ID140972,41,male,rural,free,never,9,13,0,0,0,yes
ID140973,22,male,urban,free,never,0,0,0,0,110,no
ID140974,42,male,urban,free,never,9,9,79,79,79,yes
ID140975,90,male,urban,free,never,2,2,0,0,1,no
ID140976,62,female,urban,free,never,5,5,0,0,0,no
ID140977,41,male,rural,free,yes,0,0,0,0,0,no
ID140978,62,female,urban,free,yes,0,13,0,0,25,yes
ID140979,44,male,rural,free,never,0,0,0,0,0,no
ID140980,68,male,urban,free,yes,0,0,0,0,0,no
ID140981,50,female,urban,free,never,0,3,0,0,0,no
ID140982,38,male,urban,free,yes,0,3,0,0,0,yes
ID140983,22,female,urban,free,never,8,8,0,0,0,yes
ID140984,55,female,urban,premium,yes,0,0,0,0,0,yes
ID140985,54,male,urban,free,yes,8,8,0,0,0,yes
ID140986,57,female,urban,free,never,0,0,0,0,0,no
ID140987,43,male,urban,free,always,0,0,0,0,0,no
ID140988,77,male,urban,free,never,1,1,137,137,137,yes
ID140989,72,female,urban,free,never,0,7,0,0,0,no
ID140990,20,male,urban,free,yes,0,2,0,0,0,yes
ID140991,53,female,urban,free,never,2,2,0,0,0,no
ID140992,54,female,rural,free,never,0,5,0,0,0,no
ID140993,43,female,urban,premium,yes,0,0,0,0,0,yes
ID140994,44,female,urban,free,never,0,0,0,0,0,no
ID140995,45,male,urban,premium,yes,0,0,0,0,0,yes
ID140996,24,male,urban,free,yes,0,0,0,0,0,yes
ID140997,40,female,urban,premium,yes,0,9,0,183,411,yes
ID140998,27,female,urban,free,never,0,0,0,0,0,no
ID140999,40,female,urban,premium,yes,0,0,0,0,0,yes
ID141000,45,female,urban,free,never,0,3,0,66,66,no
