Customer_ID,Age,Gender,Area,Email,Mobile,Logins 4 weeks,Logins 6 months,Sales 4 weeks,Sales 6 months,Sales total
ID141001,54,female,rural,free,always,0,7,0,0,0
ID141002,88,male,urban,free,never,3,3,0,0,0
ID141003,31,female,urban,free,always,0,7,0,0,0
ID141004,54,female,rural,free,never,0,0,0,0,0
ID141005,25,male,urban,free,never,0,0,0,0,0
ID141006,68,female,urban,free,never,0,0,0,0,0
ID141007,27,female,urban,free,yes,0,0,0,0,0
ID141008,34,male,urban,free,yes,0,0,0,0,0
ID141009,29,female,urban,free,never,5,5,0,0,0
ID141010,50,female,rural,free,never,0,0,0,0,0
ID141011,64,male,rural,free,never,0,0,0,0,0
ID141012,61,female,urban,free,never,9,12,0,91,91
ID141013,19,male,rural,free,yes,0,0,0,0,0
ID141014,58,female,urban,free,yes,8,8,0,0,0
ID141015,55,male,urban,free,yes,4,4,0,0,0
ID141016,30,female,rural,free,never,2,2,0,0,0
ID141017,59,female,urban,free,yes,0,7,0,0,0
ID141018,66,male,urban,free,yes,0,0,0,0,0
ID141019,37,female,urban,premium,never,0,2,0,0,0
ID141020,57,male,rural,free,yes,0,7,0,0,0
ID141021,42,male,urban,free,never,5,5,0,0,0
ID141022,20,male,urban,free,never,0,5,0,0,37
ID141023,21,female,urban,free,yes,2,2,0,0,0
ID141024,32,male,rural,free,yes,14,14,0,0,0
ID141025,73,male,rural,free,never,0,0,0,0,0
ID141026,38,male,rural,premium,never,0,0,0,0,0
ID141027,22,male,urban,free,never,0,0,0,0,0
ID141028,72,male,urban,free,never,6,6,0,0,0
ID141029,51,female,rural,free,yes,7,7,0,0,0
ID141030,27,female,urban,premium,yes,0,0,0,0,0
ID141031,52,female,urban,free,never,0,0,0,0,0
ID141032,79,female,urban,premium,yes,0,0,0,0,56
ID141033,21,male,urban,free,always,0,0,0,0,0
ID141034,21,male,urban,free,never,8,8,0,0,0
ID141035,86,male,urban,free,never,0,0,0,0,0
ID141036,61,female,urban,free,never,0,0,0,0,107
ID141037,34,male,urban,premium,yes,0,0,0,0,0
ID141038,49,male,urban,free,yes,0,0,0,0,0
ID141039,19,male,urban,free,never,0,0,0,0,0
ID141040,46,male,urban,premium,never,0,0,0,0,243
ID141041,67,male,urban,free,yes,0,0,0,0,0
ID141042,82,female,urban,free,yes,0,0,0,0,0
ID141043,40,male,urban,free,never,0,0,0,0,0
ID141044,54,female,urban,free,never,0,10,0,0,0
ID141045,35,female,urban,free,never,0,0,0,0,0
ID141046,67,female,rural,free,never,7,7,15,15,15
ID141047,43,female,urban,free,never,0,4,0,0,0
ID141048,28,female,urban,free,never,0,0,0,0,161
ID141049,65,female,urban,free,never,14,14,0,0,0
ID141050,83,male,urban,premium,yes,0,1,0,78,78
ID141051,76,female,urban,premium,yes,4,4,0,0,0
ID141052,52,female,rural,free,never,11,11,0,0,0
ID141053,36,female,rural,free,yes,15,15,21,21,21
ID141054,43,female,urban,free,never,0,0,0,0,0
ID141055,60,male,urban,free,never,7,7,0,0,0
ID141056,50,male,rural,free,yes,0,0,0,0,0
ID141057,28,male,urban,premium,never,0,0,0,0,0
ID141058,28,male,urban,free,yes,11,11,0,0,0
ID141059,48,female,urban,free,yes,2,2,0,0,0
ID141060,26,male,urban,premium,always,6,6,0,0,0
ID141061,30,female,rural,free,never,0,0,0,0,115
ID141062,42,female,rural,free,yes,0,0,0,0,0
ID141063,31,male,urban,free,never,0,0,0,0,188
ID141064,78,female,urban,free,yes,0,0,0,0,0
ID141065,49,female,urban,premium,never,4,4,0,0,18
ID141066,52,female,urban,free,yes,0,0,0,0,0
ID141067,76,male,rural,free,never,0,8,0,0,0
ID141068,60,female,urban,free,yes,0,3,0,0,0
ID141069,60,female,rural,premium,never,0,0,0,0,0
ID141070,17,male,urban,free,never,0,0,0,0,0
ID141071,74,female,urban,free,always,10,10,0,0,0
ID141072,19,male,rural,free,never,10,10,0,0,0
ID141073,51,male,urban,free,yes,0,5,0,0,0
ID141074,80,male,urban,free,never,0,6,0,89,89
ID141075,75,female,urban,free,yes,0,0,0,0,0
ID141076,29,female,rural,free,never,0,0,0,0,0
ID141077,26,male,rural,free,never,0,0,0,0,0
ID141078,81,male,rural,premium,yes,0,0,0,0,0
ID141079,20,male,rural,premium,yes,20,20,0,0,0
ID141080,28,male,rural,free,never,0,0,0,0,0
ID141081,24,female,urban,free,never,0,0,0,0,0
ID141082,84,male,urban,free,never,0,0,0,0,0
ID141083,18,male,rural,premium,never,14,14,0,0,0
ID141084,53,female,urban,premium,yes,0,1,0,0,0
ID141085,65,male,urban,free,never,0,3,0,0,0
ID141086,52,male,urban,free,never,0,0,0,0,46
ID141087,51,male,urban,premium,never,6,6,75,75,75
ID141088,86,male,urban,premium,yes,0,0,0,0,0
ID141089,54,male,urban,premium,never,0,1,0,0,0
ID141090,31,female,urban,premium,always,9,9,108,108,108
ID141091,85,female,urban,free,yes,0,4,0,0,0
ID141092,60,male,urban,premium,yes,0,7,0,0,217
ID141093,79,female,urban,free,yes,0,6,0,0,0
ID141094,52,male,urban,premium,never,0,0,0,0,0
ID141095,62,female,rural,premium,yes,0,5,0,241,278
ID141096,55,female,urban,free,never,0,0,0,0,0
ID141097,69,male,urban,free,never,0,8,0,124,124
ID141098,71,male,rural,free,never,5,5,0,0,0
ID141099,17,female,rural,premium,never,0,0,0,0,0
ID141100,45,male,urban,premium,yes,3,3,0,0,0
ID141101,41,female,rural,free,always,0,7,0,60,60
ID141102,69,male,urban,free,never,0,1,0,0,0
ID141103,68,female,urban,premium,never,6,6,0,0,0
ID141104,85,female,urban,free,yes,0,0,0,0,0
ID141105,28,male,rural,premium,yes,0,0,0,0,0
ID141106,21,female,urban,premium,never,0,5,0,0,0
ID141107,37,female,urban,free,yes,0,0,0,0,0
ID141108,31,female,rural,premium,yes,22,22,0,0,214
ID141109,31,female,urban,premium,never,0,0,0,0,0
ID141110,38,female,urban,free,never,0,0,0,0,0
ID141111,32,male,urban,free,never,0,6,0,0,302
ID141112,42,female,urban,free,never,0,3,0,113,113
ID141113,50,male,urban,premium,never,0,5,0,0,0
ID141114,59,male,urban,premium,yes,0,0,0,0,0
ID141115,59,female,urban,free,never,0,0,0,0,0
ID141116,17,male,urban,free,never,0,0,0,0,0
ID141117,35,male,rural,free,never,0,2,0,0,0
ID141118,20,female,urban,premium,never,0,8,0,62,62
ID141119,23,male,urban,free,never,5,5,0,0,0
ID141120,83,male,urban,free,never,0,2,0,0,45
ID141121,43,female,urban,free,yes,0,0,0,0,0
ID141122,29,male,urban,free,never,0,3,0,0,0
ID141123,57,male,urban,free,never,0,0,0,0,198
ID141124,42,male,urban,premium,yes,0,0,0,0,0
ID141125,56,male,urban,free,yes,0,2,0,0,0
ID141126,28,female,urban,free,never,0,0,0,0,0
ID141127,43,male,urban,premium,yes,0,0,0,0,0
ID141128,48,male,urban,free,never,5,5,0,0,0
ID141129,36,female,urban,free,never,0,4,0,0,0
ID141130,58,male,urban,premium,never,0,0,0,0,0
ID141131,55,female,urban,free,never,9,9,0,0,0
ID141132,37,female,rural,free,yes,0,3,0,207,207
ID141133,32,male,urban,free,always,2,2,134,134,134
ID141134,38,male,rural,free,yes,0,0,0,0,0
ID141135,36,male,urban,free,yes,0,0,0,0,0
ID141136,31,female,urban,free,never,7,7,0,0,0
ID141137,67,male,urban,free,never,0,0,0,0,0
ID141138,44,male,rural,premium,always,0,0,0,0,0
ID141139,85,male,rural,free,yes,0,0,0,0,124
ID141140,50,male,rural,free,never,8,8,0,0,0
ID141141,41,female,urban,free,never,0,0,0,0,22
ID141142,29,female,urban,free,never,0,0,0,0,0
ID141143,26,female,urban,free,always,4,4,0,0,0
ID141144,26,female,rural,free,never,0,4,0,139,139
ID141145,52,male,urban,free,never,2,2,0,0,0
ID141146,56,male,urban,free,never,0,2,0,0,0
ID141147,48,female,rural,free,never,0,0,0,0,0
ID141148,42,female,urban,premium,never,7,9,0,0,0
ID141149,37,male,urban,free,never,0,7,0,0,0
ID141150,38,female,urban,free,never,0,0,0,0,0
ID141151,47,female,urban,premium,never,0,1,0,0,0
ID141152,34,female,urban,premium,never,11,11,72,72,72
ID141153,18,male,urban,free,never,2,2,0,0,0
ID141154,26,female,rural,free,never,0,0,0,0,0
ID141155,33,female,urban,free,yes,0,2,0,0,0
ID141156,55,male,urban,premium,yes,0,0,0,0,0
ID141157,74,female,rural,free,yes,0,0,0,0,27
ID141158,56,male,urban,premium,never,2,2,0,0,204
ID141159,52,female,urban,free,never,18,18,180,180,233
ID141160,50,female,urban,free,never,0,0,0,0,0
ID141161,27,male,urban,free,never,0,2,0,128,243
ID141162,50,male,urban,free,never,0,6,0,0,0
ID141163,53,male,rural,free,never,0,0,0,0,0
ID141164,47,male,urban,free,never,0,0,0,0,0
ID141165,53,male,urban,free,yes,0,0,0,0,0
ID141166,31,female,urban,free,yes,0,8,0,55,55
ID141167,42,female,urban,premium,never,0,0,0,0,0
ID141168,49,male,urban,free,never,0,0,0,0,0
ID141169,25,female,urban,free,never,0,6,0,0,0
ID141170,47,male,urban,free,yes,0,6,0,0,0
ID141171,30,male,urban,free,yes,0,0,0,0,0
ID141172,22,male,urban,free,yes,0,6,0,0,0
ID141173,81,male,rural,premium,never,7,42,0,0,111
ID141174,42,female,urban,free,yes,0,1,0,0,0
ID141175,40,male,rural,free,never,0,11,0,0,0
ID141176,84,male,urban,free,always,0,0,0,0,229
ID141177,79,male,rural,free,always,13,13,0,0,182
ID141178,67,female,rural,free,yes,0,1,0,0,0
ID141179,56,female,urban,free,yes,9,9,0,0,0
ID141180,51,female,urban,free,yes,0,0,0,0,0
ID141181,28,male,rural,premium,yes,0,0,0,0,0
ID141182,68,male,urban,free,never,0,0,0,0,0
ID141183,27,male,rural,free,yes,0,0,0,0,0
ID141184,39,male,rural,free,never,0,2,0,0,0
ID141185,20,female,urban,free,always,0,5,0,0,0
ID141186,34,female,urban,free,never,0,1,0,319,319
ID141187,58,female,urban,free,never,0,4,0,0,0
ID141188,31,female,rural,free,never,0,0,0,0,0
ID141189,68,male,urban,free,never,0,0,0,0,0
ID141190,46,male,urban,free,yes,8,8,0,0,0
ID141191,60,female,urban,premium,never,8,8,265,265,327
ID141192,47,male,urban,free,never,10,10,0,0,0
ID141193,39,female,rural,free,never,0,0,0,0,0
ID141194,40,male,urban,premium,yes,0,0,0,0,0
ID141195,51,male,rural,free,yes,0,0,0,0,0
ID141196,47,female,rural,free,never,2,2,169,169,169
ID141197,65,female,urban,premium,yes,0,7,0,0,0
ID141198,34,male,urban,free,never,0,0,0,0,0
ID141199,49,male,rural,premium,never,0,0,0,0,90
ID141200,50,male,urban,free,never,0,1,0,0,0
ID141201,27,female,urban,free,never,0,6,0,34,34
ID141202,54,male,rural,free,yes,0,0,0,0,0
ID141203,37,male,urban,free,never,0,11,0,0,0
ID141204,49,female,urban,premium,never,0,3,0,177,177
ID141205,67,male,urban,free,never,0,0,0,0,0
ID141206,47,male,urban,free,never,0,1,0,0,0
ID141207,40,male,urban,free,never,0,5,0,0,0
ID141208,54,male,urban,premium,never,6,8,0,0,0
ID141209,42,male,urban,premium,yes,0,3,0,152,152
ID141210,64,male,urban,free,always,0,0,0,0,0
ID141211,21,male,urban,premium,yes,0,0,0,0,0
ID141212,83,male,urban,free,never,0,0,0,0,0
ID141213,79,female,urban,free,never,0,2,0,0,0
ID141214,44,female,urban,free,never,0,0,0,0,0
ID141215,68,male,urban,premium,never,2,2,0,0,0
ID141216,82,male,urban,free,yes,14,14,0,0,0
ID141217,29,male,urban,premium,never,0,4,0,0,0
ID141218,21,male,rural,free,yes,0,2,0,0,0
ID141219,42,female,rural,premium,never,3,3,83,83,83
ID141220,60,female,urban,free,never,0,5,0,0,0
ID141221,29,female,urban,free,yes,0,4,0,52,52
ID141222,49,female,urban,free,never,8,8,0,0,0
ID141223,50,female,rural,free,never,0,0,0,0,0
ID141224,36,female,urban,premium,never,0,0,0,0,0
ID141225,41,male,urban,free,never,0,0,0,0,0
ID141226,37,male,urban,free,never,2,5,0,0,0
ID141227,50,male,urban,free,yes,2,10,0,0,46
ID141228,46,female,urban,free,yes,0,8,0,0,0
ID141229,67,male,urban,free,never,0,0,0,0,0
ID141230,28,male,urban,free,never,0,0,0,0,0
ID141231,20,male,urban,premium,yes,0,0,0,0,0
ID141232,45,male,urban,premium,yes,1,1,0,0,0
ID141233,36,female,urban,premium,always,0,0,0,0,0
ID141234,67,male,urban,free,yes,0,0,0,0,0
ID141235,35,male,urban,premium,yes,0,0,0,0,0
ID141236,27,male,rural,free,never,0,1,0,0,19
ID141237,64,male,rural,free,never,0,0,0,0,0
ID141238,34,female,urban,free,never,1,1,47,47,47
ID141239,49,male,urban,free,never,12,12,0,0,0
ID141240,24,female,rural,premium,never,2,2,0,0,0
ID141241,59,male,urban,free,never,0,0,0,0,0
ID141242,43,male,urban,premium,yes,0,0,0,0,0
ID141243,72,female,rural,premium,never,4,8,0,0,158
ID141244,36,female,rural,premium,never,10,10,0,0,0
ID141245,45,male,rural,premium,yes,6,6,0,0,0
ID141246,55,female,urban,free,never,0,0,0,0,0
ID141247,47,male,urban,free,never,0,4,0,0,134
ID141248,56,female,urban,free,never,0,0,0,0,12
ID141249,71,male,urban,free,yes,5,5,0,0,0
ID141250,21,male,urban,premium,never,8,8,0,0,47
ID141251,78,male,rural,free,yes,0,0,0,0,0
ID141252,50,male,urban,free,never,0,3,0,49,49
ID141253,58,male,urban,premium,never,0,0,0,0,0
ID141254,29,female,urban,premium,yes,0,4,0,0,0
ID141255,41,male,urban,free,never,0,0,0,0,0
ID141256,35,female,urban,free,never,0,0,0,0,0
ID141257,22,female,urban,premium,never,0,4,0,0,0
ID141258,51,female,urban,free,never,0,0,0,0,0
ID141259,42,female,urban,free,never,0,1,0,259,259
ID141260,58,male,rural,free,never,0,0,0,0,0
ID141261,19,male,urban,premium,never,3,3,0,0,0
ID141262,51,male,urban,free,never,0,0,0,0,139
ID141263,28,male,urban,premium,yes,0,0,0,0,0
ID141264,18,female,urban,premium,never,0,1,0,0,0
ID141265,50,female,rural,free,yes,0,2,0,0,0
ID141266,22,female,urban,free,never,0,6,0,0,227
ID141267,75,female,rural,free,always,0,0,0,0,65
ID141268,28,male,rural,premium,yes,0,2,0,0,86
ID141269,34,female,urban,premium,never,0,0,0,0,0
ID141270,20,male,urban,free,never,0,9,0,0,0
ID141271,53,female,urban,premium,yes,0,0,0,0,139
ID141272,41,female,urban,free,never,0,0,0,0,0
ID141273,49,male,urban,free,never,0,0,0,0,55
ID141274,42,female,rural,free,always,0,6,0,172,172
ID141275,77,female,urban,premium,yes,6,6,0,0,0
ID141276,46,female,urban,premium,never,17,20,0,0,0
ID141277,70,male,urban,free,never,14,28,0,0,0
ID141278,52,male,urban,premium,yes,0,9,0,0,0
ID141279,86,female,rural,free,never,0,0,0,0,17
ID141280,71,male,urban,free,never,0,5,0,76,76
ID141281,18,male,urban,free,never,0,1,0,0,0
ID141282,62,female,rural,free,yes,0,0,0,0,0
ID141283,22,female,urban,free,always,8,8,0,0,0
ID141284,48,male,urban,free,yes,0,6,0,0,0
ID141285,45,male,urban,free,never,4,4,0,0,0
ID141286,36,male,urban,premium,yes,0,0,0,0,0
ID141287,26,male,urban,premium,never,0,4,0,0,0
ID141288,44,male,rural,free,never,11,19,0,135,135
ID141289,45,male,urban,premium,yes,4,4,0,0,0
ID141290,71,male,urban,free,never,0,5,0,0,0
ID141291,43,female,urban,premium,never,0,0,0,0,0
ID141292,64,male,urban,free,never,0,2,0,12,12
ID141293,52,female,urban,free,never,0,0,0,0,0
ID141294,80,female,urban,free,yes,14,14,0,0,55
ID141295,25,male,urban,free,never,0,0,0,0,0
ID141296,55,male,urban,free,yes,0,0,0,0,0
ID141297,30,female,rural,free,yes,0,0,0,0,0
ID141298,57,female,rural,free,yes,0,5,0,119,119
ID141299,72,female,urban,free,never,0,5,0,65,65
ID141300,19,male,urban,free,never,0,0,0,0,0
ID141301,61,male,urban,free,never,0,5,0,0,104
ID141302,20,female,urban,free,yes,0,2,0,11,11
ID141303,69,male,rural,premium,never,5,5,0,0,0
ID141304,23,male,urban,premium,yes,0,0,0,0,0
ID141305,20,female,rural,free,never,0,6,0,214,214
ID141306,46,male,urban,free,never,0,0,0,0,0
ID141307,51,male,urban,free,always,0,7,0,15,15
ID141308,25,male,rural,free,yes,0,0,0,0,0
ID141309,47,male,urban,premium,always,0,0,0,0,258
ID141310,55,female,rural,premium,yes,5,5,0,0,0
ID141311,59,female,rural,free,never,0,0,0,0,0
ID141312,31,female,urban,free,never,0,0,0,0,0
ID141313,48,male,urban,free,yes,0,8,0,81,81
ID141314,44,female,rural,free,yes,3,3,0,0,0
ID141315,66,female,rural,free,never,0,0,0,0,0
ID141316,20,male,urban,premium,never,0,0,0,0,0
ID141317,66,male,urban,free,yes,0,0,0,0,0
ID141318,76,male,urban,free,never,10,10,0,0,0
ID141319,70,male,urban,free,never,0,0,0,0,0
ID141320,56,male,urban,free,never,0,0,0,0,0
ID141321,73,male,rural,free,never,4,4,7,7,7
ID141322,28,female,rural,premium,yes,0,0,0,0,0
ID141323,32,female,urban,free,yes,0,0,0,0,0
ID141324,42,male,urban,premium,yes,1,4,0,0,0
ID141325,33,male,urban,free,never,0,0,0,0,0
ID141326,43,male,urban,free,never,10,10,0,0,0
ID141327,30,male,urban,free,never,0,10,0,196,196
ID141328,38,male,rural,free,yes,0,0,0,0,0
ID141329,74,female,urban,premium,never,0,4,0,0,0
ID141330,76,female,urban,free,never,0,0,0,0,0
ID141331,18,male,urban,free,yes,0,0,0,0,0
ID141332,73,female,urban,premium,never,0,7,0,0,0
ID141333,52,male,urban,free,yes,0,0,0,0,0
ID141334,55,female,urban,free,never,0,0,0,0,0
ID141335,26,female,urban,premium,yes,0,0,0,0,0
ID141336,75,male,urban,premium,always,0,0,0,0,0
ID141337,44,male,urban,free,never,12,12,0,0,235
ID141338,71,female,rural,free,never,0,0,0,0,0
ID141339,48,female,urban,free,never,0,0,0,0,0
ID141340,51,female,urban,free,never,0,0,0,0,0
ID141341,83,male,urban,free,never,7,7,0,0,0
ID141342,79,male,rural,free,never,0,10,0,0,203
ID141343,31,male,urban,free,yes,9,19,0,0,81
ID141344,74,male,rural,free,never,0,9,0,0,0
ID141345,29,male,urban,free,never,0,3,0,117,117
ID141346,19,male,rural,free,never,0,0,0,0,0
ID141347,75,female,urban,premium,never,0,2,0,0,0
ID141348,59,female,rural,premium,never,0,0,0,0,0
ID141349,61,female,rural,free,yes,0,3,0,0,0
ID141350,64,male,urban,free,yes,0,0,0,0,0
ID141351,50,male,urban,free,never,0,0,0,0,0
ID141352,53,female,rural,free,never,0,0,0,0,0
ID141353,71,male,urban,free,yes,0,0,0,0,0
ID141354,51,female,urban,free,yes,0,4,0,0,0
ID141355,52,female,urban,premium,yes,0,0,0,0,0
ID141356,31,female,urban,free,never,0,4,0,0,0
ID141357,26,female,urban,free,yes,0,13,0,58,58
ID141358,90,male,urban,free,yes,5,5,0,0,0
ID141359,25,male,urban,free,never,0,3,0,0,0
ID141360,57,female,urban,free,yes,7,7,0,0,0
ID141361,69,male,urban,free,never,0,0,0,0,40
ID141362,24,male,urban,premium,never,0,0,0,0,0
ID141363,35,male,urban,premium,never,0,0,0,0,99
ID141364,23,male,urban,premium,never,0,5,0,18,18
ID141365,51,male,urban,free,always,2,2,0,0,0
ID141366,56,female,rural,free,never,0,3,0,0,0
ID141367,57,male,rural,premium,yes,0,0,0,0,0
ID141368,38,female,urban,premium,never,0,4,0,0,0
ID141369,28,female,urban,free,never,0,9,0,0,0
ID141370,53,male,urban,free,yes,0,0,0,0,0
ID141371,81,male,urban,free,never,5,5,0,0,0
ID141372,29,male,urban,free,yes,11,11,0,0,0
ID141373,61,male,urban,premium,yes,0,0,0,0,0
ID141374,91,female,rural,free,never,0,0,0,0,0
ID141375,37,female,urban,premium,never,0,2,0,0,0
ID141376,37,male,urban,free,yes,0,0,0,0,0
ID141377,55,male,urban,free,never,0,3,0,126,126
ID141378,39,male,rural,free,never,0,0,0,0,0
ID141379,66,female,urban,free,never,0,2,0,0,0
ID141380,42,female,urban,free,never,0,2,0,40,40
ID141381,36,male,urban,free,never,0,3,0,0,0
ID141382,17,male,urban,premium,yes,0,4,0,0,0
ID141383,42,male,rural,free,yes,0,2,0,0,35
ID141384,44,male,rural,free,never,0,3,0,0,0
ID141385,69,male,urban,free,yes,8,8,1,1,1
ID141386,33,female,urban,free,never,3,3,0,0,0
ID141387,56,male,urban,free,yes,0,3,0,0,0
ID141388,46,male,urban,free,never,16,16,0,0,0
ID141389,51,male,urban,premium,never,0,0,0,0,0
ID141390,20,male,urban,free,yes,0,0,0,0,0
ID141391,75,male,urban,premium,yes,0,0,0,0,138
ID141392,39,male,urban,premium,never,4,4,0,0,129
ID141393,56,male,rural,free,yes,0,3,0,0,0
ID141394,54,male,urban,premium,yes,0,0,0,0,0
ID141395,17,female,urban,free,yes,5,13,3,3,3
ID141396,56,male,urban,free,yes,0,0,0,0,0
ID141397,52,male,urban,free,never,0,0,0,0,0
ID141398,52,female,urban,free,never,0,0,0,0,0
ID141399,47,male,urban,free,yes,10,10,0,0,78
ID141400,19,male,rural,free,never,0,2,0,271,271
ID141401,46,female,urban,free,yes,0,1,0,0,0
ID141402,44,female,urban,premium,yes,0,1,0,165,295
ID141403,45,female,rural,free,yes,0,4,0,160,160
ID141404,38,male,urban,premium,never,0,0,0,0,0
ID141405,40,male,urban,free,never,0,1,0,0,0
ID141406,19,female,urban,free,never,0,0,0,0,0
ID141407,66,male,urban,free,yes,0,1,0,229,229
ID141408,65,male,urban,free,never,0,0,0,0,0
ID141409,59,female,urban,free,never,0,0,0,0,0
ID141410,47,male,rural,premium,never,0,0,0,0,0
ID141411,52,male,urban,free,never,0,1,0,0,0
ID141412,23,female,urban,free,yes,8,8,0,0,0
ID141413,56,female,urban,free,yes,0,0,0,0,0
ID141414,59,female,rural,free,yes,0,0,0,0,0
ID141415,49,male,urban,premium,never,0,0,0,0,0
ID141416,41,male,rural,premium,yes,11,11,0,0,0
ID141417,32,male,urban,free,yes,0,3,0,83,83
ID141418,62,male,rural,premium,never,0,0,0,0,0
ID141419,17,female,urban,free,never,0,5,0,170,170
ID141420,30,female,urban,free,never,0,0,0,0,0
ID141421,25,female,urban,free,never,0,0,0,0,0
ID141422,52,female,urban,free,never,0,5,0,0,0
ID141423,61,female,rural,free,never,0,0,0,0,0
ID141424,43,male,rural,free,never,0,0,0,0,0
ID141425,31,male,urban,free,yes,0,0,0,0,0
ID141426,40,female,urban,free,never,5,5,0,0,99
ID141427,17,female,urban,free,never,5,30,56,75,337
ID141428,19,female,urban,free,never,0,0,0,0,0
ID141429,35,male,urban,premium,yes,6,6,0,0,0
ID141430,52,male,urban,free,never,0,3,0,0,0
ID141431,44,female,urban,premium,never,0,0,0,0,0
ID141432,26,female,urban,free,never,15,15,180,180,180
ID141433,32,female,urban,free,yes,0,0,0,0,0
ID141434,52,female,rural,free,yes,0,0,0,0,0
ID141435,26,female,urban,free,never,0,1,0,0,0
ID141436,65,female,urban,free,yes,0,0,0,0,0
ID141437,71,female,rural,free,never,0,7,0,256,341
ID141438,79,male,urban,free,never,0,4,0,0,0
ID141439,59,female,urban,free,yes,6,6,0,0,0
ID141440,50,male,urban,free,never,13,33,0,150,150
ID141441,39,female,urban,free,yes,0,0,0,0,0
ID141442,23,male,urban,free,never,0,0,0,0,71
ID141443,49,male,urban,free,never,0,0,0,0,0
ID141444,21,female,urban,premium,never,14,17,176,176,176
ID141445,59,female,rural,premium,never,0,0,0,0,0
ID141446,20,female,urban,free,never,0,7,0,0,0
ID141447,17,female,urban,free,yes,0,5,0,0,253
ID141448,50,female,urban,free,never,0,5,0,0,0
ID141449,36,female,urban,free,never,0,0,0,0,186
ID141450,76,male,urban,free,never,0,4,0,0,0
ID141451,28,male,rural,free,yes,0,0,0,0,0
ID141452,21,male,rural,premium,never,19,19,0,0,0
ID141453,18,male,urban,free,never,0,0,0,0,217
ID141454,23,female,urban,free,never,0,0,0,0,0
ID141455,43,male,urban,premium,never,0,0,0,0,0
ID141456,59,female,urban,free,never,0,7,0,17,146
ID141457,35,male,rural,premium,yes,10,10,0,0,147
ID141458,18,female,urban,free,never,13,13,0,0,0
ID141459,53,male,urban,free,never,0,3,0,0,0
ID141460,34,male,urban,free,never,0,0,0,0,0
ID141461,19,male,rural,free,yes,0,7,0,0,0
ID141462,49,female,urban,premium,never,5,5,115,115,303
ID141463,22,male,rural,free,yes,0,2,0,0,0
ID141464,80,male,urban,free,yes,0,0,0,0,0
ID141465,39,male,urban,free,never,0,5,0,166,166
ID141466,39,male,urban,free,never,0,0,0,0,19
ID141467,35,female,rural,free,never,0,0,0,0,43
ID141468,50,female,urban,free,never,0,0,0,0,125
ID141469,17,male,urban,free,always,0,2,0,0,0
ID141470,22,male,urban,free,never,0,3,0,0,92
ID141471,43,male,urban,free,yes,0,2,0,0,0
ID141472,86,female,urban,free,yes,0,0,0,0,0
ID141473,31,female,urban,free,never,0,0,0,0,0
ID141474,35,female,urban,premium,always,0,0,0,0,0
ID141475,34,male,urban,free,never,0,0,0,0,0
ID141476,23,male,rural,premium,never,0,6,0,0,0
ID141477,55,male,urban,free,never,0,0,0,0,0
ID141478,29,male,urban,free,yes,2,2,0,0,0
ID141479,72,female,urban,free,yes,7,7,0,0,72
ID141480,63,male,urban,free,yes,14,14,247,247,247
ID141481,58,male,urban,premium,never,0,0,0,0,131
ID141482,44,male,urban,free,never,14,14,0,0,0
ID141483,46,male,urban,free,never,0,4,0,0,0
ID141484,67,female,rural,premium,yes,0,2,0,0,0
ID141485,73,female,urban,free,never,0,0,0,0,0
ID141486,69,female,urban,free,yes,0,1,0,0,0
ID141487,31,female,urban,free,never,0,4,0,16,16
ID141488,41,male,urban,free,never,0,0,0,0,0
ID141489,36,female,urban,free,never,0,1,0,0,0
ID141490,55,male,urban,free,never,9,9,0,0,0
ID141491,29,male,urban,free,never,0,0,0,0,0
ID141492,34,female,rural,free,yes,0,0,0,0,0
ID141493,74,female,urban,free,yes,0,0,0,0,0
ID141494,41,male,urban,free,never,0,0,0,0,108
ID141495,64,male,rural,free,never,0,0,0,0,0
ID141496,68,male,urban,free,never,0,0,0,0,0
ID141497,84,female,urban,free,yes,0,0,0,0,0
ID141498,26,female,urban,free,yes,0,2,0,0,0
ID141499,50,male,urban,free,never,0,0,0,0,0
ID141500,32,male,urban,free,never,0,0,0,0,0
ID141501,75,male,urban,free,yes,5,5,0,0,0
ID141502,65,female,urban,free,never,0,0,0,0,0
ID141503,71,female,urban,free,never,3,3,132,132,233
ID141504,18,male,urban,free,never,0,0,0,0,0
ID141505,79,female,urban,free,yes,0,0,0,0,11
ID141506,67,female,urban,free,yes,0,5,0,236,236
ID141507,89,male,rural,free,never,0,0,0,0,0
ID141508,22,male,urban,free,yes,0,7,0,0,0
ID141509,36,female,urban,free,yes,0,0,0,0,0
ID141510,51,male,urban,free,never,0,0,0,0,90
ID141511,24,male,urban,free,never,0,0,0,0,72
ID141512,43,male,urban,free,yes,0,11,0,0,0
ID141513,44,female,urban,free,never,0,7,0,197,197
ID141514,22,female,urban,free,yes,0,0,0,0,0
ID141515,30,male,urban,premium,never,0,0,0,0,0
ID141516,35,male,urban,free,never,1,1,0,0,0
ID141517,76,female,urban,free,never,0,3,0,0,0
ID141518,21,male,urban,free,never,0,5,0,0,0
ID141519,64,male,urban,free,never,15,15,0,0,0
ID141520,37,female,urban,free,never,7,7,0,0,0
ID141521,32,male,urban,free,yes,0,0,0,0,0
ID141522,24,female,urban,premium,yes,0,3,0,0,3
ID141523,72,male,urban,free,never,7,7,0,0,0
ID141524,54,male,rural,free,never,0,0,0,0,0
ID141525,20,male,rural,free,never,0,6,0,230,230
ID141526,91,male,urban,free,yes,0,0,0,0,0
ID141527,51,male,urban,premium,never,0,1,0,0,0
ID141528,26,male,urban,free,never,0,4,0,1,127
ID141529,81,male,urban,premium,never,0,0,0,0,0
ID141530,27,female,urban,free,never,0,0,0,0,0
ID141531,43,male,urban,free,yes,7,33,0,0,0
ID141532,31,male,rural,free,never,0,0,0,0,0
ID141533,55,female,urban,free,never,0,1,0,0,0
ID141534,65,male,urban,free,yes,0,0,0,0,0
ID141535,56,female,urban,free,never,0,0,0,0,0
ID141536,27,male,urban,free,never,0,0,0,0,0
ID141537,38,female,urban,free,yes,0,2,0,0,0
ID141538,53,female,rural,premium,never,0,0,0,0,0
ID141539,36,male,urban,free,never,0,0,0,0,0
ID141540,78,female,urban,free,never,0,0,0,0,0
ID141541,31,male,urban,free,yes,0,0,0,0,0
ID141542,44,male,rural,free,never,16,16,0,0,0
ID141543,21,male,rural,premium,never,0,12,0,0,0
ID141544,17,male,urban,free,never,0,9,0,0,0
ID141545,82,male,urban,premium,never,0,6,0,0,0
ID141546,67,female,urban,free,never,8,8,0,0,0
ID141547,24,male,rural,free,yes,14,17,160,160,160
ID141548,78,male,urban,premium,yes,0,0,0,0,0
ID141549,58,female,urban,premium,yes,0,0,0,0,0
ID141550,19,male,urban,free,yes,0,3,0,0,0
ID141551,44,female,rural,free,never,0,9,0,110,110
ID141552,34,female,rural,premium,never,0,7,0,0,7
ID141553,32,male,rural,free,never,0,0,0,0,0
ID141554,72,male,urban,premium,never,0,4,0,0,0
ID141555,30,female,urban,free,yes,0,8,0,0,0
ID141556,71,female,rural,free,never,0,0,0,0,0
ID141557,75,male,urban,premium,never,0,0,0,0,0
ID141558,55,male,urban,free,yes,1,1,0,0,168
ID141559,29,male,urban,free,yes,0,0,0,0,0
ID141560,31,female,urban,free,never,5,5,0,0,0
ID141561,70,female,urban,free,never,8,8,0,0,0
ID141562,22,male,urban,free,yes,19,19,0,0,0
ID141563,44,male,urban,free,always,0,0,0,0,215
ID141564,47,female,urban,free,never,11,11,0,0,0
ID141565,46,female,urban,free,yes,2,2,0,0,0
ID141566,28,male,urban,free,never,0,0,0,0,0
ID141567,35,female,urban,free,yes,4,4,0,0,0
ID141568,79,female,urban,premium,yes,0,0,0,0,0
ID141569,42,male,urban,free,never,13,13,0,0,22
ID141570,49,female,urban,free,yes,0,5,0,0,0
ID141571,81,female,urban,free,never,0,0,0,0,0
ID141572,25,female,urban,premium,yes,6,6,0,0,0
ID141573,64,female,rural,free,never,0,0,0,0,0
ID141574,42,male,urban,free,always,0,1,0,51,63
ID141575,60,male,urban,free,never,0,0,0,0,0
ID141576,88,female,urban,premium,never,0,0,0,0,50
ID141577,52,female,rural,free,yes,0,13,0,21,21
ID141578,66,male,urban,free,never,0,7,0,140,140
ID141579,57,female,urban,free,yes,0,0,0,0,0
ID141580,37,male,urban,free,yes,0,9,0,0,0
ID141581,88,male,rural,free,yes,0,3,0,0,0
ID141582,46,male,urban,free,yes,13,31,0,0,0
ID141583,33,male,urban,free,always,0,0,0,0,20
ID141584,48,male,urban,free,never,0,0,0,0,0
ID141585,24,male,urban,free,never,0,0,0,0,0
ID141586,21,female,urban,free,yes,7,7,101,101,101
ID141587,44,male,urban,free,never,0,0,0,0,0
ID141588,41,male,urban,free,never,0,8,0,37,37
ID141589,22,male,urban,premium,never,0,0,0,0,0
ID141590,61,male,urban,free,yes,1,14,0,0,0
ID141591,63,male,urban,free,never,0,0,0,0,0
ID141592,33,female,urban,free,never,3,3,109,109,109
ID141593,59,male,urban,free,never,13,13,0,0,0
ID141594,18,male,urban,free,never,10,10,0,0,0
ID141595,58,male,urban,free,never,0,0,0,0,0
ID141596,28,male,urban,free,yes,0,5,0,0,0
ID141597,37,female,rural,premium,yes,11,11,161,161,161
ID141598,57,female,urban,free,never,0,4,0,0,0
ID141599,36,female,rural,free,never,0,5,0,0,0
ID141600,90,female,rural,free,yes,0,2,0,83,83
ID141601,23,male,urban,free,yes,0,0,0,0,0
ID141602,36,female,urban,free,never,0,0,0,0,189
ID141603,31,male,urban,free,yes,0,0,0,0,136
ID141604,33,female,rural,free,yes,0,0,0,0,0
ID141605,47,female,urban,free,never,0,0,0,0,0
ID141606,57,male,rural,premium,never,0,1,0,0,0
ID141607,35,male,urban,premium,yes,0,0,0,0,69
ID141608,30,male,urban,free,never,0,0,0,0,0
ID141609,26,female,urban,free,yes,0,0,0,0,0
ID141610,42,male,rural,premium,yes,0,4,0,0,0
ID141611,34,female,urban,free,always,0,5,0,0,0
ID141612,38,male,urban,free,yes,0,0,0,0,56
ID141613,20,female,urban,premium,never,1,20,0,0,0
ID141614,52,female,urban,premium,yes,0,4,0,259,259
ID141615,33,female,urban,free,never,0,0,0,0,0
ID141616,47,male,rural,premium,never,0,2,0,0,0
ID141617,41,female,urban,free,yes,0,0,0,0,0
ID141618,47,male,urban,free,never,0,4,0,115,115
ID141619,23,female,urban,premium,never,0,0,0,0,0
ID141620,24,male,urban,free,never,0,0,0,0,0
ID141621,55,female,urban,premium,yes,0,6,0,0,0
ID141622,19,female,rural,free,never,2,2,0,0,114
ID141623,71,female,urban,free,never,0,4,0,0,0
ID141624,78,female,urban,free,never,0,0,0,0,90
ID141625,49,male,urban,free,yes,0,0,0,0,0
ID141626,23,female,urban,premium,always,0,0,0,0,0
ID141627,24,male,urban,free,yes,0,3,0,51,51
ID141628,36,female,urban,free,yes,0,0,0,0,0
ID141629,85,male,urban,free,always,0,0,0,0,0
ID141630,36,female,urban,free,always,15,15,0,0,0
ID141631,53,female,urban,free,never,0,3,0,0,0
ID141632,34,female,urban,free,always,0,0,0,0,0
ID141633,84,male,urban,free,yes,0,3,0,96,96
ID141634,25,male,urban,free,never,0,0,0,0,0
ID141635,20,male,urban,premium,never,0,0,0,0,0
ID141636,47,male,urban,free,never,8,8,0,0,0
ID141637,33,female,urban,free,never,0,5,0,0,0
ID141638,23,male,urban,premium,never,0,2,0,0,41
ID141639,61,male,urban,free,never,0,0,0,0,0
ID141640,71,female,rural,free,yes,0,3,0,51,51
ID141641,40,male,urban,free,yes,0,0,0,0,0
ID141642,58,male,urban,free,never,0,3,0,155,405
ID141643,53,female,urban,free,yes,6,6,0,0,170
ID141644,25,male,urban,free,never,0,0,0,0,0
ID141645,30,female,urban,free,always,0,4,0,0,16
ID141646,28,male,rural,free,never,0,6,0,112,112
ID141647,46,female,urban,premium,yes,0,0,0,0,0
ID141648,56,male,urban,premium,never,0,4,0,126,126
ID141649,56,female,urban,premium,never,0,0,0,0,0
ID141650,46,female,urban,free,never,0,0,0,0,0
ID141651,56,male,urban,premium,never,0,3,0,0,0
ID141652,32,male,urban,free,yes,0,0,0,0,0
ID141653,75,male,rural,free,never,5,5,0,0,0
ID141654,79,male,urban,free,never,0,0,0,0,0
ID141655,29,female,urban,free,never,1,1,0,0,0
ID141656,36,female,urban,free,never,0,0,0,0,0
ID141657,17,male,rural,free,yes,0,0,0,0,0
ID141658,46,male,urban,free,yes,0,0,0,0,0
ID141659,65,male,urban,free,never,0,0,0,0,0
ID141660,38,female,urban,free,yes,0,0,0,0,0
ID141661,84,male,urban,free,never,0,0,0,0,0
ID141662,38,male,rural,free,never,0,0,0,0,0
ID141663,60,male,urban,free,never,0,0,0,0,0
ID141664,38,male,urban,free,yes,0,0,0,0,0
ID141665,46,male,urban,free,never,0,0,0,0,0
ID141666,20,female,rural,free,never,0,0,0,0,0
ID141667,55,female,urban,premium,yes,0,0,0,0,92
ID141668,28,female,urban,free,always,0,6,0,0,0
ID141669,31,female,urban,free,yes,0,0,0,0,0
ID141670,33,female,urban,premium,never,0,0,0,0,0
ID141671,49,male,urban,premium,yes,0,0,0,0,0
ID141672,20,female,rural,premium,yes,0,5,0,153,153
ID141673,67,male,rural,free,always,8,10,198,198,198
ID141674,88,female,urban,premium,yes,0,0,0,0,73
ID141675,19,female,urban,free,never,0,0,0,0,0
ID141676,27,male,rural,free,yes,0,3,0,114,114
ID141677,52,female,urban,free,never,0,6,0,60,60
ID141678,49,male,urban,free,never,0,2,0,0,0
ID141679,50,male,rural,free,never,0,0,0,0,0
ID141680,73,male,urban,free,yes,15,15,0,0,0
ID141681,38,female,urban,free,yes,0,0,0,0,148
ID141682,25,female,rural,premium,never,0,0,0,0,0
ID141683,55,male,rural,free,always,0,0,0,0,106
ID141684,69,female,urban,free,yes,0,0,0,0,0
ID141685,31,male,urban,free,yes,0,5,0,0,0
ID141686,37,male,urban,free,never,0,0,0,0,64
ID141687,67,male,urban,free,yes,0,3,0,216,216
ID141688,69,male,urban,free,never,0,0,0,0,67
ID141689,42,female,urban,free,yes,4,4,0,0,0
ID141690,89,female,urban,free,never,0,0,0,0,0
ID141691,50,male,urban,premium,never,0,0,0,0,0
ID141692,52,male,urban,premium,yes,0,3,0,0,0
ID141693,29,male,urban,free,never,9,29,0,0,0
ID141694,63,female,urban,free,never,0,0,0,0,0
ID141695,30,male,urban,free,yes,10,10,0,0,199
ID141696,87,female,urban,free,yes,0,3,0,0,117
ID141697,46,male,urban,free,yes,0,0,0,0,0
ID141698,75,female,urban,free,never,0,0,0,0,0
ID141699,70,male,rural,free,never,0,0,0,0,120
ID141700,60,male,urban,premium,never,0,0,0,0,0
ID141701,42,female,urban,free,never,5,5,0,0,0
ID141702,48,female,urban,free,yes,0,0,0,0,0
ID141703,41,male,rural,premium,never,0,0,0,0,0
ID141704,34,male,urban,free,never,0,0,0,0,44
ID141705,20,female,urban,premium,yes,0,0,0,0,0
ID141706,60,male,urban,premium,never,0,1,0,1,1
ID141707,45,male,urban,free,yes,0,7,0,0,0
ID141708,55,male,urban,free,never,0,0,0,0,42
ID141709,47,male,urban,free,never,0,0,0,0,0
ID141710,24,male,rural,free,yes,3,18,0,0,0
ID141711,43,male,rural,free,yes,12,18,0,0,0
ID141712,44,female,urban,free,always,0,0,0,0,0
ID141713,27,female,urban,premium,yes,11,11,0,0,0
ID141714,34,male,rural,free,never,0,0,0,0,0
ID141715,87,male,urban,free,yes,0,5,0,8,8
ID141716,50,male,rural,free,never,0,0,0,0,0
ID141717,37,female,urban,free,never,0,1,0,0,0
ID141718,24,male,urban,free,never,0,0,0,0,89
ID141719,47,female,urban,free,yes,0,0,0,0,0
ID141720,45,female,urban,free,always,0,0,0,0,0
ID141721,70,female,rural,free,never,9,9,0,0,0
ID141722,21,male,rural,premium,yes,2,2,0,0,137
ID141723,36,male,urban,free,yes,0,11,0,210,210
ID141724,58,female,urban,free,always,0,6,0,0,0
ID141725,46,male,rural,premium,yes,0,0,0,0,0
ID141726,46,female,urban,free,always,4,4,0,0,258
ID141727,78,male,urban,free,yes,2,2,21,21,21
ID141728,67,male,rural,free,yes,0,0,0,0,0
ID141729,39,female,urban,free,yes,12,12,0,0,0
ID141730,79,male,urban,free,never,5,5,85,85,85
ID141731,59,female,rural,free,never,0,0,0,0,0
ID141732,48,male,urban,premium,never,0,3,0,0,71
ID141733,27,male,urban,free,never,0,7,0,340,757
ID141734,74,female,urban,free,never,4,4,0,0,55
ID141735,52,male,urban,free,never,0,0,0,0,0
ID141736,82,male,urban,free,never,0,0,0,0,0
ID141737,49,female,urban,premium,never,0,3,0,83,83
ID141738,49,male,urban,free,never,0,2,0,75,81
ID141739,27,female,urban,free,yes,0,6,0,0,0
ID141740,67,male,rural,free,never,0,4,0,0,0
ID141741,30,male,urban,free,yes,0,0,0,0,0
ID141742,31,female,urban,free,never,0,2,0,0,0
ID141743,74,female,urban,free,yes,0,9,0,36,36
ID141744,38,male,rural,free,never,0,0,0,0,75
ID141745,27,male,rural,free,never,10,10,0,0,0
ID141746,66,female,urban,free,never,12,12,0,0,0
ID141747,48,male,urban,free,never,0,0,0,0,0
ID141748,28,male,rural,free,never,4,4,0,0,21
ID141749,40,female,urban,free,never,0,9,0,42,42
ID141750,44,female,urban,free,never,2,2,90,90,90
ID141751,33,male,urban,free,yes,1,1,0,0,108
ID141752,45,male,urban,free,never,0,0,0,0,0
ID141753,53,male,urban,free,never,7,22,0,0,0
ID141754,61,male,urban,free,never,0,0,0,0,0
ID141755,21,male,urban,free,never,0,0,0,0,0
ID141756,36,female,urban,free,never,0,3,0,129,129
ID141757,65,male,urban,free,never,0,0,0,0,0
ID141758,26,male,urban,free,yes,0,0,0,0,0
ID141759,61,male,urban,free,always,0,0,0,0,0
ID141760,31,female,rural,free,yes,0,5,0,38,38
ID141761,91,female,urban,free,never,0,4,0,126,126
ID141762,40,male,urban,free,never,4,27,0,256,463
ID141763,62,male,urban,free,never,2,2,167,167,239
ID141764,58,female,urban,free,never,0,0,0,0,0
ID141765,51,male,urban,free,yes,0,0,0,0,0
ID141766,52,female,urban,free,never,0,5,0,0,0
ID141767,48,female,urban,free,never,0,0,0,0,0
ID141768,50,male,urban,free,never,4,4,0,0,0
ID141769,23,male,urban,premium,never,0,0,0,0,0
ID141770,58,male,urban,free,yes,0,0,0,0,0
ID141771,57,female,urban,free,never,0,8,0,5,5
ID141772,39,female,rural,free,yes,0,12,0,113,113
ID141773,33,female,urban,free,never,0,0,0,0,0
ID141774,55,male,urban,free,yes,0,5,0,0,0
ID141775,55,male,urban,free,always,0,5,0,0,0
ID141776,44,female,urban,free,yes,0,0,0,0,0
ID141777,62,female,urban,free,never,0,0,0,0,48
ID141778,59,male,urban,free,yes,4,4,0,0,0
ID141779,32,female,urban,premium,never,0,5,0,3,3
ID141780,47,female,urban,premium,yes,0,0,0,0,0
ID141781,74,male,urban,free,yes,0,0,0,0,0
ID141782,32,male,urban,premium,never,0,0,0,0,0
ID141783,44,female,rural,premium,never,19,23,0,0,0
ID141784,40,male,urban,premium,yes,0,0,0,0,0
ID141785,67,female,rural,premium,never,0,0,0,0,0
ID141786,45,female,rural,free,yes,0,7,0,0,0
ID141787,17,male,rural,premium,never,10,10,0,0,0
ID141788,51,male,urban,free,yes,20,20,0,0,0
ID141789,60,male,urban,free,never,8,18,82,106,106
ID141790,43,male,urban,premium,yes,2,5,0,0,0
ID141791,43,male,rural,free,never,0,0,0,0,0
ID141792,18,male,rural,free,never,0,0,0,0,0
ID141793,76,male,urban,free,never,7,7,0,0,0
ID141794,47,female,urban,free,never,0,0,0,0,0
ID141795,30,male,urban,free,never,0,0,0,0,0
ID141796,34,male,urban,free,never,0,1,0,139,139
ID141797,28,female,urban,free,never,0,5,0,11,11
ID141798,46,female,urban,free,never,0,0,0,0,0
ID141799,69,female,rural,free,never,0,0,0,0,0
ID141800,47,male,rural,free,never,12,12,0,0,0
ID141801,17,male,urban,free,never,0,0,0,0,0
ID141802,43,male,urban,premium,never,0,0,0,0,0
ID141803,51,male,urban,premium,never,0,0,0,0,199
ID141804,44,female,rural,free,yes,5,5,0,0,0
ID141805,20,male,urban,free,never,0,0,0,0,0
ID141806,28,male,urban,free,always,0,3,0,0,0
ID141807,62,female,urban,free,never,0,0,0,0,0
ID141808,27,male,urban,free,never,0,0,0,0,0
ID141809,17,male,urban,free,yes,0,0,0,0,0
ID141810,57,female,urban,free,never,0,8,0,296,470
ID141811,27,female,urban,free,never,6,6,0,0,0
ID141812,41,male,urban,premium,yes,0,0,0,0,0
ID141813,43,male,urban,free,never,0,2,0,0,0
ID141814,38,male,urban,free,yes,5,5,46,46,46
ID141815,58,male,urban,free,never,0,2,0,103,103
ID141816,22,female,urban,premium,yes,0,4,0,0,0
ID141817,27,female,urban,free,never,0,6,0,341,341
ID141818,31,female,urban,free,yes,0,6,0,0,0
ID141819,49,male,urban,free,yes,0,8,0,0,0
ID141820,48,female,rural,free,never,0,2,0,10,10
ID141821,19,female,urban,free,never,14,14,0,0,0
ID141822,37,male,urban,free,yes,0,0,0,0,0
ID141823,17,male,urban,free,never,0,4,0,0,0
ID141824,45,female,urban,free,never,0,0,0,0,0
ID141825,41,female,urban,premium,never,0,0,0,0,0
ID141826,73,male,urban,free,yes,0,1,0,217,217
ID141827,18,female,urban,free,yes,0,0,0,0,0
ID141828,38,female,urban,free,never,0,7,0,0,0
ID141829,79,female,urban,free,never,0,0,0,0,0
ID141830,45,female,urban,free,never,6,6,0,0,0
ID141831,25,male,urban,free,never,0,0,0,0,0
ID141832,33,female,rural,premium,yes,0,5,0,0,0
ID141833,37,female,urban,free,never,0,0,0,0,0
ID141834,34,female,urban,free,never,0,0,0,0,0
ID141835,57,male,urban,free,yes,0,0,0,0,0
ID141836,50,female,urban,premium,never,0,5,0,0,0
ID141837,79,male,urban,free,never,0,0,0,0,0
ID141838,44,male,urban,free,never,0,8,0,0,0
ID141839,31,male,urban,premium,never,0,0,0,0,0
ID141840,49,male,urban,premium,never,0,0,0,0,0
ID141841,68,female,urban,free,never,0,2,0,62,244
ID141842,87,male,rural,free,yes,0,4,0,0,0
ID141843,46,female,urban,premium,always,0,9,0,10,10
ID141844,76,female,urban,free,never,0,0,0,0,0
ID141845,71,female,rural,free,yes,11,11,0,0,0
ID141846,77,male,urban,free,yes,0,1,0,0,0
ID141847,69,female,urban,premium,never,0,0,0,0,0
ID141848,52,male,urban,free,never,0,0,0,0,0
ID141849,48,male,urban,premium,never,0,0,0,0,0
ID141850,60,female,urban,free,yes,0,4,0,246,246
ID141851,57,male,urban,free,yes,7,7,0,0,0
ID141852,35,female,urban,premium,never,0,1,0,0,0
ID141853,61,male,urban,free,never,0,0,0,0,0
ID141854,74,female,urban,free,yes,6,16,0,74,74
ID141855,40,male,urban,premium,yes,0,0,0,0,0
ID141856,18,male,urban,free,never,0,0,0,0,203
ID141857,32,female,urban,free,always,0,8,0,0,0
ID141858,79,female,urban,free,never,10,10,0,0,0
ID141859,83,male,urban,free,always,6,6,0,0,0
ID141860,42,male,urban,free,never,0,2,0,213,213
ID141861,47,female,urban,free,never,0,0,0,0,0
ID141862,34,male,urban,premium,never,0,0,0,0,0
ID141863,22,male,rural,free,never,0,3,0,0,0
ID141864,31,male,urban,premium,never,3,4,0,38,38
ID141865,38,male,urban,free,yes,0,0,0,0,0
ID141866,87,male,urban,free,never,0,0,0,0,0
ID141867,49,male,rural,free,never,8,8,0,0,0
ID141868,18,female,urban,free,never,1,1,0,0,0
ID141869,25,male,urban,free,never,0,0,0,0,0
ID141870,20,male,urban,free,never,0,0,0,0,0
ID141871,53,female,rural,free,always,0,3,0,73,73
ID141872,63,female,urban,free,yes,0,6,0,0,0
ID141873,79,male,urban,free,never,6,6,4,4,4
ID141874,28,male,urban,premium,yes,0,0,0,0,0
ID141875,48,male,rural,free,yes,0,2,0,0,0
ID141876,35,male,urban,free,never,0,0,0,0,210
ID141877,20,male,urban,free,never,0,0,0,0,0
ID141878,45,male,rural,premium,yes,0,0,0,0,0
ID141879,69,female,rural,free,yes,0,0,0,0,0
ID141880,38,male,urban,free,yes,0,3,0,0,0
ID141881,85,male,urban,premium,never,0,0,0,0,0
ID141882,39,male,urban,premium,yes,0,0,0,0,0
ID141883,71,male,urban,free,never,17,17,0,0,0
ID141884,46,male,urban,free,yes,11,11,0,0,0
ID141885,41,female,urban,premium,never,0,1,0,0,253
ID141886,18,male,urban,free,never,0,0,0,0,0
ID141887,40,female,urban,free,always,0,0,0,0,0
ID141888,18,female,urban,free,never,6,6,0,0,0
ID141889,33,male,urban,premium,never,0,0,0,0,107
ID141890,60,male,urban,free,never,7,7,75,75,75
ID141891,63,male,urban,premium,yes,0,4,0,0,0
ID141892,76,female,urban,premium,yes,0,3,0,0,0
ID141893,20,female,rural,free,never,0,0,0,0,0
ID141894,42,female,urban,free,yes,0,0,0,0,0
ID141895,36,male,urban,free,never,0,0,0,0,248
ID141896,44,male,urban,free,never,0,0,0,0,0
ID141897,32,female,rural,free,yes,0,0,0,0,0
ID141898,45,male,urban,free,yes,9,9,0,0,0
ID141899,19,female,urban,premium,never,0,0,0,0,0
ID141900,31,female,urban,free,yes,0,0,0,0,0
ID141901,52,female,urban,free,yes,0,0,0,0,0
ID141902,43,female,urban,free,yes,0,2,0,253,253
ID141903,39,female,urban,free,never,0,0,0,0,0
ID141904,54,male,urban,free,yes,0,0,0,0,0
ID141905,45,female,urban,free,never,8,8,0,0,132
ID141906,62,female,urban,free,never,0,1,0,0,0
ID141907,20,female,urban,premium,never,0,0,0,0,0
ID141908,49,female,urban,premium,never,0,0,0,0,0
ID141909,29,female,urban,free,never,0,0,0,0,0
ID141910,46,female,urban,free,yes,0,0,0,0,0
ID141911,29,male,rural,free,always,0,0,0,0,0
ID141912,50,male,urban,free,always,0,2,0,0,0
ID141913,54,female,urban,free,never,0,0,0,0,0
ID141914,28,female,urban,free,never,0,0,0,0,140
ID141915,26,male,urban,free,never,0,6,0,0,0
ID141916,40,male,rural,free,yes,0,11,0,31,31
ID141917,82,female,urban,free,never,0,0,0,0,124
ID141918,48,female,urban,premium,never,6,6,0,0,0
ID141919,67,male,urban,premium,never,0,0,0,0,0
ID141920,50,male,rural,free,never,0,0,0,0,0
ID141921,36,male,rural,free,never,0,0,0,0,0
ID141922,19,female,urban,free,always,0,0,0,0,0
ID141923,25,male,urban,free,never,0,0,0,0,0
ID141924,73,female,urban,premium,never,0,3,0,166,166
ID141925,29,female,urban,free,never,0,0,0,0,0
ID141926,52,female,urban,free,yes,0,6,0,0,0
ID141927,54,male,rural,free,never,0,6,0,120,120
ID141928,57,male,urban,free,never,0,0,0,0,0
ID141929,80,female,rural,free,never,8,8,0,0,0
ID141930,53,female,urban,free,never,0,0,0,0,0
ID141931,77,female,urban,free,never,0,0,0,0,0
ID141932,35,male,urban,free,never,0,0,0,0,0
ID141933,70,female,urban,free,yes,0,8,0,0,0
ID141934,66,female,rural,premium,never,5,5,112,112,112
ID141935,27,male,urban,free,yes,0,0,0,0,0
ID141936,55,male,rural,free,never,0,9,0,0,0
ID141937,24,male,rural,free,never,0,0,0,0,0
ID141938,67,male,urban,premium,yes,0,8,0,0,0
ID141939,39,male,rural,free,never,0,0,0,0,0
ID141940,58,male,urban,free,yes,0,0,0,0,0
ID141941,56,male,urban,free,never,0,9,0,0,0
ID141942,20,female,urban,free,never,0,0,0,0,116
ID141943,71,male,urban,premium,never,0,6,0,45,45
ID141944,26,male,rural,free,never,0,0,0,0,0
ID141945,51,female,urban,free,never,0,4,0,337,337
ID141946,66,male,urban,free,never,1,9,221,221,221
ID141947,63,female,rural,free,never,5,9,0,0,46
ID141948,80,male,rural,free,never,0,5,0,0,0
ID141949,52,female,urban,free,yes,0,0,0,0,156
ID141950,88,male,urban,free,never,0,5,0,0,0
ID141951,76,male,urban,free,yes,0,0,0,0,0
ID141952,20,male,rural,free,never,0,5,0,130,130
ID141953,51,male,rural,premium,never,0,8,0,0,0
ID141954,47,male,urban,free,never,0,0,0,0,144
ID141955,35,male,urban,free,never,0,0,0,0,0
ID141956,34,male,urban,premium,never,0,0,0,0,0
ID141957,25,male,rural,free,yes,9,9,0,0,0
ID141958,19,male,urban,free,yes,0,1,0,0,0
ID141959,80,male,urban,premium,always,0,3,0,0,0
ID141960,29,female,urban,free,yes,0,7,0,0,0
ID141961,66,male,urban,free,never,0,3,0,0,0
ID141962,60,female,urban,free,never,1,1,0,0,0
ID141963,18,female,urban,free,yes,0,9,0,0,0
ID141964,25,male,rural,premium,yes,6,6,0,0,0
ID141965,35,male,urban,free,never,0,0,0,0,0
ID141966,60,male,urban,free,never,0,0,0,0,0
ID141967,17,male,urban,premium,yes,3,3,0,0,0
ID141968,71,female,rural,free,never,0,4,0,0,0
ID141969,52,female,urban,free,always,1,1,0,0,0
ID141970,51,female,rural,premium,never,7,7,0,0,0
ID141971,32,male,urban,free,never,0,0,0,0,0
ID141972,35,male,urban,free,never,6,6,64,64,64
ID141973,42,male,urban,free,never,0,6,0,0,0
ID141974,21,female,rural,premium,never,0,2,0,0,0
ID141975,17,male,urban,premium,never,0,0,0,0,0
ID141976,47,female,rural,free,yes,9,9,0,0,0
ID141977,90,female,urban,free,never,0,0,0,0,89
ID141978,50,male,urban,free,never,0,0,0,0,0
ID141979,42,male,urban,free,never,0,0,0,0,0
ID141980,52,male,urban,free,never,0,3,0,16,16
ID141981,72,female,urban,free,never,0,3,0,0,0
ID141982,75,male,urban,free,never,0,2,0,0,0
ID141983,63,female,urban,free,never,0,0,0,0,0
ID141984,65,male,urban,free,yes,0,6,0,0,0
ID141985,32,male,urban,premium,yes,2,21,0,0,0
ID141986,58,female,urban,free,yes,7,7,0,0,0
ID141987,44,female,urban,free,never,0,0,0,0,0
ID141988,35,male,urban,premium,never,0,0,0,0,0
ID141989,52,female,rural,premium,yes,0,0,0,0,0
ID141990,55,male,rural,free,yes,0,12,0,0,0
ID141991,26,female,rural,free,never,0,0,0,0,0
ID141992,85,male,urban,free,always,0,0,0,0,0
ID141993,45,male,urban,free,never,0,11,0,11,11
ID141994,53,male,urban,premium,never,0,0,0,0,0
ID141995,26,male,urban,free,never,0,0,0,0,0
ID141996,51,female,urban,free,never,5,5,0,0,0
ID141997,35,male,urban,free,never,3,10,46,131,131
ID141998,81,female,rural,free,never,0,0,0,0,366
ID141999,27,male,rural,free,never,9,9,0,0,0
ID142000,19,male,rural,free,always,2,2,0,0,0
